-- phpMyAdmin SQL Dump
-- version 4.1.14
-- http://www.phpmyadmin.net
--
-- Host: 127.0.0.1
-- Generation Time: Jul 25, 2016 at 02:48 PM
-- Server version: 5.6.17
-- PHP Version: 5.5.12

SET SQL_MODE = "NO_AUTO_VALUE_ON_ZERO";
SET time_zone = "+00:00";


/*!40101 SET @OLD_CHARACTER_SET_CLIENT=@@CHARACTER_SET_CLIENT */;
/*!40101 SET @OLD_CHARACTER_SET_RESULTS=@@CHARACTER_SET_RESULTS */;
/*!40101 SET @OLD_COLLATION_CONNECTION=@@COLLATION_CONNECTION */;
/*!40101 SET NAMES utf8 */;

--
-- Database: `rowflex`
--

-- --------------------------------------------------------

--
-- Table structure for table `admin`
--

CREATE TABLE IF NOT EXISTS `admin` (
  `adminId` int(10) NOT NULL AUTO_INCREMENT,
  `name` varchar(50) NOT NULL,
  `adminType` varchar(20) NOT NULL,
  `username` varchar(50) NOT NULL,
  `password` varchar(50) NOT NULL,
  `address` text NOT NULL,
  `email` varchar(50) NOT NULL,
  `mobileNo` int(10) NOT NULL,
  `addedDate` datetime NOT NULL,
  `active` tinyint(1) NOT NULL,
  `access` varchar(200) NOT NULL,
  PRIMARY KEY (`adminId`)
) ENGINE=InnoDB  DEFAULT CHARSET=latin1 AUTO_INCREMENT=33 ;

--
-- Dumping data for table `admin`
--

INSERT INTO `admin` (`adminId`, `name`, `adminType`, `username`, `password`, `address`, `email`, `mobileNo`, `addedDate`, `active`, `access`) VALUES
(31, 'admin', 'Super Admin', '123', '123', '', '', 0, '2016-01-22 01:27:27', 1, 'Agreements,Rents,Landlord Payments,Expense,Report,In out report,Rent Details,Website Pages'),
(32, '', 'Super Admin', '222', '222', '', '', 0, '2016-03-10 11:02:54', 1, 'Agreements,Rents,Landlord Payments,Expense,Report,In out report,Rent Details,Website Pages');

-- --------------------------------------------------------

--
-- Table structure for table `alerts`
--

CREATE TABLE IF NOT EXISTS `alerts` (
  `alertsId` int(10) NOT NULL AUTO_INCREMENT,
  `memberId` int(10) NOT NULL,
  `alertType` varchar(50) COLLATE utf8_unicode_ci NOT NULL,
  `title` varchar(200) COLLATE utf8_unicode_ci NOT NULL,
  `bookedDate` datetime NOT NULL,
  `bookedBy` varchar(50) COLLATE utf8_unicode_ci NOT NULL,
  `executeBy` varchar(30) COLLATE utf8_unicode_ci NOT NULL,
  `executionDate` datetime NOT NULL,
  `duration` varchar(10) COLLATE utf8_unicode_ci NOT NULL,
  `startTime` varchar(10) COLLATE utf8_unicode_ci NOT NULL,
  `endTime` varchar(10) COLLATE utf8_unicode_ci NOT NULL,
  `appoStatus` varchar(50) COLLATE utf8_unicode_ci NOT NULL,
  `folloStatus` varchar(50) COLLATE utf8_unicode_ci NOT NULL,
  `note` varchar(200) COLLATE utf8_unicode_ci NOT NULL,
  `addedDate` datetime NOT NULL,
  `addedBy` int(10) NOT NULL,
  `modifyDate` datetime NOT NULL,
  `modifyBy` int(10) NOT NULL,
  `ampm` varchar(3) COLLATE utf8_unicode_ci NOT NULL,
  PRIMARY KEY (`alertsId`)
) ENGINE=InnoDB DEFAULT CHARSET=utf8 COLLATE=utf8_unicode_ci AUTO_INCREMENT=1 ;

-- --------------------------------------------------------

--
-- Table structure for table `appearance`
--

CREATE TABLE IF NOT EXISTS `appearance` (
  `appearanceId` int(11) NOT NULL AUTO_INCREMENT,
  `logoImage` varchar(255) NOT NULL,
  `css` text NOT NULL,
  `sliderName` varchar(255) NOT NULL,
  `sliderEffect` varchar(255) NOT NULL,
  `sliderWidth` varchar(10) NOT NULL,
  `sliderHeight` varchar(10) NOT NULL,
  `sliderInterval` varchar(10) NOT NULL,
  `sliderAutoplay` tinyint(4) NOT NULL DEFAULT '0',
  `headerBgImg` varchar(255) NOT NULL,
  `headerBgImgCss` text NOT NULL,
  `footerBgImg` varchar(255) NOT NULL,
  `footerBgImgCss` text NOT NULL,
  `addedBy` int(11) NOT NULL,
  `addedDate` datetime NOT NULL,
  `active` tinyint(1) NOT NULL,
  `bodyBgImg` varchar(200) NOT NULL,
  `bodyBgImgCss` varchar(100) NOT NULL,
  PRIMARY KEY (`appearanceId`)
) ENGINE=InnoDB  DEFAULT CHARSET=latin1 AUTO_INCREMENT=2 ;

--
-- Dumping data for table `appearance`
--

INSERT INTO `appearance` (`appearanceId`, `logoImage`, `css`, `sliderName`, `sliderEffect`, `sliderWidth`, `sliderHeight`, `sliderInterval`, `sliderAutoplay`, `headerBgImg`, `headerBgImgCss`, `footerBgImg`, `footerBgImgCss`, `addedBy`, `addedDate`, `active`, `bodyBgImg`, `bodyBgImgCss`) VALUES
(1, 'wtos-images/121058_1160887324756617521.png', '', 'nivoSlider.php', 'fade', '500', '100', '3000', 1, 'wtos-images/855552_bgImg.jpg', 'no-repeat', 'wtos-images/595924_repeat.jpg', 'repeat-x', 26, '2013-05-23 10:52:00', 1, 'wtos-images/ep.jpg', 'no-repeat');

-- --------------------------------------------------------

--
-- Table structure for table `appo`
--

CREATE TABLE IF NOT EXISTS `appo` (
  `appoId` int(10) NOT NULL AUTO_INCREMENT,
  `memberId` int(10) NOT NULL,
  `appoType` varchar(50) COLLATE utf8_unicode_ci NOT NULL,
  `appoDate` datetime NOT NULL,
  `acompanyBy` varchar(50) COLLATE utf8_unicode_ci NOT NULL,
  `propertyId` int(10) NOT NULL,
  `duration` int(3) NOT NULL,
  `appoTime` varchar(8) COLLATE utf8_unicode_ci NOT NULL,
  `endTime` varchar(8) COLLATE utf8_unicode_ci NOT NULL,
  `appoStatus` varchar(50) COLLATE utf8_unicode_ci NOT NULL,
  `appoNote` varchar(200) COLLATE utf8_unicode_ci NOT NULL,
  `addedDate` datetime NOT NULL,
  `addedBy` int(10) NOT NULL,
  `modifyDate` datetime NOT NULL,
  `modifyBy` int(10) NOT NULL,
  `ampm` varchar(3) COLLATE utf8_unicode_ci NOT NULL COMMENT 'notusedinarronsoft',
  `appoMin` int(4) NOT NULL,
  `endMin` int(4) NOT NULL,
  PRIMARY KEY (`appoId`)
) ENGINE=InnoDB  DEFAULT CHARSET=utf8 COLLATE=utf8_unicode_ci AUTO_INCREMENT=8 ;

--
-- Dumping data for table `appo`
--

INSERT INTO `appo` (`appoId`, `memberId`, `appoType`, `appoDate`, `acompanyBy`, `propertyId`, `duration`, `appoTime`, `endTime`, `appoStatus`, `appoNote`, `addedDate`, `addedBy`, `modifyDate`, `modifyBy`, `ampm`, `appoMin`, `endMin`) VALUES
(1, 5, 'Viewing', '2015-11-03 00:00:00', 'User1', 0, 0, '', '', '', '', '2015-11-03 05:37:11', 26, '0000-00-00 00:00:00', 0, '', 0, 0),
(3, 5, 'Viewing', '2015-11-05 00:00:00', 'User1', 0, 165, '09:15 AM', '12:00 PM', '', '', '2015-11-03 08:10:50', 26, '0000-00-00 00:00:00', 0, '', 555, 720),
(4, 5, 'Viewing', '2015-11-12 00:00:00', 'User1', 0, 15, '09:45 AM', '10:00 AM', '', '', '2015-11-03 08:11:03', 26, '0000-00-00 00:00:00', 0, '', 585, 600),
(5, 5, 'Viewing', '2015-12-10 00:00:00', 'User1', 0, 30, '10:00 AM', '10:30 AM', '', '', '2015-11-03 08:11:15', 26, '0000-00-00 00:00:00', 0, '', 600, 630),
(6, 5, 'Viewing', '2015-11-17 00:00:00', 'User1', 0, 0, '10:00 AM', '10:00 AM', '', '', '2015-11-03 08:11:41', 26, '0000-00-00 00:00:00', 0, '', 600, 600),
(7, 5, 'Viewing', '2015-11-17 00:00:00', 'User1', 0, 90, '09:45 AM', '11:15 AM', '', '', '2015-11-03 08:11:59', 26, '0000-00-00 00:00:00', 0, '', 585, 675);

-- --------------------------------------------------------

--
-- Table structure for table `contactus`
--

CREATE TABLE IF NOT EXISTS `contactus` (
  `contactid` int(10) NOT NULL AUTO_INCREMENT,
  `name` varchar(100) NOT NULL,
  `email` varchar(100) NOT NULL,
  `mobile` varchar(20) NOT NULL,
  `details` text NOT NULL,
  `addedBy` varchar(10) NOT NULL,
  `addedDate` datetime NOT NULL,
  `active` tinyint(1) NOT NULL,
  `image` varchar(255) NOT NULL,
  PRIMARY KEY (`contactid`)
) ENGINE=InnoDB  DEFAULT CHARSET=latin1 AUTO_INCREMENT=12 ;

--
-- Dumping data for table `contactus`
--

INSERT INTO `contactus` (`contactid`, `name`, `email`, `mobile`, `details`, `addedBy`, `addedDate`, `active`, `image`) VALUES
(8, 'Mizanur Rahaman', 'mizanur82@gmail.com', '5555555555555', 'techno test', '', '2013-01-06 01:45:13', 0, 'wtos-images/822096_testattachment.txt'),
(9, 'xdfsdfsd', 'fdfsd', 'fsdfsdfsfs', '', '', '2013-02-08 05:38:36', 0, ''),
(10, 'Contact from  Mizan', 'admin@webtrackers', '8017477871', 'test', '', '0000-00-00 00:00:00', 0, ''),
(11, 'asraful', 'as@g.com', '00000000', '000000', '', '2016-01-11 02:37:17', 0, '');

-- --------------------------------------------------------

--
-- Table structure for table `expense`
--

CREATE TABLE IF NOT EXISTS `expense` (
  `expenseId` int(10) NOT NULL AUTO_INCREMENT,
  `dated` datetime NOT NULL,
  `title` varchar(100) COLLATE utf8_unicode_ci NOT NULL,
  `amount` float(8,2) NOT NULL,
  `expenseTo` varchar(50) COLLATE utf8_unicode_ci NOT NULL,
  `category` varchar(20) COLLATE utf8_unicode_ci NOT NULL,
  `paymentStatus` varchar(20) COLLATE utf8_unicode_ci NOT NULL,
  `note` varchar(200) COLLATE utf8_unicode_ci NOT NULL,
  `addedDate` datetime NOT NULL,
  `addedBy` int(10) NOT NULL,
  `modifyDate` datetime NOT NULL,
  `modifyBy` int(10) NOT NULL,
  PRIMARY KEY (`expenseId`)
) ENGINE=InnoDB  DEFAULT CHARSET=utf8 COLLATE=utf8_unicode_ci AUTO_INCREMENT=10 ;

--
-- Dumping data for table `expense`
--

INSERT INTO `expense` (`expenseId`, `dated`, `title`, `amount`, `expenseTo`, `category`, `paymentStatus`, `note`, `addedDate`, `addedBy`, `modifyDate`, `modifyBy`) VALUES
(1, '2016-06-06 00:00:00', 'Gumtree', 312.00, 'Gumtree', 'Office expenses', 'Paid', '', '2016-06-06 11:20:54', 31, '2016-06-06 11:20:54', 31),
(2, '2016-06-07 00:00:00', 'Sabah', 250.00, 'Sabah', 'Wages', 'Paid', '', '2016-06-09 01:33:27', 31, '2016-06-09 01:33:27', 31),
(3, '2016-06-10 00:00:00', 'Khalid - 200 Castlecombe', 341.48, 'MA Estatates', 'Property renovation', 'Paid', 'Deduct from rent', '2016-06-10 05:19:03', 31, '2016-06-10 05:19:03', 31),
(4, '2016-06-13 00:00:00', 'Cleaning', 10.00, 'Cleaner', 'Office expenses', 'Paid', '', '2016-06-13 04:43:31', 31, '2016-06-13 04:43:31', 31),
(5, '2016-06-13 00:00:00', 'TV Recording', 230.00, 'Ali', 'Office expenses', 'Paid', '', '2016-06-13 04:44:15', 31, '2016-06-13 04:44:15', 31),
(6, '2016-06-13 00:00:00', 'Deposit - 3 Crown Rd', 850.00, 'Shakil', '', 'Paid', '', '2016-06-13 04:45:19', 31, '2016-06-13 04:45:19', 31),
(7, '2016-06-13 00:00:00', 'Sumair', 1090.00, 'MA Estates', 'Loan', '', '', '2016-06-13 05:02:58', 31, '2016-06-13 05:02:58', 31),
(8, '2016-06-20 00:00:00', 'Sign Board', 100.00, 'Cannell Sign', 'Office expenses', 'Paid', '', '2016-06-20 04:06:03', 31, '2016-06-20 04:06:03', 31),
(9, '2016-06-20 00:00:00', 'MA Car', 500.00, '', 'Car', 'Paid', '', '2016-06-20 04:45:24', 31, '2016-06-20 04:45:24', 31);

-- --------------------------------------------------------

--
-- Table structure for table `imageuploader`
--

CREATE TABLE IF NOT EXISTS `imageuploader` (
  `imageId` int(11) NOT NULL AUTO_INCREMENT,
  `title` varchar(255) NOT NULL,
  `image` varchar(255) NOT NULL,
  `addedDate` datetime NOT NULL,
  PRIMARY KEY (`imageId`)
) ENGINE=InnoDB  DEFAULT CHARSET=latin1 AUTO_INCREMENT=7 ;

--
-- Dumping data for table `imageuploader`
--

INSERT INTO `imageuploader` (`imageId`, `title`, `image`, `addedDate`) VALUES
(1, '', 'wtos-images/Holiday_Lets.png', '0000-00-00 00:00:00'),
(2, '', 'wtos-images/Landlords.png', '0000-00-00 00:00:00'),
(3, 'morgages', 'wtos-images/Mortgages.png', '0000-00-00 00:00:00'),
(4, 'googlePlus', 'wtos-images/google.png', '0000-00-00 00:00:00'),
(5, 'facebook', 'wtos-images/facebook.png', '0000-00-00 00:00:00'),
(6, 'twitter', 'wtos-images/twitter.png', '0000-00-00 00:00:00');

-- --------------------------------------------------------

--
-- Table structure for table `landlordbill`
--

CREATE TABLE IF NOT EXISTS `landlordbill` (
  `landlordbillId` int(10) NOT NULL AUTO_INCREMENT,
  `dated` datetime NOT NULL,
  `rentbillId` int(10) NOT NULL,
  `rentAmountLandlord` float(8,2) NOT NULL,
  `commission` float(8,2) NOT NULL,
  `landlordOtherBills` text COLLATE utf8_unicode_ci NOT NULL,
  `paybleAmount` float(8,2) NOT NULL,
  `paidAmount` float(8,2) NOT NULL,
  `paymentStatus` varchar(20) COLLATE utf8_unicode_ci NOT NULL,
  `note` varchar(200) COLLATE utf8_unicode_ci NOT NULL,
  `addedDate` datetime NOT NULL,
  `addedBy` int(10) NOT NULL,
  `modifyDate` datetime NOT NULL,
  `modifyBy` int(10) NOT NULL,
  `agreementReffId` varchar(100) COLLATE utf8_unicode_ci NOT NULL,
  `rentMonth` int(2) NOT NULL,
  `rentYear` int(4) NOT NULL,
  PRIMARY KEY (`landlordbillId`)
) ENGINE=InnoDB  DEFAULT CHARSET=utf8 COLLATE=utf8_unicode_ci AUTO_INCREMENT=829 ;

--
-- Dumping data for table `landlordbill`
--

INSERT INTO `landlordbill` (`landlordbillId`, `dated`, `rentbillId`, `rentAmountLandlord`, `commission`, `landlordOtherBills`, `paybleAmount`, `paidAmount`, `paymentStatus`, `note`, `addedDate`, `addedBy`, `modifyDate`, `modifyBy`, `agreementReffId`, `rentMonth`, `rentYear`) VALUES
(5, '2016-05-10 00:00:00', 5, 850.00, 300.00, '', 550.00, 0.00, 'Pending', '', '2016-02-10 04:43:37', 31, '2016-02-10 04:43:37', 31, 'A1T41P24L', 5, 2016),
(55, '2016-06-17 00:00:00', 55, 1500.00, 200.00, '', 1319.00, 1319.00, 'Paid', '', '2016-03-17 12:49:40', 31, '2016-06-28 05:06:54', 31, 'A5T43P25L1', 6, 2016),
(518, '2016-06-08 00:00:00', 518, 1650.00, 0.00, '', 1650.00, 0.00, 'Pending', '', '2016-06-16 11:30:37', 31, '2016-06-16 11:30:37', 31, 'A45T71P57L25', 6, 2016),
(572, '2016-06-24 00:00:00', 572, 1500.00, 200.00, '', 1300.00, 0.00, 'Pending', '', '2016-06-29 03:07:24', 31, '2016-06-29 03:07:24', 31, 'A49T43P26L1', 6, 2016),
(647, '2015-08-24 00:00:00', 647, 1500.00, 200.00, '', 1300.00, 0.00, 'Pending', '', '2016-07-13 03:17:37', 31, '2016-07-13 03:17:37', 31, 'A56T43P26L1', 8, 2015),
(648, '2015-09-24 00:00:00', 648, 1500.00, 200.00, '', 1300.00, 0.00, 'Pending', '', '2016-07-13 03:17:37', 31, '2016-07-13 03:17:37', 31, 'A56T43P26L1', 9, 2015),
(649, '2015-10-24 00:00:00', 649, 1500.00, 200.00, '', 1300.00, 0.00, 'Pending', '', '2016-07-13 03:17:37', 31, '2016-07-13 03:17:37', 31, 'A56T43P26L1', 10, 2015),
(650, '2015-11-24 00:00:00', 650, 1500.00, 200.00, '', 1300.00, 0.00, 'Pending', '', '2016-07-13 03:17:37', 31, '2016-07-13 03:17:37', 31, 'A56T43P26L1', 11, 2015),
(651, '2015-12-24 00:00:00', 651, 1500.00, 200.00, '', 1300.00, 0.00, 'Pending', '', '2016-07-13 03:17:37', 31, '2016-07-13 03:17:37', 31, 'A56T43P26L1', 12, 2015),
(652, '2016-01-24 00:00:00', 652, 1500.00, 200.00, '', 1300.00, 0.00, 'Pending', '', '2016-07-13 03:17:37', 31, '2016-07-13 03:17:37', 31, 'A56T43P26L1', 1, 2016),
(653, '2016-02-24 00:00:00', 653, 1500.00, 200.00, '', 1300.00, 0.00, 'Pending', '', '2016-07-13 03:17:37', 31, '2016-07-13 03:17:37', 31, 'A56T43P26L1', 2, 2016),
(654, '2016-03-24 00:00:00', 654, 1500.00, 200.00, '', 1300.00, 0.00, 'Pending', '', '2016-07-13 03:17:37', 31, '2016-07-13 03:17:37', 31, 'A56T43P26L1', 3, 2016),
(655, '2016-04-24 00:00:00', 655, 1500.00, 200.00, '', 1300.00, 0.00, 'Pending', '', '2016-07-13 03:17:37', 31, '2016-07-13 03:17:37', 31, 'A56T43P26L1', 4, 2016),
(656, '2016-05-24 00:00:00', 656, 1500.00, 200.00, '', 1300.00, 0.00, 'Pending', '', '2016-07-13 03:17:37', 31, '2016-07-13 03:17:37', 31, 'A56T43P26L1', 5, 2016),
(657, '2016-06-24 00:00:00', 657, 1500.00, 200.00, '', 1300.00, 0.00, 'Pending', '', '2016-07-13 03:17:37', 31, '2016-07-13 03:17:37', 31, 'A56T43P26L1', 6, 2016),
(658, '2016-07-24 00:00:00', 658, 1500.00, 200.00, '', 1300.00, 0.00, 'Pending', '', '2016-07-13 03:17:37', 31, '2016-07-13 03:17:37', 31, 'A56T43P26L1', 7, 2016),
(659, '2016-08-24 00:00:00', 659, 1500.00, 200.00, '', 1300.00, 0.00, 'Pending', '', '2016-07-13 03:17:37', 31, '2016-07-13 03:17:37', 31, 'A56T43P26L1', 8, 2016),
(660, '2015-08-05 00:00:00', 660, 2700.00, 600.00, '', 2100.00, 0.00, 'Pending', '', '2016-07-13 03:22:02', 31, '2016-07-13 03:22:02', 31, 'A57T44P27L2', 8, 2015),
(661, '2015-09-05 00:00:00', 661, 2700.00, 600.00, '', 2100.00, 0.00, 'Pending', '', '2016-07-13 03:22:02', 31, '2016-07-13 03:22:02', 31, 'A57T44P27L2', 9, 2015),
(662, '2015-10-05 00:00:00', 662, 2700.00, 600.00, '', 2100.00, 0.00, 'Pending', '', '2016-07-13 03:22:02', 31, '2016-07-13 03:22:02', 31, 'A57T44P27L2', 10, 2015),
(663, '2015-11-05 00:00:00', 663, 2700.00, 600.00, '', 2100.00, 0.00, 'Pending', '', '2016-07-13 03:22:02', 31, '2016-07-13 03:22:02', 31, 'A57T44P27L2', 11, 2015),
(664, '2015-12-05 00:00:00', 664, 2700.00, 600.00, '', 2100.00, 0.00, 'Pending', '', '2016-07-13 03:22:02', 31, '2016-07-13 03:22:02', 31, 'A57T44P27L2', 12, 2015),
(665, '2016-01-05 00:00:00', 665, 2700.00, 600.00, '', 2100.00, 0.00, 'Pending', '', '2016-07-13 03:22:02', 31, '2016-07-13 03:22:02', 31, 'A57T44P27L2', 1, 2016),
(666, '2016-02-05 00:00:00', 666, 2700.00, 600.00, '', 2100.00, 0.00, 'Pending', '', '2016-07-13 03:22:02', 31, '2016-07-13 03:22:02', 31, 'A57T44P27L2', 2, 2016),
(667, '2016-03-05 00:00:00', 667, 2700.00, 600.00, '', 2100.00, 0.00, 'Pending', '', '2016-07-13 03:22:02', 31, '2016-07-13 03:22:02', 31, 'A57T44P27L2', 3, 2016),
(668, '2016-04-05 00:00:00', 668, 2700.00, 600.00, '', 2100.00, 0.00, 'Pending', '', '2016-07-13 03:22:02', 31, '2016-07-13 03:22:02', 31, 'A57T44P27L2', 4, 2016),
(669, '2016-05-05 00:00:00', 669, 2700.00, 600.00, '', 2100.00, 0.00, 'Pending', '', '2016-07-13 03:22:02', 31, '2016-07-13 03:22:02', 31, 'A57T44P27L2', 5, 2016),
(670, '2016-06-05 00:00:00', 670, 2700.00, 600.00, '', 2100.00, 0.00, 'Pending', '', '2016-07-13 03:22:02', 31, '2016-07-13 03:22:02', 31, 'A57T44P27L2', 6, 2016),
(671, '2016-07-05 00:00:00', 671, 2700.00, 600.00, '', 2100.00, 0.00, 'Pending', '', '2016-07-13 03:22:02', 31, '2016-07-13 03:22:02', 31, 'A57T44P27L2', 7, 2016),
(672, '2016-08-05 00:00:00', 672, 2700.00, 600.00, '', 2100.00, 0.00, 'Pending', '', '2016-07-13 03:22:02', 31, '2016-07-13 03:22:02', 31, 'A57T44P27L2', 8, 2016),
(673, '2015-09-01 00:00:00', 673, 1350.00, 100.00, '', 1250.00, 0.00, 'Pending', '', '2016-07-13 03:23:50', 31, '2016-07-13 03:23:50', 31, 'A58T45P28L3', 9, 2015),
(674, '2016-02-01 00:00:00', 674, 2550.00, 210.00, '', 2340.00, 0.00, 'Pending', '', '2016-07-13 03:26:38', 31, '2016-07-13 03:26:38', 31, 'A59T46P29L6', 2, 2016),
(675, '2016-03-01 00:00:00', 675, 2550.00, 210.00, '', 2340.00, 0.00, 'Pending', '', '2016-07-13 03:26:38', 31, '2016-07-13 03:26:38', 31, 'A59T46P29L6', 3, 2016),
(676, '2016-04-01 00:00:00', 676, 2550.00, 210.00, '', 2340.00, 0.00, 'Pending', '', '2016-07-13 03:26:38', 31, '2016-07-13 03:26:38', 31, 'A59T46P29L6', 4, 2016),
(677, '2016-05-01 00:00:00', 677, 2550.00, 210.00, '', 2340.00, 0.00, 'Pending', '', '2016-07-13 03:26:38', 31, '2016-07-13 03:26:38', 31, 'A59T46P29L6', 5, 2016),
(678, '2016-06-01 00:00:00', 678, 2550.00, 210.00, '', 2340.00, 0.00, 'Pending', '', '2016-07-13 03:26:38', 31, '2016-07-13 03:26:38', 31, 'A59T46P29L6', 6, 2016),
(679, '2016-07-01 00:00:00', 679, 2550.00, 210.00, '', 2340.00, 0.00, 'Pending', '', '2016-07-13 03:26:38', 31, '2016-07-13 03:26:38', 31, 'A59T46P29L6', 7, 2016),
(680, '2016-08-01 00:00:00', 680, 2550.00, 210.00, '', 2340.00, 0.00, 'Pending', '', '2016-07-13 03:26:38', 31, '2016-07-13 03:26:38', 31, 'A59T46P29L6', 8, 2016),
(681, '2016-09-01 00:00:00', 681, 2550.00, 210.00, '', 2340.00, 0.00, 'Pending', '', '2016-07-13 03:26:38', 31, '2016-07-13 03:26:38', 31, 'A59T46P29L6', 9, 2016),
(682, '2016-10-01 00:00:00', 682, 2550.00, 210.00, '', 2340.00, 0.00, 'Pending', '', '2016-07-13 03:26:38', 31, '2016-07-13 03:26:38', 31, 'A59T46P29L6', 10, 2016),
(683, '2016-11-01 00:00:00', 683, 2550.00, 210.00, '', 2340.00, 0.00, 'Pending', '', '2016-07-13 03:26:38', 31, '2016-07-13 03:26:38', 31, 'A59T46P29L6', 11, 2016),
(684, '2016-12-01 00:00:00', 684, 2550.00, 210.00, '', 2340.00, 0.00, 'Pending', '', '2016-07-13 03:26:38', 31, '2016-07-13 03:26:38', 31, 'A59T46P29L6', 12, 2016),
(685, '2017-01-01 00:00:00', 685, 2550.00, 210.00, '', 2340.00, 0.00, 'Pending', '', '2016-07-13 03:26:38', 31, '2016-07-13 03:26:38', 31, 'A59T46P29L6', 1, 2017),
(686, '2017-02-01 00:00:00', 686, 2550.00, 210.00, '', 2340.00, 0.00, 'Pending', '', '2016-07-13 03:26:38', 31, '2016-07-13 03:26:38', 31, 'A59T46P29L6', 2, 2017),
(687, '2015-08-11 00:00:00', 687, 1400.00, 300.00, '', 1100.00, 0.00, 'Pending', '', '2016-07-16 09:42:18', 31, '2016-07-16 09:42:18', 31, 'A60T47P30L7', 8, 2015),
(688, '2015-09-11 00:00:00', 688, 1400.00, 300.00, '', 1100.00, 0.00, 'Pending', '', '2016-07-16 09:42:18', 31, '2016-07-16 09:42:18', 31, 'A60T47P30L7', 9, 2015),
(689, '2015-10-11 00:00:00', 689, 1400.00, 300.00, '', 1100.00, 0.00, 'Pending', '', '2016-07-16 09:42:18', 31, '2016-07-16 09:42:18', 31, 'A60T47P30L7', 10, 2015),
(690, '2015-11-11 00:00:00', 690, 1400.00, 300.00, '', 1100.00, 0.00, 'Pending', '', '2016-07-16 09:42:18', 31, '2016-07-16 09:42:18', 31, 'A60T47P30L7', 11, 2015),
(691, '2015-12-11 00:00:00', 691, 1400.00, 300.00, '', 1100.00, 0.00, 'Pending', '', '2016-07-16 09:42:18', 31, '2016-07-16 09:42:18', 31, 'A60T47P30L7', 12, 2015),
(692, '2016-01-11 00:00:00', 692, 1400.00, 300.00, '', 1100.00, 0.00, 'Pending', '', '2016-07-16 09:42:18', 31, '2016-07-16 09:42:18', 31, 'A60T47P30L7', 1, 2016),
(693, '2016-02-11 00:00:00', 693, 1400.00, 300.00, '', 1100.00, 0.00, 'Pending', '', '2016-07-16 09:42:18', 31, '2016-07-16 09:42:18', 31, 'A60T47P30L7', 2, 2016),
(694, '2016-03-11 00:00:00', 694, 1400.00, 300.00, '', 1100.00, 0.00, 'Pending', '', '2016-07-16 09:42:18', 31, '2016-07-16 09:42:18', 31, 'A60T47P30L7', 3, 2016),
(695, '2016-04-11 00:00:00', 695, 1400.00, 300.00, '', 1100.00, 0.00, 'Pending', '', '2016-07-16 09:42:18', 31, '2016-07-16 09:42:18', 31, 'A60T47P30L7', 4, 2016),
(696, '2016-05-11 00:00:00', 696, 1400.00, 300.00, '', 1100.00, 0.00, 'Pending', '', '2016-07-16 09:42:18', 31, '2016-07-16 09:42:18', 31, 'A60T47P30L7', 5, 2016),
(697, '2016-06-11 00:00:00', 697, 1400.00, 300.00, '', 1100.00, 0.00, 'Pending', '', '2016-07-16 09:42:18', 31, '2016-07-16 09:42:18', 31, 'A60T47P30L7', 6, 2016),
(698, '2016-07-11 00:00:00', 698, 1400.00, 300.00, '', 1100.00, 0.00, 'Pending', '', '2016-07-16 09:42:18', 31, '2016-07-16 09:42:18', 31, 'A60T47P30L7', 7, 2016),
(699, '2016-08-11 00:00:00', 699, 1400.00, 300.00, '', 1100.00, 0.00, 'Pending', '', '2016-07-16 09:42:18', 31, '2016-07-16 09:42:18', 31, 'A60T47P30L7', 8, 2016),
(700, '2015-08-25 00:00:00', 700, 2100.00, 450.00, '', 1650.00, 0.00, 'Pending', '', '2016-07-18 02:17:58', 31, '2016-07-18 02:17:58', 31, 'A61T50P33L10', 8, 2015),
(701, '2015-09-25 00:00:00', 701, 2100.00, 450.00, '', 1650.00, 0.00, 'Pending', '', '2016-07-18 02:17:58', 31, '2016-07-18 02:17:58', 31, 'A61T50P33L10', 9, 2015),
(702, '2015-10-25 00:00:00', 702, 2100.00, 450.00, '', 1650.00, 0.00, 'Pending', '', '2016-07-18 02:17:58', 31, '2016-07-18 02:17:58', 31, 'A61T50P33L10', 10, 2015),
(703, '2015-11-25 00:00:00', 703, 2100.00, 450.00, '', 1650.00, 0.00, 'Pending', '', '2016-07-18 02:17:58', 31, '2016-07-18 02:17:58', 31, 'A61T50P33L10', 11, 2015),
(704, '2015-12-25 00:00:00', 704, 2100.00, 450.00, '', 1650.00, 0.00, 'Pending', '', '2016-07-18 02:17:58', 31, '2016-07-18 02:17:58', 31, 'A61T50P33L10', 12, 2015),
(705, '2016-01-25 00:00:00', 705, 2100.00, 450.00, '', 1650.00, 0.00, 'Pending', '', '2016-07-18 02:17:58', 31, '2016-07-18 02:17:58', 31, 'A61T50P33L10', 1, 2016),
(706, '2016-02-25 00:00:00', 706, 2100.00, 450.00, '', 1650.00, 0.00, 'Pending', '', '2016-07-18 02:17:58', 31, '2016-07-18 02:17:58', 31, 'A61T50P33L10', 2, 2016),
(707, '2016-03-25 00:00:00', 707, 2100.00, 450.00, '', 1650.00, 0.00, 'Pending', '', '2016-07-18 02:17:58', 31, '2016-07-18 02:17:58', 31, 'A61T50P33L10', 3, 2016),
(708, '2016-04-25 00:00:00', 708, 2100.00, 450.00, '', 1650.00, 0.00, 'Pending', '', '2016-07-18 02:17:58', 31, '2016-07-18 02:17:58', 31, 'A61T50P33L10', 4, 2016),
(709, '2016-05-25 00:00:00', 709, 2100.00, 450.00, '', 1650.00, 0.00, 'Pending', '', '2016-07-18 02:17:58', 31, '2016-07-18 02:17:58', 31, 'A61T50P33L10', 5, 2016),
(710, '2016-06-25 00:00:00', 710, 2100.00, 450.00, '', 1650.00, 0.00, 'Pending', '', '2016-07-18 02:17:58', 31, '2016-07-18 02:17:58', 31, 'A61T50P33L10', 6, 2016),
(711, '2016-07-25 00:00:00', 711, 2100.00, 450.00, '', 1650.00, 0.00, 'Pending', '', '2016-07-18 02:17:58', 31, '2016-07-18 02:17:58', 31, 'A61T50P33L10', 7, 2016),
(712, '2016-08-25 00:00:00', 712, 2100.00, 450.00, '', 1650.00, 0.00, 'Pending', '', '2016-07-18 02:17:58', 31, '2016-07-18 02:17:58', 31, 'A61T50P33L10', 8, 2016),
(713, '2016-07-27 00:00:00', 713, 1750.00, 150.00, '', 1600.00, 0.00, 'Pending', '', '2016-07-19 12:25:26', 31, '2016-07-19 12:25:26', 31, 'A62T51P34L11', 7, 2016),
(714, '2016-08-27 00:00:00', 714, 1750.00, 150.00, '', 1600.00, 0.00, 'Pending', '', '2016-07-19 12:25:26', 31, '2016-07-19 12:25:26', 31, 'A62T51P34L11', 8, 2016),
(715, '2016-09-27 00:00:00', 715, 1750.00, 150.00, '', 1600.00, 0.00, 'Pending', '', '2016-07-19 12:25:26', 31, '2016-07-19 12:25:26', 31, 'A62T51P34L11', 9, 2016),
(716, '2016-10-27 00:00:00', 716, 1750.00, 150.00, '', 1600.00, 0.00, 'Pending', '', '2016-07-19 12:25:26', 31, '2016-07-19 12:25:26', 31, 'A62T51P34L11', 10, 2016),
(717, '2016-11-27 00:00:00', 717, 1750.00, 150.00, '', 1600.00, 0.00, 'Pending', '', '2016-07-19 12:25:26', 31, '2016-07-19 12:25:26', 31, 'A62T51P34L11', 11, 2016),
(718, '2016-12-27 00:00:00', 718, 1750.00, 150.00, '', 1600.00, 0.00, 'Pending', '', '2016-07-19 12:25:26', 31, '2016-07-19 12:25:26', 31, 'A62T51P34L11', 12, 2016),
(719, '2017-01-27 00:00:00', 719, 1750.00, 150.00, '', 1600.00, 0.00, 'Pending', '', '2016-07-19 12:25:26', 31, '2016-07-19 12:25:26', 31, 'A62T51P34L11', 1, 2017),
(720, '2017-02-27 00:00:00', 720, 1750.00, 150.00, '', 1600.00, 0.00, 'Pending', '', '2016-07-19 12:25:26', 31, '2016-07-19 12:25:26', 31, 'A62T51P34L11', 2, 2017),
(721, '2017-03-27 00:00:00', 721, 1750.00, 150.00, '', 1600.00, 0.00, 'Pending', '', '2016-07-19 12:25:26', 31, '2016-07-19 12:25:26', 31, 'A62T51P34L11', 3, 2017),
(722, '2017-04-27 00:00:00', 722, 1750.00, 150.00, '', 1600.00, 0.00, 'Pending', '', '2016-07-19 12:25:26', 31, '2016-07-19 12:25:26', 31, 'A62T51P34L11', 4, 2017),
(723, '2017-05-27 00:00:00', 723, 1750.00, 150.00, '', 1600.00, 0.00, 'Pending', '', '2016-07-19 12:25:26', 31, '2016-07-19 12:25:26', 31, 'A62T51P34L11', 5, 2017),
(724, '2017-06-27 00:00:00', 724, 1750.00, 150.00, '', 1600.00, 0.00, 'Pending', '', '2016-07-19 12:25:26', 31, '2016-07-19 12:25:26', 31, 'A62T51P34L11', 6, 2017),
(725, '2016-02-01 00:00:00', 725, 1500.00, 200.00, '', 1300.00, 0.00, 'Pending', '', '2016-07-19 01:06:42', 31, '2016-07-19 01:06:42', 31, 'A63T52P35L12', 2, 2016),
(726, '2016-03-01 00:00:00', 726, 1500.00, 200.00, '', 1300.00, 0.00, 'Pending', '', '2016-07-19 01:06:42', 31, '2016-07-19 01:06:42', 31, 'A63T52P35L12', 3, 2016),
(727, '2016-04-01 00:00:00', 727, 1500.00, 200.00, '', 1300.00, 0.00, 'Pending', '', '2016-07-19 01:06:42', 31, '2016-07-19 01:06:42', 31, 'A63T52P35L12', 4, 2016),
(728, '2016-05-01 00:00:00', 728, 1500.00, 200.00, '', 1300.00, 0.00, 'Pending', '', '2016-07-19 01:06:42', 31, '2016-07-19 01:06:42', 31, 'A63T52P35L12', 5, 2016),
(729, '2016-06-01 00:00:00', 729, 1500.00, 200.00, '', 1300.00, 0.00, 'Pending', '', '2016-07-19 01:06:42', 31, '2016-07-19 01:06:42', 31, 'A63T52P35L12', 6, 2016),
(730, '2016-07-01 00:00:00', 730, 1500.00, 200.00, '', 1300.00, 0.00, 'Pending', '', '2016-07-19 01:06:42', 31, '2016-07-19 01:06:42', 31, 'A63T52P35L12', 7, 2016),
(731, '2016-08-01 00:00:00', 731, 1500.00, 200.00, '', 1300.00, 0.00, 'Pending', '', '2016-07-19 01:06:42', 31, '2016-07-19 01:06:42', 31, 'A63T52P35L12', 8, 2016),
(732, '2016-09-01 00:00:00', 732, 1500.00, 200.00, '', 1300.00, 0.00, 'Pending', '', '2016-07-19 01:06:42', 31, '2016-07-19 01:06:42', 31, 'A63T52P35L12', 9, 2016),
(733, '2016-10-01 00:00:00', 733, 1500.00, 200.00, '', 1300.00, 0.00, 'Pending', '', '2016-07-19 01:06:42', 31, '2016-07-19 01:06:42', 31, 'A63T52P35L12', 10, 2016),
(734, '2016-11-01 00:00:00', 734, 1500.00, 200.00, '', 1300.00, 0.00, 'Pending', '', '2016-07-19 01:06:42', 31, '2016-07-19 01:06:42', 31, 'A63T52P35L12', 11, 2016),
(735, '2016-12-01 00:00:00', 735, 1500.00, 200.00, '', 1300.00, 0.00, 'Pending', '', '2016-07-19 01:06:42', 31, '2016-07-19 01:06:42', 31, 'A63T52P35L12', 12, 2016),
(736, '2017-01-01 00:00:00', 736, 1500.00, 200.00, '', 1300.00, 0.00, 'Pending', '', '2016-07-19 01:06:42', 31, '2016-07-19 01:06:42', 31, 'A63T52P35L12', 1, 2017),
(737, '2017-02-01 00:00:00', 737, 1500.00, 200.00, '', 1300.00, 0.00, 'Pending', '', '2016-07-19 01:06:42', 31, '2016-07-19 01:06:42', 31, 'A63T52P35L12', 2, 2017),
(738, '2015-10-15 00:00:00', 738, 1300.00, 250.00, '', 1050.00, 0.00, 'Pending', '', '2016-07-19 01:10:57', 31, '2016-07-19 01:10:57', 31, 'A64T53P37L14', 10, 2015),
(739, '2015-11-15 00:00:00', 739, 1300.00, 250.00, '', 1050.00, 0.00, 'Pending', '', '2016-07-19 01:10:57', 31, '2016-07-19 01:10:57', 31, 'A64T53P37L14', 11, 2015),
(740, '2015-12-15 00:00:00', 740, 1300.00, 250.00, '', 1050.00, 0.00, 'Pending', '', '2016-07-19 01:10:57', 31, '2016-07-19 01:10:57', 31, 'A64T53P37L14', 12, 2015),
(741, '2016-01-15 00:00:00', 741, 1300.00, 250.00, '', 1050.00, 0.00, 'Pending', '', '2016-07-19 01:10:57', 31, '2016-07-19 01:10:57', 31, 'A64T53P37L14', 1, 2016),
(742, '2016-03-15 00:00:00', 742, 1300.00, 250.00, '', 1050.00, 0.00, 'Pending', '', '2016-07-19 01:10:57', 31, '2016-07-19 01:10:57', 31, 'A64T53P37L14', 3, 2016),
(743, '2016-04-15 00:00:00', 743, 1300.00, 250.00, '', 1050.00, 0.00, 'Pending', '', '2016-07-19 01:10:57', 31, '2016-07-19 01:10:57', 31, 'A64T53P37L14', 4, 2016),
(744, '2016-05-15 00:00:00', 744, 1300.00, 250.00, '', 1050.00, 0.00, 'Pending', '', '2016-07-19 01:10:57', 31, '2016-07-19 01:10:57', 31, 'A64T53P37L14', 5, 2016),
(745, '2016-06-15 00:00:00', 745, 1300.00, 250.00, '', 1050.00, 0.00, 'Pending', '', '2016-07-19 01:10:57', 31, '2016-07-19 01:10:57', 31, 'A64T53P37L14', 6, 2016),
(746, '2016-07-15 00:00:00', 746, 1300.00, 250.00, '', 1050.00, 0.00, 'Pending', '', '2016-07-19 01:10:57', 31, '2016-07-19 01:10:57', 31, 'A64T53P37L14', 7, 2016),
(747, '2016-08-15 00:00:00', 747, 1300.00, 250.00, '', 1050.00, 0.00, 'Pending', '', '2016-07-19 01:10:57', 31, '2016-07-19 01:10:57', 31, 'A64T53P37L14', 8, 2016),
(748, '2016-09-15 00:00:00', 748, 1300.00, 250.00, '', 1050.00, 0.00, 'Pending', '', '2016-07-19 01:10:57', 31, '2016-07-19 01:10:57', 31, 'A64T53P37L14', 9, 2016),
(749, '2016-10-15 00:00:00', 749, 1300.00, 250.00, '', 1050.00, 0.00, 'Pending', '', '2016-07-19 01:10:57', 31, '2016-07-19 01:10:57', 31, 'A64T53P37L14', 10, 2016),
(750, '2016-11-15 00:00:00', 750, 1300.00, 250.00, '', 1050.00, 0.00, 'Pending', '', '2016-07-19 01:10:57', 31, '2016-07-19 01:10:57', 31, 'A64T53P37L14', 11, 2016),
(751, '2016-01-20 00:00:00', 751, 1800.00, 250.00, '', 1550.00, 0.00, 'Pending', '', '2016-07-19 01:13:28', 31, '2016-07-19 01:13:28', 31, 'A65T54P38L15', 1, 2016),
(752, '2016-02-20 00:00:00', 752, 1800.00, 250.00, '', 1550.00, 0.00, 'Pending', '', '2016-07-19 01:13:28', 31, '2016-07-19 01:13:28', 31, 'A65T54P38L15', 2, 2016),
(753, '2016-03-20 00:00:00', 753, 1800.00, 250.00, '', 1550.00, 0.00, 'Pending', '', '2016-07-19 01:13:28', 31, '2016-07-19 01:13:28', 31, 'A65T54P38L15', 3, 2016),
(754, '2016-04-20 00:00:00', 754, 1800.00, 250.00, '', 1550.00, 0.00, 'Pending', '', '2016-07-19 01:13:28', 31, '2016-07-19 01:13:28', 31, 'A65T54P38L15', 4, 2016),
(755, '2016-05-20 00:00:00', 755, 1800.00, 250.00, '', 1550.00, 0.00, 'Pending', '', '2016-07-19 01:13:28', 31, '2016-07-19 01:13:28', 31, 'A65T54P38L15', 5, 2016),
(756, '2016-06-20 00:00:00', 756, 1800.00, 250.00, '', 1550.00, 0.00, 'Pending', '', '2016-07-19 01:13:28', 31, '2016-07-19 01:13:28', 31, 'A65T54P38L15', 6, 2016),
(757, '2016-07-20 00:00:00', 757, 1800.00, 250.00, '', 1550.00, 0.00, 'Pending', '', '2016-07-19 01:13:28', 31, '2016-07-19 01:13:28', 31, 'A65T54P38L15', 7, 2016),
(758, '2016-08-20 00:00:00', 758, 1800.00, 250.00, '', 1550.00, 0.00, 'Pending', '', '2016-07-19 01:13:28', 31, '2016-07-19 01:13:28', 31, 'A65T54P38L15', 8, 2016),
(759, '2016-09-20 00:00:00', 759, 1800.00, 250.00, '', 1550.00, 0.00, 'Pending', '', '2016-07-19 01:13:28', 31, '2016-07-19 01:13:28', 31, 'A65T54P38L15', 9, 2016),
(760, '2016-10-20 00:00:00', 760, 1800.00, 250.00, '', 1550.00, 0.00, 'Pending', '', '2016-07-19 01:13:28', 31, '2016-07-19 01:13:28', 31, 'A65T54P38L15', 10, 2016),
(761, '2016-11-20 00:00:00', 761, 1800.00, 250.00, '', 1550.00, 0.00, 'Pending', '', '2016-07-19 01:13:28', 31, '2016-07-19 01:13:28', 31, 'A65T54P38L15', 11, 2016),
(762, '2016-12-20 00:00:00', 762, 1800.00, 250.00, '', 1550.00, 0.00, 'Pending', '', '2016-07-19 01:13:28', 31, '2016-07-19 01:13:28', 31, 'A65T54P38L15', 12, 2016),
(763, '2017-01-20 00:00:00', 763, 1800.00, 250.00, '', 1550.00, 0.00, 'Pending', '', '2016-07-19 01:13:28', 31, '2016-07-19 01:13:28', 31, 'A65T54P38L15', 1, 2017),
(764, '2016-05-15 00:00:00', 764, 1700.00, 100.00, '', 1600.00, 0.00, 'Pending', '', '2016-07-19 01:16:48', 31, '2016-07-19 01:16:48', 31, 'A66T97P64L89', 5, 2016),
(765, '2016-06-15 00:00:00', 765, 1700.00, 100.00, '', 1600.00, 0.00, 'Pending', '', '2016-07-19 01:16:48', 31, '2016-07-19 01:16:48', 31, 'A66T97P64L89', 6, 2016),
(766, '2016-07-15 00:00:00', 766, 1700.00, 100.00, '', 1600.00, 0.00, 'Pending', '', '2016-07-19 01:16:48', 31, '2016-07-19 01:16:48', 31, 'A66T97P64L89', 7, 2016),
(767, '2016-08-15 00:00:00', 767, 1700.00, 100.00, '', 1600.00, 0.00, 'Pending', '', '2016-07-19 01:16:48', 31, '2016-07-19 01:16:48', 31, 'A66T97P64L89', 8, 2016),
(768, '2016-09-15 00:00:00', 768, 1700.00, 100.00, '', 1600.00, 0.00, 'Pending', '', '2016-07-19 01:16:48', 31, '2016-07-19 01:16:48', 31, 'A66T97P64L89', 9, 2016),
(769, '2016-10-15 00:00:00', 769, 1700.00, 100.00, '', 1600.00, 0.00, 'Pending', '', '2016-07-19 01:16:48', 31, '2016-07-19 01:16:48', 31, 'A66T97P64L89', 10, 2016),
(770, '2016-11-15 00:00:00', 770, 1700.00, 100.00, '', 1600.00, 0.00, 'Pending', '', '2016-07-19 01:16:48', 31, '2016-07-19 01:16:48', 31, 'A66T97P64L89', 11, 2016),
(771, '2016-12-15 00:00:00', 771, 1700.00, 100.00, '', 1600.00, 0.00, 'Pending', '', '2016-07-19 01:16:48', 31, '2016-07-19 01:16:48', 31, 'A66T97P64L89', 12, 2016),
(772, '2017-01-15 00:00:00', 772, 1700.00, 100.00, '', 1600.00, 0.00, 'Pending', '', '2016-07-19 01:16:48', 31, '2016-07-19 01:16:48', 31, 'A66T97P64L89', 1, 2017),
(773, '2017-02-15 00:00:00', 773, 1700.00, 100.00, '', 1600.00, 0.00, 'Pending', '', '2016-07-19 01:16:48', 31, '2016-07-19 01:16:48', 31, 'A66T97P64L89', 2, 2017),
(774, '2017-03-15 00:00:00', 774, 1700.00, 100.00, '', 1600.00, 0.00, 'Pending', '', '2016-07-19 01:16:48', 31, '2016-07-19 01:16:48', 31, 'A66T97P64L89', 3, 2017),
(775, '2017-04-15 00:00:00', 775, 1700.00, 100.00, '', 1600.00, 0.00, 'Pending', '', '2016-07-19 01:16:48', 31, '2016-07-19 01:16:48', 31, 'A66T97P64L89', 4, 2017),
(776, '2017-05-15 00:00:00', 776, 1700.00, 100.00, '', 1600.00, 0.00, 'Pending', '', '2016-07-19 01:16:48', 31, '2016-07-19 01:16:48', 31, 'A66T97P64L89', 5, 2017),
(777, '2015-10-24 00:00:00', 777, 1300.00, 300.00, '', 1000.00, 0.00, 'Pending', '', '2016-07-19 01:23:30', 31, '2016-07-19 01:23:30', 31, 'A67T56P42L19', 10, 2015),
(778, '2015-11-24 00:00:00', 778, 1300.00, 300.00, '', 1000.00, 0.00, 'Pending', '', '2016-07-19 01:23:30', 31, '2016-07-19 01:23:30', 31, 'A67T56P42L19', 11, 2015),
(779, '2015-12-24 00:00:00', 779, 1300.00, 300.00, '', 1000.00, 0.00, 'Pending', '', '2016-07-19 01:23:30', 31, '2016-07-19 01:23:30', 31, 'A67T56P42L19', 12, 2015),
(780, '2016-01-24 00:00:00', 780, 1300.00, 300.00, '', 1000.00, 0.00, 'Pending', '', '2016-07-19 01:23:30', 31, '2016-07-19 01:23:30', 31, 'A67T56P42L19', 1, 2016),
(781, '2016-02-24 00:00:00', 781, 1300.00, 300.00, '', 1000.00, 0.00, 'Pending', '', '2016-07-19 01:23:30', 31, '2016-07-19 01:23:30', 31, 'A67T56P42L19', 2, 2016),
(782, '2016-03-24 00:00:00', 782, 1300.00, 300.00, '', 1000.00, 0.00, 'Pending', '', '2016-07-19 01:23:30', 31, '2016-07-19 01:23:30', 31, 'A67T56P42L19', 3, 2016),
(783, '2016-04-24 00:00:00', 783, 1300.00, 300.00, '', 1000.00, 0.00, 'Pending', '', '2016-07-19 01:23:30', 31, '2016-07-19 01:23:30', 31, 'A67T56P42L19', 4, 2016),
(784, '2016-05-24 00:00:00', 784, 1300.00, 300.00, '', 1000.00, 0.00, 'Pending', '', '2016-07-19 01:23:30', 31, '2016-07-19 01:23:30', 31, 'A67T56P42L19', 5, 2016),
(785, '2016-06-24 00:00:00', 785, 1300.00, 300.00, '', 1000.00, 0.00, 'Pending', '', '2016-07-19 01:23:30', 31, '2016-07-19 01:23:30', 31, 'A67T56P42L19', 6, 2016),
(786, '2016-07-24 00:00:00', 786, 1300.00, 300.00, '', 1000.00, 0.00, 'Pending', '', '2016-07-19 01:23:30', 31, '2016-07-19 01:23:30', 31, 'A67T56P42L19', 7, 2016),
(787, '2016-08-24 00:00:00', 787, 1300.00, 300.00, '', 1000.00, 0.00, 'Pending', '', '2016-07-19 01:23:30', 31, '2016-07-19 01:23:30', 31, 'A67T56P42L19', 8, 2016),
(788, '2016-09-24 00:00:00', 788, 1300.00, 300.00, '', 1000.00, 0.00, 'Pending', '', '2016-07-19 01:23:30', 31, '2016-07-19 01:23:30', 31, 'A67T56P42L19', 9, 2016),
(789, '2016-10-24 00:00:00', 789, 1300.00, 300.00, '', 1000.00, 0.00, 'Pending', '', '2016-07-19 01:23:30', 31, '2016-07-19 01:23:30', 31, 'A67T56P42L19', 10, 2016),
(790, '2015-10-05 00:00:00', 790, 950.00, 100.00, '', 850.00, 0.00, 'Pending', '', '2016-07-19 01:27:20', 31, '2016-07-19 01:27:20', 31, 'A68T57P43L20', 10, 2015),
(791, '2015-11-05 00:00:00', 791, 950.00, 100.00, '', 850.00, 0.00, 'Pending', '', '2016-07-19 01:27:20', 31, '2016-07-19 01:27:20', 31, 'A68T57P43L20', 11, 2015),
(792, '2015-12-05 00:00:00', 792, 950.00, 100.00, '', 850.00, 0.00, 'Pending', '', '2016-07-19 01:27:20', 31, '2016-07-19 01:27:20', 31, 'A68T57P43L20', 12, 2015),
(793, '2016-01-05 00:00:00', 793, 950.00, 100.00, '', 850.00, 0.00, 'Pending', '', '2016-07-19 01:27:20', 31, '2016-07-19 01:27:20', 31, 'A68T57P43L20', 1, 2016),
(794, '2016-02-05 00:00:00', 794, 950.00, 100.00, '', 850.00, 0.00, 'Pending', '', '2016-07-19 01:27:20', 31, '2016-07-19 01:27:20', 31, 'A68T57P43L20', 2, 2016),
(795, '2016-03-05 00:00:00', 795, 950.00, 100.00, '', 850.00, 0.00, 'Pending', '', '2016-07-19 01:27:20', 31, '2016-07-19 01:27:20', 31, 'A68T57P43L20', 3, 2016),
(796, '2016-04-05 00:00:00', 796, 950.00, 100.00, '', 850.00, 0.00, 'Pending', '', '2016-07-19 01:27:20', 31, '2016-07-19 01:27:20', 31, 'A68T57P43L20', 4, 2016),
(797, '2016-05-05 00:00:00', 797, 950.00, 100.00, '', 850.00, 0.00, 'Pending', '', '2016-07-19 01:27:20', 31, '2016-07-19 01:27:20', 31, 'A68T57P43L20', 5, 2016),
(798, '2016-06-05 00:00:00', 798, 950.00, 100.00, '', 850.00, 0.00, 'Pending', '', '2016-07-19 01:27:20', 31, '2016-07-19 01:27:20', 31, 'A68T57P43L20', 6, 2016),
(799, '2016-07-05 00:00:00', 799, 950.00, 100.00, '', 850.00, 0.00, 'Pending', '', '2016-07-19 01:27:20', 31, '2016-07-19 01:27:20', 31, 'A68T57P43L20', 7, 2016),
(800, '2016-08-05 00:00:00', 800, 950.00, 100.00, '', 850.00, 0.00, 'Pending', '', '2016-07-19 01:27:20', 31, '2016-07-19 01:27:20', 31, 'A68T57P43L20', 8, 2016),
(801, '2016-09-05 00:00:00', 801, 950.00, 100.00, '', 850.00, 0.00, 'Pending', '', '2016-07-19 01:27:20', 31, '2016-07-19 01:27:20', 31, 'A68T57P43L20', 9, 2016),
(802, '2016-10-05 00:00:00', 802, 950.00, 100.00, '', 850.00, 0.00, 'Pending', '', '2016-07-19 01:27:20', 31, '2016-07-19 01:27:20', 31, 'A68T57P43L20', 10, 2016),
(803, '2016-05-02 00:00:00', 803, 1780.00, 300.00, '', 1480.00, 0.00, 'Pending', '', '2016-07-19 01:34:49', 31, '2016-07-19 01:34:49', 31, 'A69T96P62L85', 5, 2016),
(804, '2016-06-02 00:00:00', 804, 1780.00, 300.00, '', 1480.00, 0.00, 'Pending', '', '2016-07-19 01:34:49', 31, '2016-07-19 01:34:49', 31, 'A69T96P62L85', 6, 2016),
(805, '2016-07-02 00:00:00', 805, 1780.00, 300.00, '', 1480.00, 0.00, 'Pending', '', '2016-07-19 01:34:49', 31, '2016-07-19 01:34:49', 31, 'A69T96P62L85', 7, 2016),
(806, '2016-08-02 00:00:00', 806, 1780.00, 300.00, '', 1480.00, 0.00, 'Pending', '', '2016-07-19 01:34:49', 31, '2016-07-19 01:34:49', 31, 'A69T96P62L85', 8, 2016),
(807, '2016-09-02 00:00:00', 807, 1780.00, 300.00, '', 1480.00, 0.00, 'Pending', '', '2016-07-19 01:34:49', 31, '2016-07-19 01:34:49', 31, 'A69T96P62L85', 9, 2016),
(808, '2016-10-02 00:00:00', 808, 1780.00, 300.00, '', 1480.00, 0.00, 'Pending', '', '2016-07-19 01:34:49', 31, '2016-07-19 01:34:49', 31, 'A69T96P62L85', 10, 2016),
(809, '2016-11-02 00:00:00', 809, 1780.00, 300.00, '', 1480.00, 0.00, 'Pending', '', '2016-07-19 01:34:49', 31, '2016-07-19 01:34:49', 31, 'A69T96P62L85', 11, 2016),
(810, '2016-12-02 00:00:00', 810, 1780.00, 300.00, '', 1480.00, 0.00, 'Pending', '', '2016-07-19 01:34:49', 31, '2016-07-19 01:34:49', 31, 'A69T96P62L85', 12, 2016),
(811, '2017-01-02 00:00:00', 811, 1780.00, 300.00, '', 1480.00, 0.00, 'Pending', '', '2016-07-19 01:34:49', 31, '2016-07-19 01:34:49', 31, 'A69T96P62L85', 1, 2017),
(812, '2017-02-02 00:00:00', 812, 1780.00, 300.00, '', 1480.00, 0.00, 'Pending', '', '2016-07-19 01:34:49', 31, '2016-07-19 01:34:49', 31, 'A69T96P62L85', 2, 2017),
(813, '2017-03-02 00:00:00', 813, 1780.00, 300.00, '', 1480.00, 0.00, 'Pending', '', '2016-07-19 01:34:49', 31, '2016-07-19 01:34:49', 31, 'A69T96P62L85', 3, 2017),
(814, '2017-04-02 00:00:00', 814, 1780.00, 300.00, '', 1480.00, 0.00, 'Pending', '', '2016-07-19 01:34:49', 31, '2016-07-19 01:34:49', 31, 'A69T96P62L85', 4, 2017),
(815, '2017-05-02 00:00:00', 815, 1780.00, 300.00, '', 1480.00, 0.00, 'Pending', '', '2016-07-19 01:34:49', 31, '2016-07-19 01:34:49', 31, 'A69T96P62L85', 5, 2017),
(816, '2016-05-27 00:00:00', 816, 1150.00, 150.00, '', 1000.00, 0.00, 'Pending', '', '2016-07-19 01:39:51', 31, '2016-07-19 01:39:51', 31, 'A70T93P44L21', 5, 2016),
(817, '2016-06-27 00:00:00', 817, 1150.00, 150.00, '', 1000.00, 0.00, 'Pending', '', '2016-07-19 01:39:51', 31, '2016-07-19 01:39:51', 31, 'A70T93P44L21', 6, 2016),
(818, '2016-07-27 00:00:00', 818, 1150.00, 150.00, '', 1000.00, 0.00, 'Pending', '', '2016-07-19 01:39:51', 31, '2016-07-19 01:39:51', 31, 'A70T93P44L21', 7, 2016),
(819, '2016-08-27 00:00:00', 819, 1150.00, 150.00, '', 1000.00, 0.00, 'Pending', '', '2016-07-19 01:39:51', 31, '2016-07-19 01:39:51', 31, 'A70T93P44L21', 8, 2016),
(820, '2016-09-27 00:00:00', 820, 1150.00, 150.00, '', 1000.00, 0.00, 'Pending', '', '2016-07-19 01:39:51', 31, '2016-07-19 01:39:51', 31, 'A70T93P44L21', 9, 2016),
(821, '2016-10-27 00:00:00', 821, 1150.00, 150.00, '', 1000.00, 0.00, 'Pending', '', '2016-07-19 01:39:51', 31, '2016-07-19 01:39:51', 31, 'A70T93P44L21', 10, 2016),
(822, '2016-11-27 00:00:00', 822, 1150.00, 150.00, '', 1000.00, 0.00, 'Pending', '', '2016-07-19 01:39:51', 31, '2016-07-19 01:39:51', 31, 'A70T93P44L21', 11, 2016),
(823, '2016-12-27 00:00:00', 823, 1150.00, 150.00, '', 1000.00, 0.00, 'Pending', '', '2016-07-19 01:39:51', 31, '2016-07-19 01:39:51', 31, 'A70T93P44L21', 12, 2016),
(824, '2017-01-27 00:00:00', 824, 1150.00, 150.00, '', 1000.00, 0.00, 'Pending', '', '2016-07-19 01:39:51', 31, '2016-07-19 01:39:51', 31, 'A70T93P44L21', 1, 2017),
(825, '2017-02-27 00:00:00', 825, 1150.00, 150.00, '', 1000.00, 0.00, 'Pending', '', '2016-07-19 01:39:51', 31, '2016-07-19 01:39:51', 31, 'A70T93P44L21', 2, 2017),
(826, '2017-03-27 00:00:00', 826, 1150.00, 150.00, '', 1000.00, 0.00, 'Pending', '', '2016-07-19 01:39:51', 31, '2016-07-19 01:39:51', 31, 'A70T93P44L21', 3, 2017),
(827, '2017-04-27 00:00:00', 827, 1150.00, 150.00, '', 1000.00, 0.00, 'Pending', '', '2016-07-19 01:39:51', 31, '2016-07-19 01:39:51', 31, 'A70T93P44L21', 4, 2017),
(828, '2017-05-27 00:00:00', 828, 1150.00, 150.00, '', 1000.00, 0.00, 'Pending', '', '2016-07-19 01:39:51', 31, '2016-07-19 01:39:51', 31, 'A70T93P44L21', 5, 2017);

-- --------------------------------------------------------

--
-- Table structure for table `landlordbillotherfees`
--

CREATE TABLE IF NOT EXISTS `landlordbillotherfees` (
  `landlordbillotherfeesId` int(10) NOT NULL AUTO_INCREMENT,
  `landlordbillId` int(10) NOT NULL,
  `sign` varchar(1) NOT NULL,
  `title` varchar(100) NOT NULL,
  `amount` float(7,2) NOT NULL,
  `addedBy` int(10) NOT NULL,
  `addedDate` datetime NOT NULL,
  `modifyDate` datetime NOT NULL,
  `modifyBy` int(10) NOT NULL,
  PRIMARY KEY (`landlordbillotherfeesId`)
) ENGINE=InnoDB  DEFAULT CHARSET=latin1 AUTO_INCREMENT=6 ;

--
-- Dumping data for table `landlordbillotherfees`
--

INSERT INTO `landlordbillotherfees` (`landlordbillotherfeesId`, `landlordbillId`, `sign`, `title`, `amount`, `addedBy`, `addedDate`, `modifyDate`, `modifyBy`) VALUES
(1, 318, '', 'DPS', 22.20, 31, '2016-06-06 11:14:41', '0000-00-00 00:00:00', 0),
(4, 102, '-', 'Bills', 100.00, 31, '2016-06-06 04:48:25', '0000-00-00 00:00:00', 0),
(5, 55, '', 'Boiler Isurance', 19.00, 31, '2016-06-28 05:06:37', '0000-00-00 00:00:00', 0);

-- --------------------------------------------------------

--
-- Table structure for table `lang`
--

CREATE TABLE IF NOT EXISTS `lang` (
  `langId` int(11) NOT NULL AUTO_INCREMENT,
  `title` varchar(255) NOT NULL,
  `code` varchar(20) NOT NULL,
  `defaultLang` tinyint(1) NOT NULL,
  `addedBy` int(11) NOT NULL,
  `addedDate` datetime NOT NULL,
  `active` tinyint(1) NOT NULL,
  PRIMARY KEY (`langId`)
) ENGINE=InnoDB  DEFAULT CHARSET=latin1 AUTO_INCREMENT=3 ;

--
-- Dumping data for table `lang`
--

INSERT INTO `lang` (`langId`, `title`, `code`, `defaultLang`, `addedBy`, `addedDate`, `active`) VALUES
(1, 'English', 'en', 1, 26, '2013-02-26 09:19:22', 0),
(2, 'Bengali', 'ben', 0, 26, '2013-02-26 09:55:16', 0);

-- --------------------------------------------------------

--
-- Table structure for table `location`
--

CREATE TABLE IF NOT EXISTS `location` (
  `locationId` int(11) NOT NULL AUTO_INCREMENT,
  `name` varchar(255) NOT NULL,
  `orders` varchar(255) NOT NULL DEFAULT '0',
  `addedBy` int(11) NOT NULL,
  `addedDate` datetime NOT NULL,
  `modifyBy` int(11) NOT NULL,
  `modifyDate` datetime NOT NULL,
  PRIMARY KEY (`locationId`)
) ENGINE=InnoDB  DEFAULT CHARSET=latin1 AUTO_INCREMENT=452 ;

--
-- Dumping data for table `location`
--

INSERT INTO `location` (`locationId`, `name`, `orders`, `addedBy`, `addedDate`, `modifyBy`, `modifyDate`) VALUES
(4, 'Mitcham', '0', 26, '2014-04-07 05:01:56', 26, '2015-12-07 06:08:01'),
(5, 'Romford', '0', 26, '2014-04-07 05:02:11', 26, '2015-12-07 06:08:42'),
(6, 'Harrow', '0', 26, '2014-04-07 05:02:21', 26, '2015-12-14 10:50:24'),
(7, 'Cambridge', '0', 26, '2014-04-07 05:02:34', 26, '2015-12-07 06:10:02'),
(8, 'London', '1', 26, '2014-04-07 05:02:50', 26, '2015-12-07 06:10:19'),
(9, 'Luton', '0', 26, '2014-04-07 05:03:09', 26, '2015-12-07 06:10:39'),
(10, 'Dartford', '0', 26, '2014-04-07 05:03:21', 26, '2015-12-07 06:08:23'),
(11, 'Leeds', '0', 26, '2015-12-09 02:35:37', 26, '2015-12-09 02:35:37'),
(12, 'Birmingham', '0', 26, '2015-12-14 10:44:58', 26, '2015-12-14 10:44:58'),
(13, 'Manchester', '0', 26, '2015-12-14 10:45:21', 26, '2015-12-14 10:45:21'),
(14, 'Bromley', '0', 26, '2015-12-14 10:51:31', 26, '2015-12-14 10:51:31'),
(15, 'Barking', '0', 26, '2015-12-14 10:51:52', 26, '2015-12-14 10:51:52'),
(16, 'Camden', '0', 26, '2015-12-14 10:52:09', 26, '2015-12-14 10:52:09'),
(17, 'Croydon', '0', 26, '2015-12-14 10:52:31', 26, '2015-12-14 10:52:31'),
(18, 'Ealing', '0', 26, '2015-12-14 10:53:18', 26, '2015-12-14 10:53:18'),
(20, 'Greenwich', '0', 26, '2015-12-14 10:53:52', 26, '2015-12-14 10:53:52'),
(21, 'Hackney', '0', 26, '2015-12-14 10:54:09', 26, '2015-12-14 10:54:09'),
(22, 'Hounslow', '0', 26, '2015-12-14 10:54:32', 26, '2015-12-14 10:54:32'),
(23, 'Newham', '0', 26, '2015-12-14 10:54:55', 26, '2015-12-14 10:54:55'),
(24, 'Redbridge', '0', 26, '2015-12-14 10:55:11', 26, '2015-12-14 10:55:11'),
(25, 'Westminster', '0', 26, '2015-12-14 11:22:56', 26, '2015-12-14 11:22:56'),
(27, 'Wandsworth', '0', 26, '2015-12-14 11:23:34', 26, '2015-12-14 11:23:34'),
(28, 'Tower Hamlets', '0', 26, '2015-12-14 11:24:09', 26, '2015-12-14 11:24:09'),
(29, 'Lambeth', '0', 26, '2015-12-14 11:24:29', 26, '2015-12-14 11:24:29'),
(30, 'Lewisham', '0', 26, '2015-12-14 11:24:51', 26, '2015-12-14 11:24:51'),
(32, 'Aberdeen ', '0', 0, '0000-00-00 00:00:00', 0, '0000-00-00 00:00:00'),
(33, 'Aberdeenshire ', '0', 0, '0000-00-00 00:00:00', 0, '0000-00-00 00:00:00'),
(34, 'Adur ', '0', 0, '0000-00-00 00:00:00', 0, '0000-00-00 00:00:00'),
(35, 'Allerdale ', '0', 0, '0000-00-00 00:00:00', 0, '0000-00-00 00:00:00'),
(36, 'Amber Valley ', '0', 0, '0000-00-00 00:00:00', 0, '0000-00-00 00:00:00'),
(37, 'Anglesey ', '0', 0, '0000-00-00 00:00:00', 0, '0000-00-00 00:00:00'),
(38, 'Angus ', '0', 0, '0000-00-00 00:00:00', 0, '0000-00-00 00:00:00'),
(39, 'Antrim ', '0', 0, '0000-00-00 00:00:00', 0, '0000-00-00 00:00:00'),
(40, 'Archiestown ', '0', 0, '0000-00-00 00:00:00', 0, '0000-00-00 00:00:00'),
(41, 'Ards ', '0', 0, '0000-00-00 00:00:00', 0, '0000-00-00 00:00:00'),
(42, 'Argyll and Bute ', '0', 0, '0000-00-00 00:00:00', 0, '0000-00-00 00:00:00'),
(43, 'Argyllshire ', '0', 0, '0000-00-00 00:00:00', 0, '0000-00-00 00:00:00'),
(44, 'Armagh ', '0', 0, '0000-00-00 00:00:00', 0, '0000-00-00 00:00:00'),
(45, 'Arun ', '0', 0, '0000-00-00 00:00:00', 0, '0000-00-00 00:00:00'),
(46, 'Ashfield ', '0', 0, '0000-00-00 00:00:00', 0, '0000-00-00 00:00:00'),
(47, 'Ashford ', '0', 0, '0000-00-00 00:00:00', 0, '0000-00-00 00:00:00'),
(48, 'Aylesbury Vale ', '0', 0, '0000-00-00 00:00:00', 0, '0000-00-00 00:00:00'),
(49, 'Ayrshire ', '0', 0, '0000-00-00 00:00:00', 0, '0000-00-00 00:00:00'),
(50, 'Babergh ', '0', 0, '0000-00-00 00:00:00', 0, '0000-00-00 00:00:00'),
(51, 'Ballymena ', '0', 0, '0000-00-00 00:00:00', 0, '0000-00-00 00:00:00'),
(52, 'Ballymoney ', '0', 0, '0000-00-00 00:00:00', 0, '0000-00-00 00:00:00'),
(53, 'Banbridge ', '0', 0, '0000-00-00 00:00:00', 0, '0000-00-00 00:00:00'),
(54, 'Barking and Dagenham ', '0', 0, '0000-00-00 00:00:00', 0, '0000-00-00 00:00:00'),
(55, 'Barnet ', '0', 0, '0000-00-00 00:00:00', 0, '0000-00-00 00:00:00'),
(56, 'Barnsley ', '0', 0, '0000-00-00 00:00:00', 0, '0000-00-00 00:00:00'),
(57, 'Barrow-in-Furness ', '0', 0, '0000-00-00 00:00:00', 0, '0000-00-00 00:00:00'),
(58, 'Basildon ', '0', 0, '0000-00-00 00:00:00', 0, '0000-00-00 00:00:00'),
(59, 'Bassetlaw ', '0', 0, '0000-00-00 00:00:00', 0, '0000-00-00 00:00:00'),
(60, 'Bath and North East Somerset ', '0', 0, '0000-00-00 00:00:00', 0, '0000-00-00 00:00:00'),
(61, 'Bedford ', '0', 0, '0000-00-00 00:00:00', 0, '0000-00-00 00:00:00'),
(62, 'Belfast ', '0', 0, '0000-00-00 00:00:00', 0, '0000-00-00 00:00:00'),
(63, 'Berkshire ', '0', 0, '0000-00-00 00:00:00', 0, '0000-00-00 00:00:00'),
(64, 'Bexley ', '0', 0, '0000-00-00 00:00:00', 0, '0000-00-00 00:00:00'),
(65, 'Bingley ', '0', 0, '0000-00-00 00:00:00', 0, '0000-00-00 00:00:00'),
(66, 'Birmingham ', '0', 0, '0000-00-00 00:00:00', 0, '0000-00-00 00:00:00'),
(67, 'Birmingham ', '0', 0, '0000-00-00 00:00:00', 0, '0000-00-00 00:00:00'),
(68, 'Blackburn ', '0', 0, '0000-00-00 00:00:00', 0, '0000-00-00 00:00:00'),
(69, 'Blackburn with Darwen ', '0', 0, '0000-00-00 00:00:00', 0, '0000-00-00 00:00:00'),
(70, 'Blackpool ', '0', 0, '0000-00-00 00:00:00', 0, '0000-00-00 00:00:00'),
(71, 'Blaenau Gwent ', '0', 0, '0000-00-00 00:00:00', 0, '0000-00-00 00:00:00'),
(72, 'Bolsover ', '0', 0, '0000-00-00 00:00:00', 0, '0000-00-00 00:00:00'),
(73, 'Bolton ', '0', 0, '0000-00-00 00:00:00', 0, '0000-00-00 00:00:00'),
(74, 'Boston ', '0', 0, '0000-00-00 00:00:00', 0, '0000-00-00 00:00:00'),
(75, 'Bournemouth ', '0', 0, '0000-00-00 00:00:00', 0, '0000-00-00 00:00:00'),
(76, 'Bournemouth ', '0', 0, '0000-00-00 00:00:00', 0, '0000-00-00 00:00:00'),
(77, 'Bracknell Forest ', '0', 0, '0000-00-00 00:00:00', 0, '0000-00-00 00:00:00'),
(78, 'Bradford ', '0', 0, '0000-00-00 00:00:00', 0, '0000-00-00 00:00:00'),
(80, 'Braintree ', '0', 0, '0000-00-00 00:00:00', 0, '0000-00-00 00:00:00'),
(81, 'Breckland ', '0', 0, '0000-00-00 00:00:00', 0, '0000-00-00 00:00:00'),
(82, 'Brent ', '0', 0, '0000-00-00 00:00:00', 0, '0000-00-00 00:00:00'),
(83, 'Brentwood ', '0', 0, '0000-00-00 00:00:00', 0, '0000-00-00 00:00:00'),
(84, 'Bridgend ', '0', 0, '0000-00-00 00:00:00', 0, '0000-00-00 00:00:00'),
(85, 'Brighton ', '0', 0, '0000-00-00 00:00:00', 0, '0000-00-00 00:00:00'),
(86, 'Brighton and Hove ', '0', 0, '0000-00-00 00:00:00', 0, '0000-00-00 00:00:00'),
(87, 'Bristol ', '0', 0, '0000-00-00 00:00:00', 0, '0000-00-00 00:00:00'),
(88, 'Broadstairs ', '0', 0, '0000-00-00 00:00:00', 0, '0000-00-00 00:00:00'),
(89, 'Bromley ', '0', 0, '0000-00-00 00:00:00', 0, '0000-00-00 00:00:00'),
(90, 'Bromsgrove ', '0', 0, '0000-00-00 00:00:00', 0, '0000-00-00 00:00:00'),
(91, 'Bromsgrove Worcestershire ', '0', 0, '0000-00-00 00:00:00', 0, '0000-00-00 00:00:00'),
(92, 'Broxbourne ', '0', 0, '0000-00-00 00:00:00', 0, '0000-00-00 00:00:00'),
(93, 'Broxtowe ', '0', 0, '0000-00-00 00:00:00', 0, '0000-00-00 00:00:00'),
(94, 'Burnley ', '0', 0, '0000-00-00 00:00:00', 0, '0000-00-00 00:00:00'),
(95, 'Bury ', '0', 0, '0000-00-00 00:00:00', 0, '0000-00-00 00:00:00'),
(96, 'Buteshire ', '0', 0, '0000-00-00 00:00:00', 0, '0000-00-00 00:00:00'),
(97, 'Caerphilly ', '0', 0, '0000-00-00 00:00:00', 0, '0000-00-00 00:00:00'),
(98, 'Calderdale ', '0', 0, '0000-00-00 00:00:00', 0, '0000-00-00 00:00:00'),
(99, 'Camden ', '0', 0, '0000-00-00 00:00:00', 0, '0000-00-00 00:00:00'),
(100, 'Cannock Chase ', '0', 0, '0000-00-00 00:00:00', 0, '0000-00-00 00:00:00'),
(101, 'Canterbury ', '0', 0, '0000-00-00 00:00:00', 0, '0000-00-00 00:00:00'),
(102, 'Cardiff ', '0', 0, '0000-00-00 00:00:00', 0, '0000-00-00 00:00:00'),
(103, 'Carlisle ', '0', 0, '0000-00-00 00:00:00', 0, '0000-00-00 00:00:00'),
(104, 'Carmarthenshire ', '0', 0, '0000-00-00 00:00:00', 0, '0000-00-00 00:00:00'),
(105, 'Carrickfergus ', '0', 0, '0000-00-00 00:00:00', 0, '0000-00-00 00:00:00'),
(106, 'Castle Point ', '0', 0, '0000-00-00 00:00:00', 0, '0000-00-00 00:00:00'),
(107, 'Central Bedfordshire ', '0', 0, '0000-00-00 00:00:00', 0, '0000-00-00 00:00:00'),
(108, 'Ceredigion ', '0', 0, '0000-00-00 00:00:00', 0, '0000-00-00 00:00:00'),
(109, 'Charnwood ', '0', 0, '0000-00-00 00:00:00', 0, '0000-00-00 00:00:00'),
(110, 'Chelmsford ', '0', 0, '0000-00-00 00:00:00', 0, '0000-00-00 00:00:00'),
(111, 'Cherwell ', '0', 0, '0000-00-00 00:00:00', 0, '0000-00-00 00:00:00'),
(112, 'Cheshire East ', '0', 0, '0000-00-00 00:00:00', 0, '0000-00-00 00:00:00'),
(113, 'Cheshire West and Chester ', '0', 0, '0000-00-00 00:00:00', 0, '0000-00-00 00:00:00'),
(114, 'Chester ', '0', 0, '0000-00-00 00:00:00', 0, '0000-00-00 00:00:00'),
(115, 'Chesterfield ', '0', 0, '0000-00-00 00:00:00', 0, '0000-00-00 00:00:00'),
(116, 'Chichester ', '0', 0, '0000-00-00 00:00:00', 0, '0000-00-00 00:00:00'),
(117, 'Chiltern ', '0', 0, '0000-00-00 00:00:00', 0, '0000-00-00 00:00:00'),
(118, 'Chorley ', '0', 0, '0000-00-00 00:00:00', 0, '0000-00-00 00:00:00'),
(119, 'Christchurch ', '0', 0, '0000-00-00 00:00:00', 0, '0000-00-00 00:00:00'),
(120, 'City of London ', '0', 0, '0000-00-00 00:00:00', 0, '0000-00-00 00:00:00'),
(121, 'Colchester ', '0', 0, '0000-00-00 00:00:00', 0, '0000-00-00 00:00:00'),
(122, 'Coleraine ', '0', 0, '0000-00-00 00:00:00', 0, '0000-00-00 00:00:00'),
(123, 'Conwy ', '0', 0, '0000-00-00 00:00:00', 0, '0000-00-00 00:00:00'),
(124, 'Cookstown ', '0', 0, '0000-00-00 00:00:00', 0, '0000-00-00 00:00:00'),
(125, 'Copeland ', '0', 0, '0000-00-00 00:00:00', 0, '0000-00-00 00:00:00'),
(126, 'Corby ', '0', 0, '0000-00-00 00:00:00', 0, '0000-00-00 00:00:00'),
(127, 'Cornwall ', '0', 0, '0000-00-00 00:00:00', 0, '0000-00-00 00:00:00'),
(128, 'Cotswold ', '0', 0, '0000-00-00 00:00:00', 0, '0000-00-00 00:00:00'),
(129, 'County Antrim ', '0', 0, '0000-00-00 00:00:00', 0, '0000-00-00 00:00:00'),
(130, 'County Durham ', '0', 0, '0000-00-00 00:00:00', 0, '0000-00-00 00:00:00'),
(131, 'Coventry ', '0', 0, '0000-00-00 00:00:00', 0, '0000-00-00 00:00:00'),
(132, 'Craigavon ', '0', 0, '0000-00-00 00:00:00', 0, '0000-00-00 00:00:00'),
(133, 'Craven ', '0', 0, '0000-00-00 00:00:00', 0, '0000-00-00 00:00:00'),
(134, 'Crawley ', '0', 0, '0000-00-00 00:00:00', 0, '0000-00-00 00:00:00'),
(135, 'Croydon ', '0', 0, '0000-00-00 00:00:00', 0, '0000-00-00 00:00:00'),
(136, 'Dacorum ', '0', 0, '0000-00-00 00:00:00', 0, '0000-00-00 00:00:00'),
(137, 'Darlington ', '0', 0, '0000-00-00 00:00:00', 0, '0000-00-00 00:00:00'),
(138, 'Daventry ', '0', 0, '0000-00-00 00:00:00', 0, '0000-00-00 00:00:00'),
(139, 'Denbighshire ', '0', 0, '0000-00-00 00:00:00', 0, '0000-00-00 00:00:00'),
(140, 'Derby ', '0', 0, '0000-00-00 00:00:00', 0, '0000-00-00 00:00:00'),
(141, 'Derbyshire Dales ', '0', 0, '0000-00-00 00:00:00', 0, '0000-00-00 00:00:00'),
(142, 'Derry ', '0', 0, '0000-00-00 00:00:00', 0, '0000-00-00 00:00:00'),
(143, 'Doncaster ', '0', 0, '0000-00-00 00:00:00', 0, '0000-00-00 00:00:00'),
(144, 'Down ', '0', 0, '0000-00-00 00:00:00', 0, '0000-00-00 00:00:00'),
(145, 'Dudley ', '0', 0, '0000-00-00 00:00:00', 0, '0000-00-00 00:00:00'),
(146, 'Dumfriesshire ', '0', 0, '0000-00-00 00:00:00', 0, '0000-00-00 00:00:00'),
(147, 'Dundee ', '0', 0, '0000-00-00 00:00:00', 0, '0000-00-00 00:00:00'),
(148, 'Dungannon and South Tyrone ', '0', 0, '0000-00-00 00:00:00', 0, '0000-00-00 00:00:00'),
(149, 'Ealing ', '0', 0, '0000-00-00 00:00:00', 0, '0000-00-00 00:00:00'),
(150, 'East Ayrshire ', '0', 0, '0000-00-00 00:00:00', 0, '0000-00-00 00:00:00'),
(151, 'East Devon ', '0', 0, '0000-00-00 00:00:00', 0, '0000-00-00 00:00:00'),
(152, 'East Dorset ', '0', 0, '0000-00-00 00:00:00', 0, '0000-00-00 00:00:00'),
(153, 'East Dunbartonshire ', '0', 0, '0000-00-00 00:00:00', 0, '0000-00-00 00:00:00'),
(154, 'East Hampshire ', '0', 0, '0000-00-00 00:00:00', 0, '0000-00-00 00:00:00'),
(155, 'East Hertfordshire ', '0', 0, '0000-00-00 00:00:00', 0, '0000-00-00 00:00:00'),
(156, 'East Lindsey ', '0', 0, '0000-00-00 00:00:00', 0, '0000-00-00 00:00:00'),
(157, 'East Lothian ', '0', 0, '0000-00-00 00:00:00', 0, '0000-00-00 00:00:00'),
(158, 'East Northamptonshire ', '0', 0, '0000-00-00 00:00:00', 0, '0000-00-00 00:00:00'),
(159, 'East Renfrewshire ', '0', 0, '0000-00-00 00:00:00', 0, '0000-00-00 00:00:00'),
(160, 'East Riding of Yorkshire ', '0', 0, '0000-00-00 00:00:00', 0, '0000-00-00 00:00:00'),
(161, 'East Staffordshire ', '0', 0, '0000-00-00 00:00:00', 0, '0000-00-00 00:00:00'),
(162, 'Eastbourne ', '0', 0, '0000-00-00 00:00:00', 0, '0000-00-00 00:00:00'),
(163, 'Eastleigh ', '0', 0, '0000-00-00 00:00:00', 0, '0000-00-00 00:00:00'),
(164, 'Eden ', '0', 0, '0000-00-00 00:00:00', 0, '0000-00-00 00:00:00'),
(165, 'Edinburgh ', '0', 0, '0000-00-00 00:00:00', 0, '0000-00-00 00:00:00'),
(166, 'Elmbridge ', '0', 0, '0000-00-00 00:00:00', 0, '0000-00-00 00:00:00'),
(167, 'Ely ', '0', 0, '0000-00-00 00:00:00', 0, '0000-00-00 00:00:00'),
(168, 'Enfield ', '0', 0, '0000-00-00 00:00:00', 0, '0000-00-00 00:00:00'),
(169, 'Epping Forest ', '0', 0, '0000-00-00 00:00:00', 0, '0000-00-00 00:00:00'),
(170, 'Epsom and Ewell ', '0', 0, '0000-00-00 00:00:00', 0, '0000-00-00 00:00:00'),
(171, 'Erewash ', '0', 0, '0000-00-00 00:00:00', 0, '0000-00-00 00:00:00'),
(172, 'Exeter ', '0', 0, '0000-00-00 00:00:00', 0, '0000-00-00 00:00:00'),
(173, 'Falkirk ', '0', 0, '0000-00-00 00:00:00', 0, '0000-00-00 00:00:00'),
(174, 'Fenland ', '0', 0, '0000-00-00 00:00:00', 0, '0000-00-00 00:00:00'),
(175, 'Fermanagh ', '0', 0, '0000-00-00 00:00:00', 0, '0000-00-00 00:00:00'),
(176, 'Fife ', '0', 0, '0000-00-00 00:00:00', 0, '0000-00-00 00:00:00'),
(177, 'Flintshire ', '0', 0, '0000-00-00 00:00:00', 0, '0000-00-00 00:00:00'),
(178, 'Folkestone ', '0', 0, '0000-00-00 00:00:00', 0, '0000-00-00 00:00:00'),
(179, 'Forest Heath ', '0', 0, '0000-00-00 00:00:00', 0, '0000-00-00 00:00:00'),
(180, 'Fylde ', '0', 0, '0000-00-00 00:00:00', 0, '0000-00-00 00:00:00'),
(181, 'Gateshead ', '0', 0, '0000-00-00 00:00:00', 0, '0000-00-00 00:00:00'),
(182, 'Gedling ', '0', 0, '0000-00-00 00:00:00', 0, '0000-00-00 00:00:00'),
(183, 'Glasgow ', '0', 0, '0000-00-00 00:00:00', 0, '0000-00-00 00:00:00'),
(184, 'Gloucester ', '0', 0, '0000-00-00 00:00:00', 0, '0000-00-00 00:00:00'),
(185, 'Gravesham ', '0', 0, '0000-00-00 00:00:00', 0, '0000-00-00 00:00:00'),
(186, 'Greenwich ', '0', 0, '0000-00-00 00:00:00', 0, '0000-00-00 00:00:00'),
(187, 'Guernsey ', '0', 0, '0000-00-00 00:00:00', 0, '0000-00-00 00:00:00'),
(188, 'Guildford ', '0', 0, '0000-00-00 00:00:00', 0, '0000-00-00 00:00:00'),
(189, 'Gwynedd ', '0', 0, '0000-00-00 00:00:00', 0, '0000-00-00 00:00:00'),
(190, 'Hackney ', '0', 0, '0000-00-00 00:00:00', 0, '0000-00-00 00:00:00'),
(191, 'Halton ', '0', 0, '0000-00-00 00:00:00', 0, '0000-00-00 00:00:00'),
(192, 'Hambleton ', '0', 0, '0000-00-00 00:00:00', 0, '0000-00-00 00:00:00'),
(193, 'Hammersmith and Fulham ', '0', 0, '0000-00-00 00:00:00', 0, '0000-00-00 00:00:00'),
(194, 'Hampshire ', '0', 0, '0000-00-00 00:00:00', 0, '0000-00-00 00:00:00'),
(195, 'Harborough ', '0', 0, '0000-00-00 00:00:00', 0, '0000-00-00 00:00:00'),
(196, 'Haringey ', '0', 0, '0000-00-00 00:00:00', 0, '0000-00-00 00:00:00'),
(197, 'Harrogate ', '0', 0, '0000-00-00 00:00:00', 0, '0000-00-00 00:00:00'),
(198, 'Harrow ', '0', 0, '0000-00-00 00:00:00', 0, '0000-00-00 00:00:00'),
(199, 'Hart ', '0', 0, '0000-00-00 00:00:00', 0, '0000-00-00 00:00:00'),
(200, 'Hartlepool ', '0', 0, '0000-00-00 00:00:00', 0, '0000-00-00 00:00:00'),
(201, 'Hastings ', '0', 0, '0000-00-00 00:00:00', 0, '0000-00-00 00:00:00'),
(202, 'Havering ', '0', 0, '0000-00-00 00:00:00', 0, '0000-00-00 00:00:00'),
(203, 'Hereford ', '0', 0, '0000-00-00 00:00:00', 0, '0000-00-00 00:00:00'),
(204, 'Hertfordshire ', '0', 0, '0000-00-00 00:00:00', 0, '0000-00-00 00:00:00'),
(205, 'Hertsmere ', '0', 0, '0000-00-00 00:00:00', 0, '0000-00-00 00:00:00'),
(206, 'High Peak ', '0', 0, '0000-00-00 00:00:00', 0, '0000-00-00 00:00:00'),
(207, 'Highland ', '0', 0, '0000-00-00 00:00:00', 0, '0000-00-00 00:00:00'),
(208, 'Hillingdon ', '0', 0, '0000-00-00 00:00:00', 0, '0000-00-00 00:00:00'),
(209, 'Hinckley and Bosworth ', '0', 0, '0000-00-00 00:00:00', 0, '0000-00-00 00:00:00'),
(210, 'Horsham ', '0', 0, '0000-00-00 00:00:00', 0, '0000-00-00 00:00:00'),
(211, 'Hounslow ', '0', 0, '0000-00-00 00:00:00', 0, '0000-00-00 00:00:00'),
(212, 'Hull ', '0', 0, '0000-00-00 00:00:00', 0, '0000-00-00 00:00:00'),
(213, 'Huntingdonshire ', '0', 0, '0000-00-00 00:00:00', 0, '0000-00-00 00:00:00'),
(214, 'Hyndburn ', '0', 0, '0000-00-00 00:00:00', 0, '0000-00-00 00:00:00'),
(215, 'Inverness ', '0', 0, '0000-00-00 00:00:00', 0, '0000-00-00 00:00:00'),
(216, 'Ipswich ', '0', 0, '0000-00-00 00:00:00', 0, '0000-00-00 00:00:00'),
(217, 'Isle of Man ', '0', 0, '0000-00-00 00:00:00', 0, '0000-00-00 00:00:00'),
(218, 'Isle of Wight ', '0', 0, '0000-00-00 00:00:00', 0, '0000-00-00 00:00:00'),
(219, 'Isles of Scilly ', '0', 0, '0000-00-00 00:00:00', 0, '0000-00-00 00:00:00'),
(220, 'Islington ', '0', 0, '0000-00-00 00:00:00', 0, '0000-00-00 00:00:00'),
(221, 'Jersey ', '0', 0, '0000-00-00 00:00:00', 0, '0000-00-00 00:00:00'),
(222, 'Kennet ', '0', 0, '0000-00-00 00:00:00', 0, '0000-00-00 00:00:00'),
(223, 'Kensington and Chelsea ', '0', 0, '0000-00-00 00:00:00', 0, '0000-00-00 00:00:00'),
(224, 'Kent ', '0', 0, '0000-00-00 00:00:00', 0, '0000-00-00 00:00:00'),
(225, 'Kettering ', '0', 0, '0000-00-00 00:00:00', 0, '0000-00-00 00:00:00'),
(226, 'Kingston upon Hull ', '0', 0, '0000-00-00 00:00:00', 0, '0000-00-00 00:00:00'),
(227, 'Kingston upon Thames ', '0', 0, '0000-00-00 00:00:00', 0, '0000-00-00 00:00:00'),
(228, 'Kinross-Shire ', '0', 0, '0000-00-00 00:00:00', 0, '0000-00-00 00:00:00'),
(229, 'Kirkcudbrightshire ', '0', 0, '0000-00-00 00:00:00', 0, '0000-00-00 00:00:00'),
(230, 'Kirklees ', '0', 0, '0000-00-00 00:00:00', 0, '0000-00-00 00:00:00'),
(231, 'Knowsley ', '0', 0, '0000-00-00 00:00:00', 0, '0000-00-00 00:00:00'),
(232, 'Lambeth ', '0', 0, '0000-00-00 00:00:00', 0, '0000-00-00 00:00:00'),
(233, 'Lanarkshire ', '0', 0, '0000-00-00 00:00:00', 0, '0000-00-00 00:00:00'),
(234, 'Lancaster ', '0', 0, '0000-00-00 00:00:00', 0, '0000-00-00 00:00:00'),
(235, 'Larne ', '0', 0, '0000-00-00 00:00:00', 0, '0000-00-00 00:00:00'),
(236, 'Leeds ', '0', 0, '0000-00-00 00:00:00', 0, '0000-00-00 00:00:00'),
(237, 'Leicester ', '0', 0, '0000-00-00 00:00:00', 0, '0000-00-00 00:00:00'),
(238, 'Leighton Buzzard ', '0', 0, '0000-00-00 00:00:00', 0, '0000-00-00 00:00:00'),
(239, 'Lewes ', '0', 0, '0000-00-00 00:00:00', 0, '0000-00-00 00:00:00'),
(240, 'Lewisham ', '0', 0, '0000-00-00 00:00:00', 0, '0000-00-00 00:00:00'),
(241, 'Lichfield ', '0', 0, '0000-00-00 00:00:00', 0, '0000-00-00 00:00:00'),
(242, 'Limavady ', '0', 0, '0000-00-00 00:00:00', 0, '0000-00-00 00:00:00'),
(243, 'Lincoln ', '0', 0, '0000-00-00 00:00:00', 0, '0000-00-00 00:00:00'),
(244, 'Lisburn ', '0', 0, '0000-00-00 00:00:00', 0, '0000-00-00 00:00:00'),
(245, 'Liverpool ', '0', 0, '0000-00-00 00:00:00', 0, '0000-00-00 00:00:00'),
(246, 'Llandrindod Wells ', '0', 0, '0000-00-00 00:00:00', 0, '0000-00-00 00:00:00'),
(247, 'Magherafelt ', '0', 0, '0000-00-00 00:00:00', 0, '0000-00-00 00:00:00'),
(248, 'Maidenhead ', '0', 0, '0000-00-00 00:00:00', 0, '0000-00-00 00:00:00'),
(249, 'Maidstone ', '0', 0, '0000-00-00 00:00:00', 0, '0000-00-00 00:00:00'),
(250, 'Maldon ', '0', 0, '0000-00-00 00:00:00', 0, '0000-00-00 00:00:00'),
(251, 'Malvern Hills ', '0', 0, '0000-00-00 00:00:00', 0, '0000-00-00 00:00:00'),
(252, 'Manchester ', '0', 0, '0000-00-00 00:00:00', 0, '0000-00-00 00:00:00'),
(253, 'Mansfield ', '0', 0, '0000-00-00 00:00:00', 0, '0000-00-00 00:00:00'),
(254, 'Medway ', '0', 0, '0000-00-00 00:00:00', 0, '0000-00-00 00:00:00'),
(255, 'Melton ', '0', 0, '0000-00-00 00:00:00', 0, '0000-00-00 00:00:00'),
(256, 'Mendip ', '0', 0, '0000-00-00 00:00:00', 0, '0000-00-00 00:00:00'),
(257, 'Merthyr Tydfil ', '0', 0, '0000-00-00 00:00:00', 0, '0000-00-00 00:00:00'),
(258, 'Merton ', '0', 0, '0000-00-00 00:00:00', 0, '0000-00-00 00:00:00'),
(259, 'Mid Devon ', '0', 0, '0000-00-00 00:00:00', 0, '0000-00-00 00:00:00'),
(260, 'Mid Suffolk ', '0', 0, '0000-00-00 00:00:00', 0, '0000-00-00 00:00:00'),
(261, 'Mid Sussex ', '0', 0, '0000-00-00 00:00:00', 0, '0000-00-00 00:00:00'),
(262, 'Middlesborough ', '0', 0, '0000-00-00 00:00:00', 0, '0000-00-00 00:00:00'),
(263, 'Middlesbrough ', '0', 0, '0000-00-00 00:00:00', 0, '0000-00-00 00:00:00'),
(264, 'Midlothian ', '0', 0, '0000-00-00 00:00:00', 0, '0000-00-00 00:00:00'),
(265, 'Milton Keynes ', '0', 0, '0000-00-00 00:00:00', 0, '0000-00-00 00:00:00'),
(266, 'Mole Valley ', '0', 0, '0000-00-00 00:00:00', 0, '0000-00-00 00:00:00'),
(267, 'Monmouthshire ', '0', 0, '0000-00-00 00:00:00', 0, '0000-00-00 00:00:00'),
(268, 'Moray ', '0', 0, '0000-00-00 00:00:00', 0, '0000-00-00 00:00:00'),
(269, 'Moyle ', '0', 0, '0000-00-00 00:00:00', 0, '0000-00-00 00:00:00'),
(270, 'Neath Port Talbot ', '0', 0, '0000-00-00 00:00:00', 0, '0000-00-00 00:00:00'),
(271, 'New Forest ', '0', 0, '0000-00-00 00:00:00', 0, '0000-00-00 00:00:00'),
(272, 'Newark and Sherwood ', '0', 0, '0000-00-00 00:00:00', 0, '0000-00-00 00:00:00'),
(273, 'Newcastle ', '0', 0, '0000-00-00 00:00:00', 0, '0000-00-00 00:00:00'),
(274, 'Newcastle upon Tyne ', '0', 0, '0000-00-00 00:00:00', 0, '0000-00-00 00:00:00'),
(275, 'Newcastle-under-Lyme ', '0', 0, '0000-00-00 00:00:00', 0, '0000-00-00 00:00:00'),
(276, 'Newham ', '0', 0, '0000-00-00 00:00:00', 0, '0000-00-00 00:00:00'),
(277, 'Newmarket ', '0', 0, '0000-00-00 00:00:00', 0, '0000-00-00 00:00:00'),
(278, 'Newport ', '0', 0, '0000-00-00 00:00:00', 0, '0000-00-00 00:00:00'),
(279, 'Newry and Mourne ', '0', 0, '0000-00-00 00:00:00', 0, '0000-00-00 00:00:00'),
(280, 'Newtownabbey ', '0', 0, '0000-00-00 00:00:00', 0, '0000-00-00 00:00:00'),
(281, 'Norfolk ', '0', 0, '0000-00-00 00:00:00', 0, '0000-00-00 00:00:00'),
(282, 'North Ayrshire ', '0', 0, '0000-00-00 00:00:00', 0, '0000-00-00 00:00:00'),
(283, 'North Dorset ', '0', 0, '0000-00-00 00:00:00', 0, '0000-00-00 00:00:00'),
(284, 'North Down ', '0', 0, '0000-00-00 00:00:00', 0, '0000-00-00 00:00:00'),
(285, 'North East Derbyshire ', '0', 0, '0000-00-00 00:00:00', 0, '0000-00-00 00:00:00'),
(286, 'North East Lincolnshire ', '0', 0, '0000-00-00 00:00:00', 0, '0000-00-00 00:00:00'),
(287, 'North Hertfordshire ', '0', 0, '0000-00-00 00:00:00', 0, '0000-00-00 00:00:00'),
(288, 'North Kesteven ', '0', 0, '0000-00-00 00:00:00', 0, '0000-00-00 00:00:00'),
(289, 'North Lanarkshire ', '0', 0, '0000-00-00 00:00:00', 0, '0000-00-00 00:00:00'),
(290, 'North Lincolnshire ', '0', 0, '0000-00-00 00:00:00', 0, '0000-00-00 00:00:00'),
(291, 'North Somerset ', '0', 0, '0000-00-00 00:00:00', 0, '0000-00-00 00:00:00'),
(292, 'North Tyneside ', '0', 0, '0000-00-00 00:00:00', 0, '0000-00-00 00:00:00'),
(293, 'North Warwickshire ', '0', 0, '0000-00-00 00:00:00', 0, '0000-00-00 00:00:00'),
(294, 'North West Leicestershire ', '0', 0, '0000-00-00 00:00:00', 0, '0000-00-00 00:00:00'),
(295, 'North Yorkshire ', '0', 0, '0000-00-00 00:00:00', 0, '0000-00-00 00:00:00'),
(296, 'Northampton ', '0', 0, '0000-00-00 00:00:00', 0, '0000-00-00 00:00:00'),
(297, 'Northumberland ', '0', 0, '0000-00-00 00:00:00', 0, '0000-00-00 00:00:00'),
(298, 'Norwich ', '0', 0, '0000-00-00 00:00:00', 0, '0000-00-00 00:00:00'),
(299, 'Nottingham ', '0', 0, '0000-00-00 00:00:00', 0, '0000-00-00 00:00:00'),
(300, 'Nuneaton & Bedworth ', '0', 0, '0000-00-00 00:00:00', 0, '0000-00-00 00:00:00'),
(301, 'Oldham ', '0', 0, '0000-00-00 00:00:00', 0, '0000-00-00 00:00:00'),
(302, 'Omagh ', '0', 0, '0000-00-00 00:00:00', 0, '0000-00-00 00:00:00'),
(303, 'Orkney Islands ', '0', 0, '0000-00-00 00:00:00', 0, '0000-00-00 00:00:00'),
(304, 'Oxford ', '0', 0, '0000-00-00 00:00:00', 0, '0000-00-00 00:00:00'),
(305, 'Pembrokeshire ', '0', 0, '0000-00-00 00:00:00', 0, '0000-00-00 00:00:00'),
(306, 'Pendle ', '0', 0, '0000-00-00 00:00:00', 0, '0000-00-00 00:00:00'),
(307, 'Perth and Kinross ', '0', 0, '0000-00-00 00:00:00', 0, '0000-00-00 00:00:00'),
(308, 'Peterborough ', '0', 0, '0000-00-00 00:00:00', 0, '0000-00-00 00:00:00'),
(309, 'Plymouth ', '0', 0, '0000-00-00 00:00:00', 0, '0000-00-00 00:00:00'),
(310, 'Poole ', '0', 0, '0000-00-00 00:00:00', 0, '0000-00-00 00:00:00'),
(311, 'Powys ', '0', 0, '0000-00-00 00:00:00', 0, '0000-00-00 00:00:00'),
(312, 'Preston ', '0', 0, '0000-00-00 00:00:00', 0, '0000-00-00 00:00:00'),
(313, 'Purbeck ', '0', 0, '0000-00-00 00:00:00', 0, '0000-00-00 00:00:00'),
(314, 'Ramsgate ', '0', 0, '0000-00-00 00:00:00', 0, '0000-00-00 00:00:00'),
(315, 'Redbridge ', '0', 0, '0000-00-00 00:00:00', 0, '0000-00-00 00:00:00'),
(316, 'Redcar & Cleveland ', '0', 0, '0000-00-00 00:00:00', 0, '0000-00-00 00:00:00'),
(317, 'Redditch ', '0', 0, '0000-00-00 00:00:00', 0, '0000-00-00 00:00:00'),
(318, 'Region ', '0', 0, '0000-00-00 00:00:00', 0, '0000-00-00 00:00:00'),
(319, 'Reigate and Banstead ', '0', 0, '0000-00-00 00:00:00', 0, '0000-00-00 00:00:00'),
(320, 'Renfrewshire ', '0', 0, '0000-00-00 00:00:00', 0, '0000-00-00 00:00:00'),
(321, 'Rhondda Cynon Taf ', '0', 0, '0000-00-00 00:00:00', 0, '0000-00-00 00:00:00'),
(322, 'Ribble Valley ', '0', 0, '0000-00-00 00:00:00', 0, '0000-00-00 00:00:00'),
(323, 'Richmond upon Thames ', '0', 0, '0000-00-00 00:00:00', 0, '0000-00-00 00:00:00'),
(324, 'Ripon ', '0', 0, '0000-00-00 00:00:00', 0, '0000-00-00 00:00:00'),
(325, 'Rochdale ', '0', 0, '0000-00-00 00:00:00', 0, '0000-00-00 00:00:00'),
(326, 'Rochford ', '0', 0, '0000-00-00 00:00:00', 0, '0000-00-00 00:00:00'),
(327, 'Rossendale ', '0', 0, '0000-00-00 00:00:00', 0, '0000-00-00 00:00:00'),
(328, 'Rother ', '0', 0, '0000-00-00 00:00:00', 0, '0000-00-00 00:00:00'),
(329, 'Rotherham ', '0', 0, '0000-00-00 00:00:00', 0, '0000-00-00 00:00:00'),
(330, 'Rothes ', '0', 0, '0000-00-00 00:00:00', 0, '0000-00-00 00:00:00'),
(331, 'Rugby ', '0', 0, '0000-00-00 00:00:00', 0, '0000-00-00 00:00:00'),
(332, 'Runnymede ', '0', 0, '0000-00-00 00:00:00', 0, '0000-00-00 00:00:00'),
(333, 'Rushcliffe ', '0', 0, '0000-00-00 00:00:00', 0, '0000-00-00 00:00:00'),
(334, 'Rushmoor ', '0', 0, '0000-00-00 00:00:00', 0, '0000-00-00 00:00:00'),
(335, 'Rutland ', '0', 0, '0000-00-00 00:00:00', 0, '0000-00-00 00:00:00'),
(336, 'Salford ', '0', 0, '0000-00-00 00:00:00', 0, '0000-00-00 00:00:00'),
(337, 'Sandwell ', '0', 0, '0000-00-00 00:00:00', 0, '0000-00-00 00:00:00'),
(338, 'Scottish Borders ', '0', 0, '0000-00-00 00:00:00', 0, '0000-00-00 00:00:00'),
(339, 'Sedgemoor ', '0', 0, '0000-00-00 00:00:00', 0, '0000-00-00 00:00:00'),
(340, 'Sefton ', '0', 0, '0000-00-00 00:00:00', 0, '0000-00-00 00:00:00'),
(341, 'Selby ', '0', 0, '0000-00-00 00:00:00', 0, '0000-00-00 00:00:00'),
(342, 'Sevenoaks ', '0', 0, '0000-00-00 00:00:00', 0, '0000-00-00 00:00:00'),
(343, 'Sheffield ', '0', 0, '0000-00-00 00:00:00', 0, '0000-00-00 00:00:00'),
(344, 'Shepway ', '0', 0, '0000-00-00 00:00:00', 0, '0000-00-00 00:00:00'),
(345, 'Shetland', '0', 0, '0000-00-00 00:00:00', 0, '0000-00-00 00:00:00'),
(346, 'Shrewsbury ', '0', 0, '0000-00-00 00:00:00', 0, '0000-00-00 00:00:00'),
(347, 'Shropshire ', '0', 0, '0000-00-00 00:00:00', 0, '0000-00-00 00:00:00'),
(348, 'Slough ', '0', 0, '0000-00-00 00:00:00', 0, '0000-00-00 00:00:00'),
(349, 'Solihull ', '0', 0, '0000-00-00 00:00:00', 0, '0000-00-00 00:00:00'),
(350, 'Somerset ', '0', 0, '0000-00-00 00:00:00', 0, '0000-00-00 00:00:00'),
(351, 'South Ayrshire ', '0', 0, '0000-00-00 00:00:00', 0, '0000-00-00 00:00:00'),
(352, 'South Buckinghamshire ', '0', 0, '0000-00-00 00:00:00', 0, '0000-00-00 00:00:00'),
(353, 'South Derbyshire ', '0', 0, '0000-00-00 00:00:00', 0, '0000-00-00 00:00:00'),
(354, 'South Gloucestershire ', '0', 0, '0000-00-00 00:00:00', 0, '0000-00-00 00:00:00'),
(355, 'South Hams ', '0', 0, '0000-00-00 00:00:00', 0, '0000-00-00 00:00:00'),
(356, 'South Holland ', '0', 0, '0000-00-00 00:00:00', 0, '0000-00-00 00:00:00'),
(357, 'South Kesteven ', '0', 0, '0000-00-00 00:00:00', 0, '0000-00-00 00:00:00'),
(358, 'South Lakeland ', '0', 0, '0000-00-00 00:00:00', 0, '0000-00-00 00:00:00'),
(359, 'South Lanarkshire ', '0', 0, '0000-00-00 00:00:00', 0, '0000-00-00 00:00:00'),
(360, 'South Norfolk ', '0', 0, '0000-00-00 00:00:00', 0, '0000-00-00 00:00:00'),
(361, 'South Northamptonshire ', '0', 0, '0000-00-00 00:00:00', 0, '0000-00-00 00:00:00'),
(362, 'South Oxfordshire ', '0', 0, '0000-00-00 00:00:00', 0, '0000-00-00 00:00:00'),
(363, 'South Ribble ', '0', 0, '0000-00-00 00:00:00', 0, '0000-00-00 00:00:00'),
(364, 'South Somerset ', '0', 0, '0000-00-00 00:00:00', 0, '0000-00-00 00:00:00'),
(365, 'South Staffordshire ', '0', 0, '0000-00-00 00:00:00', 0, '0000-00-00 00:00:00'),
(366, 'South Tyneside ', '0', 0, '0000-00-00 00:00:00', 0, '0000-00-00 00:00:00'),
(367, 'Southampton ', '0', 0, '0000-00-00 00:00:00', 0, '0000-00-00 00:00:00'),
(368, 'Southend-on-Sea ', '0', 0, '0000-00-00 00:00:00', 0, '0000-00-00 00:00:00'),
(369, 'Southwark ', '0', 0, '0000-00-00 00:00:00', 0, '0000-00-00 00:00:00'),
(370, 'Spelthorne ', '0', 0, '0000-00-00 00:00:00', 0, '0000-00-00 00:00:00'),
(371, 'St Albans ', '0', 0, '0000-00-00 00:00:00', 0, '0000-00-00 00:00:00'),
(372, 'St Edmundsbury ', '0', 0, '0000-00-00 00:00:00', 0, '0000-00-00 00:00:00'),
(373, 'St. Helens ', '0', 0, '0000-00-00 00:00:00', 0, '0000-00-00 00:00:00'),
(374, 'Staffordshire ', '0', 0, '0000-00-00 00:00:00', 0, '0000-00-00 00:00:00'),
(375, 'Stevenage ', '0', 0, '0000-00-00 00:00:00', 0, '0000-00-00 00:00:00'),
(376, 'Stirling ', '0', 0, '0000-00-00 00:00:00', 0, '0000-00-00 00:00:00'),
(377, 'Stockport ', '0', 0, '0000-00-00 00:00:00', 0, '0000-00-00 00:00:00'),
(378, 'Stockton-on-Tees ', '0', 0, '0000-00-00 00:00:00', 0, '0000-00-00 00:00:00'),
(379, 'Strabane ', '0', 0, '0000-00-00 00:00:00', 0, '0000-00-00 00:00:00'),
(380, 'Stratford-on-Avon ', '0', 0, '0000-00-00 00:00:00', 0, '0000-00-00 00:00:00'),
(381, 'Stroud ', '0', 0, '0000-00-00 00:00:00', 0, '0000-00-00 00:00:00'),
(382, 'Suffolk ', '0', 0, '0000-00-00 00:00:00', 0, '0000-00-00 00:00:00'),
(383, 'Suffolk Coastal ', '0', 0, '0000-00-00 00:00:00', 0, '0000-00-00 00:00:00'),
(384, 'Sunderland ', '0', 0, '0000-00-00 00:00:00', 0, '0000-00-00 00:00:00'),
(385, 'Surrey Heath ', '0', 0, '0000-00-00 00:00:00', 0, '0000-00-00 00:00:00'),
(386, 'Sussex ', '0', 0, '0000-00-00 00:00:00', 0, '0000-00-00 00:00:00'),
(387, 'Sutton ', '0', 0, '0000-00-00 00:00:00', 0, '0000-00-00 00:00:00'),
(388, 'Swale ', '0', 0, '0000-00-00 00:00:00', 0, '0000-00-00 00:00:00'),
(389, 'Swansea ', '0', 0, '0000-00-00 00:00:00', 0, '0000-00-00 00:00:00'),
(390, 'Swindon ', '0', 0, '0000-00-00 00:00:00', 0, '0000-00-00 00:00:00'),
(391, 'Tameside ', '0', 0, '0000-00-00 00:00:00', 0, '0000-00-00 00:00:00'),
(392, 'Tamworth ', '0', 0, '0000-00-00 00:00:00', 0, '0000-00-00 00:00:00'),
(393, 'Tandridge ', '0', 0, '0000-00-00 00:00:00', 0, '0000-00-00 00:00:00'),
(394, 'Teignbridge ', '0', 0, '0000-00-00 00:00:00', 0, '0000-00-00 00:00:00'),
(395, 'Telford and Wrekin ', '0', 0, '0000-00-00 00:00:00', 0, '0000-00-00 00:00:00'),
(396, 'Tendring ', '0', 0, '0000-00-00 00:00:00', 0, '0000-00-00 00:00:00'),
(397, 'Test Valley ', '0', 0, '0000-00-00 00:00:00', 0, '0000-00-00 00:00:00'),
(398, 'Tewkesbury ', '0', 0, '0000-00-00 00:00:00', 0, '0000-00-00 00:00:00'),
(399, 'Three Rivers ', '0', 0, '0000-00-00 00:00:00', 0, '0000-00-00 00:00:00'),
(400, 'Thurrock ', '0', 0, '0000-00-00 00:00:00', 0, '0000-00-00 00:00:00'),
(401, 'Tonbridge and Malling ', '0', 0, '0000-00-00 00:00:00', 0, '0000-00-00 00:00:00'),
(402, 'Torbay ', '0', 0, '0000-00-00 00:00:00', 0, '0000-00-00 00:00:00'),
(403, 'Torfaen ', '0', 0, '0000-00-00 00:00:00', 0, '0000-00-00 00:00:00'),
(404, 'Torridge ', '0', 0, '0000-00-00 00:00:00', 0, '0000-00-00 00:00:00'),
(405, 'Tower Hamlets ', '0', 0, '0000-00-00 00:00:00', 0, '0000-00-00 00:00:00'),
(406, 'Trafford ', '0', 0, '0000-00-00 00:00:00', 0, '0000-00-00 00:00:00'),
(407, 'Tunbridge Wells ', '0', 0, '0000-00-00 00:00:00', 0, '0000-00-00 00:00:00'),
(408, 'Uttlesford ', '0', 0, '0000-00-00 00:00:00', 0, '0000-00-00 00:00:00'),
(409, 'Vale of Glamorgan ', '0', 0, '0000-00-00 00:00:00', 0, '0000-00-00 00:00:00'),
(410, 'Vale of White Horse ', '0', 0, '0000-00-00 00:00:00', 0, '0000-00-00 00:00:00'),
(411, 'Wakefield ', '0', 0, '0000-00-00 00:00:00', 0, '0000-00-00 00:00:00'),
(412, 'Walsall ', '0', 0, '0000-00-00 00:00:00', 0, '0000-00-00 00:00:00'),
(413, 'Waltham Forest ', '0', 0, '0000-00-00 00:00:00', 0, '0000-00-00 00:00:00'),
(414, 'Wandsworth ', '0', 0, '0000-00-00 00:00:00', 0, '0000-00-00 00:00:00'),
(415, 'Warrington ', '0', 0, '0000-00-00 00:00:00', 0, '0000-00-00 00:00:00'),
(416, 'Warwick ', '0', 0, '0000-00-00 00:00:00', 0, '0000-00-00 00:00:00'),
(417, 'Watford ', '0', 0, '0000-00-00 00:00:00', 0, '0000-00-00 00:00:00'),
(418, 'Waveney ', '0', 0, '0000-00-00 00:00:00', 0, '0000-00-00 00:00:00'),
(419, 'Waverley ', '0', 0, '0000-00-00 00:00:00', 0, '0000-00-00 00:00:00'),
(420, 'Wealden ', '0', 0, '0000-00-00 00:00:00', 0, '0000-00-00 00:00:00'),
(421, 'Wellingborough ', '0', 0, '0000-00-00 00:00:00', 0, '0000-00-00 00:00:00'),
(422, 'Welwyn Hatfield ', '0', 0, '0000-00-00 00:00:00', 0, '0000-00-00 00:00:00'),
(423, 'West Berkshire ', '0', 0, '0000-00-00 00:00:00', 0, '0000-00-00 00:00:00'),
(424, 'West Devon ', '0', 0, '0000-00-00 00:00:00', 0, '0000-00-00 00:00:00'),
(425, 'West Dorset ', '0', 0, '0000-00-00 00:00:00', 0, '0000-00-00 00:00:00'),
(426, 'West Dunbartonshire ', '0', 0, '0000-00-00 00:00:00', 0, '0000-00-00 00:00:00'),
(427, 'West Lancashire ', '0', 0, '0000-00-00 00:00:00', 0, '0000-00-00 00:00:00'),
(428, 'West Lindsey ', '0', 0, '0000-00-00 00:00:00', 0, '0000-00-00 00:00:00'),
(429, 'West London ', '0', 0, '0000-00-00 00:00:00', 0, '0000-00-00 00:00:00'),
(430, 'West Lothian ', '0', 0, '0000-00-00 00:00:00', 0, '0000-00-00 00:00:00'),
(431, 'West Norfolk ', '0', 0, '0000-00-00 00:00:00', 0, '0000-00-00 00:00:00'),
(432, 'West Oxfordshire ', '0', 0, '0000-00-00 00:00:00', 0, '0000-00-00 00:00:00'),
(433, 'Westminster ', '0', 0, '0000-00-00 00:00:00', 0, '0000-00-00 00:00:00'),
(434, 'Weymouth and Portland ', '0', 0, '0000-00-00 00:00:00', 0, '0000-00-00 00:00:00'),
(435, 'Wigan ', '0', 0, '0000-00-00 00:00:00', 0, '0000-00-00 00:00:00'),
(436, 'Wigtownshire ', '0', 0, '0000-00-00 00:00:00', 0, '0000-00-00 00:00:00'),
(437, 'Wiltshire ', '0', 0, '0000-00-00 00:00:00', 0, '0000-00-00 00:00:00'),
(438, 'Winchester ', '0', 0, '0000-00-00 00:00:00', 0, '0000-00-00 00:00:00'),
(439, 'Windsor and Maidenhead ', '0', 0, '0000-00-00 00:00:00', 0, '0000-00-00 00:00:00'),
(440, 'Wirral ', '0', 0, '0000-00-00 00:00:00', 0, '0000-00-00 00:00:00'),
(441, 'Woking ', '0', 0, '0000-00-00 00:00:00', 0, '0000-00-00 00:00:00'),
(442, 'Wokingham ', '0', 0, '0000-00-00 00:00:00', 0, '0000-00-00 00:00:00'),
(443, 'Wolverhampton ', '0', 0, '0000-00-00 00:00:00', 0, '0000-00-00 00:00:00'),
(444, 'Worcester ', '0', 0, '0000-00-00 00:00:00', 0, '0000-00-00 00:00:00'),
(445, 'Worthing ', '0', 0, '0000-00-00 00:00:00', 0, '0000-00-00 00:00:00'),
(446, 'Wrexham ', '0', 0, '0000-00-00 00:00:00', 0, '0000-00-00 00:00:00'),
(447, 'Wychavon ', '0', 0, '0000-00-00 00:00:00', 0, '0000-00-00 00:00:00'),
(448, 'Wycombe ', '0', 0, '0000-00-00 00:00:00', 0, '0000-00-00 00:00:00'),
(449, 'Wyre ', '0', 0, '0000-00-00 00:00:00', 0, '0000-00-00 00:00:00'),
(450, 'Wyre Forest ', '0', 0, '0000-00-00 00:00:00', 0, '0000-00-00 00:00:00'),
(451, 'York ', '0', 0, '0000-00-00 00:00:00', 0, '0000-00-00 00:00:00');

-- --------------------------------------------------------

--
-- Table structure for table `member`
--

CREATE TABLE IF NOT EXISTS `member` (
  `memberId` int(10) NOT NULL AUTO_INCREMENT,
  `code` varchar(10) NOT NULL,
  `firstName` varchar(50) NOT NULL,
  `lastName` varchar(50) NOT NULL,
  `memberType` varchar(50) NOT NULL COMMENT 'Indivisual,Company',
  `purpose` varchar(100) NOT NULL,
  `telephone` varchar(20) NOT NULL,
  `mobile` varchar(15) NOT NULL,
  `email` varchar(50) NOT NULL,
  `flatOrHouseName` varchar(50) NOT NULL,
  `address` varchar(200) NOT NULL,
  `postCode` varchar(10) NOT NULL,
  `source` varchar(50) NOT NULL,
  `status` varchar(50) NOT NULL,
  `note` varchar(200) NOT NULL,
  `addedDate` datetime NOT NULL,
  `modifyDate` datetime NOT NULL,
  `addedBy` int(10) NOT NULL,
  `modifyBy` int(10) NOT NULL,
  `branch` varchar(10) NOT NULL,
  `registerDate` datetime NOT NULL,
  `title` varchar(10) NOT NULL COMMENT 'Mr,Mrs',
  `minBudget` int(10) NOT NULL,
  `maxBudget` int(10) NOT NULL,
  `nextCall` datetime NOT NULL,
  `nextCallShow` tinyint(1) NOT NULL DEFAULT '1',
  `requirements` varchar(200) NOT NULL,
  `activeMember` tinyint(1) NOT NULL,
  `willRetain` tinyint(1) NOT NULL,
  `requirementNotes` text NOT NULL,
  `contactNotes` text NOT NULL,
  `type` varchar(10) NOT NULL COMMENT 'let,sale',
  `leasehold` varchar(20) NOT NULL,
  `leaseyears` varchar(4) NOT NULL,
  `bed` tinyint(2) NOT NULL,
  `bath` tinyint(2) NOT NULL,
  `sofa` tinyint(2) NOT NULL,
  `corrAddress` varchar(255) NOT NULL,
  `otherContact` varchar(200) NOT NULL,
  `townCity` varchar(25) NOT NULL,
  `feedBackValue` int(10) NOT NULL,
  `outcome` varchar(15) NOT NULL,
  `occupation` varchar(50) NOT NULL,
  `reference` varchar(50) NOT NULL,
  `propertyReqDate` date NOT NULL,
  `adult` varchar(10) NOT NULL,
  `child` varchar(10) NOT NULL,
  `pets` varchar(3) NOT NULL,
  `bankName` varchar(50) NOT NULL,
  `bankAcNo` varchar(50) NOT NULL,
  `bankDetails` varchar(100) NOT NULL,
  `workingStatus` varchar(7) NOT NULL,
  `sortcode` varchar(100) NOT NULL,
  `locationId` int(10) NOT NULL,
  PRIMARY KEY (`memberId`)
) ENGINE=InnoDB  DEFAULT CHARSET=latin1 AUTO_INCREMENT=103 ;

--
-- Dumping data for table `member`
--

INSERT INTO `member` (`memberId`, `code`, `firstName`, `lastName`, `memberType`, `purpose`, `telephone`, `mobile`, `email`, `flatOrHouseName`, `address`, `postCode`, `source`, `status`, `note`, `addedDate`, `modifyDate`, `addedBy`, `modifyBy`, `branch`, `registerDate`, `title`, `minBudget`, `maxBudget`, `nextCall`, `nextCallShow`, `requirements`, `activeMember`, `willRetain`, `requirementNotes`, `contactNotes`, `type`, `leasehold`, `leaseyears`, `bed`, `bath`, `sofa`, `corrAddress`, `otherContact`, `townCity`, `feedBackValue`, `outcome`, `occupation`, `reference`, `propertyReqDate`, `adult`, `child`, `pets`, `bankName`, `bankAcNo`, `bankDetails`, `workingStatus`, `sortcode`, `locationId`) VALUES
(1, 'VV1', 'Florence', 'Johnson', '', '', '', '07941551184', 'fjohnson@blessedltd.com', 'Flat 7 1A', 'Pollards Road', 'SM4 6EG', 'Property', 'LANDLORD', '', '2016-02-01 05:54:57', '0000-00-00 00:00:00', 31, 0, '', '2016-02-01 05:54:57', 'Mrs', 0, 0, '2016-02-08 00:00:00', 1, '', 1, 0, '', '', 'Rent', '', '', 1, 1, 1, '', '', 'Morden', 0, '', '', '', '0000-00-00', '', '', '', 'Miss F Johnson', '31218555', '60-14-31', '', '', 0),
(2, 'VV2', 'Ahmed', 'Aisha', '', '', '', '07879845669', '', '4', 'Fortescue Road', 'SW19 2EB', 'Property', 'LANDLORD', '', '2016-02-01 05:57:34', '0000-00-00 00:00:00', 31, 0, '', '2016-02-01 05:57:34', 'Mrs', 0, 0, '2016-02-08 00:00:00', 1, '', 1, 0, '', '', 'Rent', '', '', 1, 1, 1, '4  Fortescue Road  SW19 2EB', '', 'Colliers Wood', 0, '', '', '', '0000-00-00', '', '', '', 'Mrs A Ahmad', '42326797', '09-01-27', '', '', 0),
(3, 'VV3', 'Lucky', 'Davis', '', '', '', '07903472796', 'davis.lucky@talktalk.net', '4', 'Heron Court Wilkins Close', 'CR4 3SA', 'Property', 'LANDLORD', '', '2016-02-01 06:01:48', '0000-00-00 00:00:00', 31, 0, '', '2016-02-01 06:01:48', 'Mr', 0, 0, '2016-06-30 00:00:00', 1, '', 1, 0, '', '', 'Rent', '', '', 1, 1, 1, '4  Heron Court Wilkins Close  CR4 3SA', '', 'Mitcham', 0, '', '', '', '0000-00-00', '', '', '', 'Davis Lucky ', '41361686', '40-02-16  ', '', '', 0),
(4, 'AA4', '', '', '', '', '', '', '', '', '', '', '', '', '', '2016-02-02 02:55:23', '0000-00-00 00:00:00', 31, 0, '', '2016-02-02 02:55:23', '', 0, 0, '0000-00-00 00:00:00', 1, '', 0, 0, '', '', '', '', '', 0, 0, 0, '', '', '', 0, '', '', '', '0000-00-00', '', '', '', '', '', '', '', '', 0),
(6, 'VV6', 'M A', 'Chaudhary', '', '', '', '07737641979', '', '5 Victory Avenue', '5 Victory Avenue', 'SM4 6DL', 'Property', 'LANDLORD', '', '2016-02-04 11:21:11', '0000-00-00 00:00:00', 31, 0, '', '2016-02-04 11:21:11', 'Mr', 0, 0, '2016-02-11 00:00:00', 1, '', 1, 0, '', '', 'Rent', '', '', 1, 1, 1, '5 Victory Avenue  5 Victory Avenue  SM4 6DL', '', 'Morden', 0, 'Accepted', '', '', '0000-00-00', '', '', '', '', ' 10986568', 'M A Chadhary  ', '', '30-99-10 ', 0),
(7, 'VV7', 'Jeanette', 'Ward', '', '', '', '07853876520', '', '5 Finborough Road', 'Tooting', 'SW17 9HY', 'Property', 'LANDLORD', '', '2016-02-04 11:23:50', '0000-00-00 00:00:00', 31, 0, '', '2016-02-04 11:23:50', 'Mr', 0, 0, '2016-08-11 00:00:00', 1, '', 1, 0, '', '', 'Rent', '', '', 1, 1, 1, '5 Finborough Road  Tooting  SW17 9HY', '', 'London', 0, 'Accepted', '', '', '0000-00-00', '', '', '', '', '79109233', 'J K Ward  ', '', '60-21-29', 0),
(8, 'VV8', 'Ann Maria', 'Kim', '', '', '', '07932770823', 'annmkim@icloud.com', '5 Duntshill Road', 'Earlsfield', 'SW18 4QN', 'Property', 'LANDLORD', '', '2016-02-04 11:30:05', '0000-00-00 00:00:00', 31, 0, '', '2016-02-04 11:30:05', 'Mr', 0, 0, '2018-09-24 00:00:00', 1, '', 1, 0, '', '', 'Rent', '', '', 1, 1, 1, '5 Duntshill Road  Earlsfield  SW18 4QN', '', 'London', 0, 'Accepted', '', '', '0000-00-00', '', '', '', '', '86729551', 'Miss maria Kim  ', '', '60-24-06', 0),
(9, 'VV9', 'Ali', 'Akhbar', '', '', '', '07782223250', '', '6 High Street ', 'West Norwood', 'SE27 9NS', 'Property', 'LANDLORD', '', '2016-02-04 11:33:37', '0000-00-00 00:00:00', 31, 0, '', '2016-02-04 11:33:37', 'Mr', 0, 0, '2016-07-21 00:00:00', 1, '', 1, 0, '', '', 'Rent', '', '', 1, 1, 1, '6 High Street   West Norwood  SE27 9NS', '', 'London', 0, 'Accepted', '', '', '0000-00-00', '', '', '', '', '06645803', 'Mrs.F Diba   ', '', '12-24-82 ', 0),
(10, 'VV10', 'AKah', 'Frances', '', '', '', '07702554247', 'frances.akah@hotmail.com', '7 Shrewton Road', 'Mitcham', 'SW17 9HZ', 'Property', 'LANDLORD', '', '2016-02-04 11:35:51', '0000-00-00 00:00:00', 31, 0, '', '2016-02-04 11:35:51', 'Mrs', 0, 0, '2016-08-24 00:00:00', 1, '', 1, 0, '', '', 'Rent', '', '', 1, 1, 1, '7 Shrewton Road  Mitcham  SW17 9HZ', '', 'London', 0, 'Accepted', '', '', '0000-00-00', '', '', '', '', '83546667', 'Adaezaikpoh Akah ', '', '20-17-94 ', 0),
(11, 'VV11', 'Ann Maria', 'Kim', '', '', '', '7932770823', 'annmkim@icloud.com', '7 Lulworth Crescent', 'Mitcham', 'CR4 3BR', 'Property', 'LANDLORD', '', '2016-02-04 11:38:37', '0000-00-00 00:00:00', 31, 0, '', '2016-02-04 11:38:37', 'Ms', 0, 0, '2016-02-11 00:00:00', 1, '', 1, 0, '', '', 'Rent', '', '', 1, 1, 1, '7 Lulworth Crescent  Mitcham  CR4 3BR', '', 'London', 0, 'Accepted', '', '', '0000-00-00', '', '', '', '', '86729551', 'Miss maria Kim ', '', '60-24-06 ', 0),
(12, 'VV12', 'Enid', 'Brenyah', '', '', '', '07956858378', 'enidbrenyah@hotmail.com', '14 Boyd Road ', 'Colliers Wood', 'SW19 2DG', 'Property', 'LANDLORD', '', '2016-02-04 11:41:35', '0000-00-00 00:00:00', 31, 0, '', '2016-02-04 11:41:35', 'Ms', 0, 0, '2016-10-31 00:00:00', 1, '', 1, 0, '', '', 'Rent', '', '', 1, 1, 1, '14 Boyd Road   Colliers Wood  SW19 2DG', '', 'London', 0, 'Accepted', '', '', '0000-00-00', '', '', '', '', '00718834', 'Miss E F Brenyah   ', '', '11-04-08 ', 0),
(13, 'VV13', 'Akah', 'Frances', '', '', '', '07702554247', 'frances.akah@hotmail.com', '16 Tudor Place', 'Mitcham', 'CR4 3LQ', 'Property', 'LANDLORD', '', '2016-02-04 11:43:46', '0000-00-00 00:00:00', 31, 0, '', '2016-02-04 11:43:46', 'Mrs', 0, 0, '2016-09-29 00:00:00', 1, '', 1, 0, '', '', 'Rent', '', '', 1, 1, 1, '16 Tudor Place  Mitcham  CR4 3LQ', '', 'London', 0, '', '', '', '0000-00-00', '', '', '', '', ' 83546667', 'Adaezaikpoh Akah ', '', '20-17-94', 0),
(14, 'VV14', 'Agyar', 'Kwabena', '', '', '', '07901861047', 'k.bediako@hotmail.com', '17 Pierre Point 19 Ross Rd', 'South Norwood', 'SE25 6SD', 'Property', 'LANDLORD', '', '2016-02-04 11:45:52', '0000-00-00 00:00:00', 31, 0, '', '2016-02-04 11:45:52', 'Mr', 0, 0, '2017-03-14 00:00:00', 1, '', 1, 0, '', '', 'Rent', '', '', 1, 1, 1, '17 Pierre Point 19 Ross Rd  South Norwood  SE25 6SD', '', 'London', 0, '', '', '', '0000-00-00', '', '', '', '', '50418092', 'kwabena Agyar   ', '', '50-41-06', 0),
(15, 'VV15', 'Shah', 'Akhtar', '', '', '', '07956679570', 'akhtar@securityredalert.com', '19 Newbridge Court', 'Hazelhurst Rd', 'SW17 0UE', 'Property', 'LANDLORD', '', '2016-02-04 11:49:57', '0000-00-00 00:00:00', 31, 0, '', '2016-02-04 11:49:57', 'Mr', 0, 0, '2016-09-14 00:00:00', 1, '', 1, 0, '', '', 'Rent', '', '', 1, 1, 1, '19 Newbridge Court  Hazelhurst Rd  SW17 0UE', '', 'London', 0, 'Accepted', '', '', '0000-00-00', '', '', '', '', ' 21710737', 'A Shah  ', '', '40-07-04 ', 0),
(16, 'VV16', 'Byard', 'Aiktins', '', '', '', '07438869093', '', '21 Gilbey Road', 'Tooting', 'SW17 0QQ', 'Property', 'LANDLORD', '', '2016-02-04 11:51:29', '0000-00-00 00:00:00', 31, 0, '', '2016-02-04 11:51:29', 'Mr', 0, 0, '2016-07-29 00:00:00', 1, '', 1, 0, '', '', 'Rent', '', '', 1, 1, 1, '21 Gilbey Road  Tooting  SW17 0QQ', '', 'London', 0, 'Accepted', '', '', '0000-00-00', '', '', '', '', '23296407', 'B Y Aitkins  ', '', '20-21-80  ', 0),
(17, 'VV17', 'Ann Maria', 'Kim', '', '', '', '07932770823', '', '22 Graham Rd,', 'Mitcham', ' CR4 2HA', 'Property', 'LANDLORD', '', '2016-02-04 11:53:34', '0000-00-00 00:00:00', 31, 0, '', '2016-02-04 11:53:34', 'Mr', 0, 0, '2018-07-13 00:00:00', 1, '', 1, 0, '', '', 'Rent', '', '', 1, 1, 1, '22 Graham Rd,  Mitcham   CR4 2HA', '', 'London', 0, 'Accepted', '', '', '0000-00-00', '', '', '', '', '86729551', 'Miss maria Kim  ', '', '60-24-06', 0),
(18, 'VV18', 'Imran', 'Ahmad', '', '', '', '07759466962', '', '27 Christchurch Close', 'Colliers Wood', 'SW19 2NZ', 'Property', 'LANDLORD', '', '2016-02-04 11:58:32', '0000-00-00 00:00:00', 31, 0, '', '2016-02-04 11:58:32', 'Mr', 0, 0, '2018-02-05 00:00:00', 1, '', 1, 0, '', '', 'Rent', '', '', 1, 1, 1, '27 Christchurch Close  Colliers Wood  SW19 2NY', '', 'London', 0, 'Accepted', '', '', '0000-00-00', '', '', '', '', '92310716', 'Mr I Ahmad  ', '', '40-40-01', 0),
(19, 'VV19', 'Oswaru', 'Festus', '', '', '', '07718607667', 'fosawaru80@gmail.com', 'G F F 30 Graham Rd', 'Mitcham', 'CR4 2HB', 'Property', 'LANDLORD', '', '2016-02-04 12:03:59', '0000-00-00 00:00:00', 31, 0, '', '2016-02-04 12:03:59', 'Mr', 0, 0, '2016-10-23 00:00:00', 1, '', 1, 0, '', '', 'Rent', '', '', 1, 1, 1, 'G F F 30 Graham Rd  Mitcham  CR4 2HB', '', 'London', 0, 'Accepted', '', '', '0000-00-00', '', '', '', '', '43438465', 'F Osawaru  ', '', '20-68-04  ', 0),
(20, 'VV20', 'Enid', 'Brenyah', '', '', '', '07956858378', '', 'F F F 30 Graham Road', 'Mitcham', 'CR4 3HB', 'Property', 'LANDLORD', '', '2016-02-04 12:06:23', '0000-00-00 00:00:00', 31, 0, '', '2016-02-04 12:06:23', 'Mrs', 0, 0, '2016-10-04 00:00:00', 1, '', 1, 0, '', '', 'Rent', '', '', 1, 1, 1, 'F F F 30 Graham Road  Mitcham  CR4 3HB', '', 'London', 0, '', '', '', '0000-00-00', '', '', '', '', '00718834', 'Miss E F Brenyah    ', '', '11-04-08', 0),
(21, 'VV21', 'Naeem', 'Osman', '', '', '', '07770967888', '', '43 London Road', 'Tooting', 'SW17 9JR', 'Property', 'LANDLORD', '', '2016-02-04 12:08:29', '0000-00-00 00:00:00', 31, 0, '', '2016-02-04 12:08:29', 'Mr', 0, 0, '2018-11-24 00:00:00', 1, '', 1, 0, '', '', 'Rent', '', '', 1, 1, 1, '43 London Road  Tooting  SW17 9JR', '', 'London', 0, 'Accepted', '', '', '0000-00-00', '', '', '', '', '42514649', 'Naeem Osman    ', '', '60-20-39', 0),
(22, 'VV22', 'C K ', 'Patel', '', '', '', '07904015906', '', '63A Trinity Road', 'Tooting Bec', 'SW17 7SD', 'Property', 'LANDLORD', '', '2016-02-04 12:10:05', '0000-00-00 00:00:00', 31, 0, '', '2016-02-04 12:10:05', 'Mr', 0, 0, '2016-09-08 00:00:00', 1, '', 1, 0, '', '', 'Rent', '', '', 1, 1, 1, '63A Trinity Road  Tooting Bec  SW17 7SD', '', 'London', 0, '', '', '', '0000-00-00', '', '', '', '', '00719722', 'C K Patel    ', '', '20-21-78', 0),
(23, 'VV23', 'Des', 'Williamson', '', '', '', ' 07934860273', '', 'G F F 69 Gilbey Road', 'Tooting', 'SW17 0QH', 'Property', 'LANDLORD', '', '2016-02-04 12:21:40', '0000-00-00 00:00:00', 31, 0, '', '2016-02-04 12:21:40', 'Mr', 0, 0, '2016-06-30 00:00:00', 1, '', 1, 0, '', '', 'Rent', '', '', 1, 1, 1, 'G F F 69 Gilbey Road  Tooting  SW17 0QH', '', 'London', 0, 'Accepted', '', '', '0000-00-00', '', '', '', '', '46159023', 'S N Williamson    ', '', '07-02-46', 0),
(24, 'VV24', 'Des', 'Williamson', '', '', '', '07934860273', '', '69 Gilbey Road', 'Tooting', 'SW17 0QH', 'Property', 'LANDLORD', '', '2016-02-04 12:24:02', '0000-00-00 00:00:00', 31, 0, '', '2016-02-04 12:24:02', 'Mr', 0, 0, '2016-07-14 00:00:00', 1, '', 1, 0, '', '', 'Rent', '', '', 1, 1, 1, '69 Gilbey Road  Tooting  SW17 0QH', '', 'London', 0, 'Accepted', '', '', '0000-00-00', '', '', '', '', '46159023', 'S N Williamson    ', '', '07-02-46', 0),
(25, 'VV25', 'Iqubal', 'Menji', '', '', '', '07931911175', '', '80 Glen Albyn Road', 'Southfields', 'SW19 6HE', 'Property', 'LANDLORD', '', '2016-02-04 12:25:21', '0000-00-00 00:00:00', 31, 0, '', '2016-02-04 12:25:21', 'Mr', 0, 0, '2016-08-12 00:00:00', 1, '', 1, 0, '', '', 'Rent', '', '', 1, 1, 1, '80 Glen Albyn Road  Southfields  SW19 6HE', '', 'London', 0, 'Accepted', '', '', '0000-00-00', '', '', '', '', '03558703', 'I H Menji    ', '', '60-07-20', 0),
(26, 'VV26', 'Global Project LTD', 'BOB', '', '', '', '07961761712', '', '83 Eswyn Road', 'Tooting', 'SW17 8TR', 'Property', 'LANDLORD', '', '2016-02-04 12:26:38', '0000-00-00 00:00:00', 31, 0, '', '2016-02-04 12:26:38', 'Mr', 0, 0, '2015-11-30 00:00:00', 1, '', 1, 0, '', '', 'Rent', '', '', 1, 1, 1, '83 Eswyn Road  Tooting  SW17 8TR', '', 'London', 0, 'Accepted', '', '', '0000-00-00', '', '', '', '', '40546658', 'Glob Project LTD.  ', '', '20-49-81', 0),
(27, 'VV27', 'Bilal', 'Ahmed', '', '', '', '07883008561', '', '84A High Street ', 'Colliers Wood', 'SW19 2BY', 'Property', 'LANDLORD', '', '2016-02-04 12:30:17', '0000-00-00 00:00:00', 31, 0, '', '2016-02-04 12:30:17', 'Mr', 0, 0, '2018-11-14 00:00:00', 1, '', 1, 0, '', '', 'Rent', '', '', 1, 1, 1, '84A High Street   Colliers Wood  SW19 2BY', '', 'London', 0, '', '', '', '0000-00-00', '', '', '', '', '55859062', 'Ahmed Bilal   ', '', '60-21-29', 0),
(28, 'VV28', 'Alice', 'Brenyah', '', '', '', '07956858289', '', '85 Kent Close', 'Mitcham', 'CR4 1XP', 'Property', 'LANDLORD', '', '2016-02-04 01:09:12', '0000-00-00 00:00:00', 31, 0, '', '2016-02-04 01:09:12', 'Ms', 0, 0, '2016-07-29 00:00:00', 1, '', 1, 0, '', '', 'Rent', '', '', 1, 1, 1, '85 Kent Close  Mitcham  CR4 1XP', '', 'London', 0, 'Accepted', '', '', '0000-00-00', '', '', '', '', ' 60707732', 'Ms Alice Brenyah   ', '', '20-21-78', 0),
(29, 'VV29', 'Girach Estates LTD', 'Faruk', '', '', '', '07988649308', '', '88B High Street ', 'Colliers Wood', 'SW19 2BT', 'Property', 'LANDLORD', '', '2016-02-04 01:11:23', '0000-00-00 00:00:00', 31, 0, '', '2016-02-04 01:11:23', 'Mr', 0, 0, '2016-08-02 00:00:00', 1, '', 1, 0, '', '', 'Rent', '', '', 1, 1, 1, '88B High Street   Colliers Wood  SW19 2BT', '', 'London', 0, 'Accepted', '', '', '0000-00-00', '', '', '', '', '33462412', 'Girach Estates Limited ', '', '20-96-89 ', 0),
(30, 'VV30', 'Patel', 'Sarmishta ', '', '', '', '07754596927', '', '139 Wandsworth High Street', 'Wandsworth', 'SW18 4JB', 'Property', 'LANDLORD', '', '2016-02-04 01:15:32', '0000-00-00 00:00:00', 31, 0, '', '2016-02-04 01:15:32', 'Mr', 0, 0, '2016-05-11 00:00:00', 1, '', 1, 0, '', '', 'Rent', '', '', 1, 1, 1, '139 Wandsworth High Street  Wandsworth  SW18 4JB', '', 'London', 0, 'Accepted', '', '', '0000-00-00', '', '', '', '', '55739504', 'M Patel ', '', '55739504', 0),
(31, 'VV31', 'Adekunle', 'Olu', '', '', '', '07984825635', '', 'Flat 6 113 Moyser Road', 'Streatham ', 'SW16 6SJ', 'Property', 'LANDLORD', '', '2016-02-06 10:30:10', '0000-00-00 00:00:00', 31, 0, '', '2016-02-06 10:30:10', 'Mr', 0, 0, '2016-02-13 00:00:00', 1, '', 1, 0, '', '', 'Rent', '', '', 1, 1, 1, 'Flat 6 113 Moyser Road  Streatham   SW16 6SJ', '', 'London', 0, 'Accepted', '', '', '0000-00-00', '', '', '', 'HSBC', '11351893', 'Mr O O Adekunle', '', '40-41-31', 0),
(32, 'VV32', 'Khan', 'Sonor', '', '', '', '07850074099', '', '167 Northborough Road', 'Norbury', 'SW16 4BB', 'Property', 'LANDLORD', '', '2016-02-06 10:33:45', '0000-00-00 00:00:00', 31, 0, '', '2016-02-06 10:33:45', 'Mr', 0, 0, '2017-01-24 00:00:00', 1, '', 1, 0, '', '', 'Rent', '', '', 1, 1, 1, '167 Northborough Road  Norbury  SW16 4BB', '', 'London', 0, 'Accepted', '', '', '0000-00-00', '', '', '', '', '', '', '', '', 0),
(33, 'VV33', 'Aisha ', 'Ahmed', '', '', '', '07879845669', '', '171 Monkleigh Road', 'Morden', 'SM4 4EQ', 'Property', 'LANDLORD', '', '2016-02-06 10:36:17', '0000-00-00 00:00:00', 31, 0, '', '2016-02-06 10:36:17', 'Mrs', 0, 0, '2017-02-09 00:00:00', 1, '', 1, 0, '', '', 'Rent', '', '', 1, 1, 1, '171 Monkleigh Road  Morden  SM4 4EQ', '', 'London', 0, 'Accepted', '', '', '0000-00-00', '', '', '', '', '42326797', 'Mrs A Ahmad      ', '', '09-01-27', 0),
(34, 'VV34', 'Vijaya', 'Kumar', '', '', '', '07908672660', '', '195A Streatham Road', 'Mitcham', 'CR4 2AJ', 'Property', 'LANDLORD', '', '2016-02-06 10:38:28', '0000-00-00 00:00:00', 31, 0, '', '2016-02-06 10:38:28', 'Mr', 0, 0, '2016-09-30 00:00:00', 1, '', 1, 0, '', '', 'Rent', '', '', 1, 1, 1, '195A Streatham Road  Mitcham  CR4 2AJ', '', 'London', 0, 'Accepted', '', '', '0000-00-00', '', '', '', '', '43111093', 'K vijayakumar  ', '', '09-01-36', 0),
(35, 'VV35', 'Iqubal', 'Mehnji', '', '', '', '07931911175', '', '200 Castlecombe Drive ', 'Southfields', 'SW19 6RS', 'Property', 'LANDLORD', '', '2016-02-06 10:53:31', '0000-00-00 00:00:00', 31, 0, '', '2016-02-06 10:53:31', 'Mr', 0, 0, '2016-10-14 00:00:00', 1, '', 1, 0, '', '', 'Rent', '', '', 1, 1, 1, '200 Castlecombe Drive   Southfields  SW19 6RS', '', 'London', 0, 'Accepted', '', '', '0000-00-00', '', '', '', '', '03558703', 'I H Menji   ', '', ' 60-07-20', 0),
(36, 'VV36', 'Cribs', 'Shakil', '', '', '', '078777663517', '', '359 West Barnes Lane', 'New Malden ', 'KT3 6JF', 'Property', 'LANDLORD', '', '2016-02-06 10:55:21', '0000-00-00 00:00:00', 31, 0, '', '2016-02-06 10:55:21', 'Mr', 0, 0, '2016-11-16 00:00:00', 1, '', 1, 0, '', '', 'Rent', '', '', 1, 1, 1, '359 West Barnes Lane  New Malden   KT3 6JF', '', 'London', 0, 'Accepted', '', '', '0000-00-00', '', '', '', '', '10153727', 'Sentpoint Prope   ', '', '16-25-27', 0),
(37, 'VV37', 'Z U', 'Jan', '', '', ' 02089478577', '', '', '393 Durnsford Road', 'Wimbledon', 'SW19 8EE', 'Property', 'LANDLORD', '', '2016-02-06 10:57:33', '0000-00-00 00:00:00', 31, 0, '', '2016-02-06 10:57:33', 'Mr', 0, 0, '2016-04-22 00:00:00', 1, '', 1, 0, '', '', 'Rent', '', '', 1, 1, 1, '393 Durnsford Road  Wimbledon  SW19 8EE', '', 'London', 0, 'Accepted', '', '', '0000-00-00', '', '', '', '', '41633873', 'Z U Jan    ', '', '60-20-09', 0),
(38, 'VV38', 'Danielle', 'Edie', '', '', '', '07957148137', '', '429A Lynmouth Avenue', 'Morden', 'SM4 4RZ', 'Property', 'LANDLORD', '', '2016-02-06 10:59:37', '0000-00-00 00:00:00', 31, 0, '', '2016-02-06 10:59:37', 'Mrs', 0, 0, '2016-03-09 00:00:00', 1, '', 1, 0, '', '', 'Rent', '', '', 1, 1, 1, '429A Lynmouth Avenue  Morden  SM4 4RZ', '', 'London', 0, 'Accepted', '', '', '0000-00-00', '', '', '', '', '25264718', 'Mrs.D A Edie', '', '25264718', 0),
(39, 'VV39', 'Akhtar', 'Shah', '', '', '', '07956679570', '', '716 Garratt Lane', 'Tooting', 'SW17 0NN', 'Property', 'LANDLORD', '', '2016-02-06 11:01:35', '0000-00-00 00:00:00', 31, 0, '', '2016-02-06 11:01:35', 'Mr', 0, 0, '2016-03-21 00:00:00', 1, '', 1, 0, '', '', 'Rent', '', '', 1, 1, 1, '716 Garratt Lane  Tooting  SW17 0NN', '', 'London', 0, 'Accepted', '', '', '0000-00-00', '', '', '', '', '09495800', 'A Shah  ', '', '09-01-26  ', 0),
(43, 'AA43', 'Asim', 'Lutfullah', 'Existing Tenant', '', '', '07932759676', 'asimlut@gmail.com', 'Flat 7 1A Pollards Road', 'Flat 7 1A Pollards Road', 'SM4 6EG', 'Property', 'TENANT', '', '2016-02-10 05:41:09', '0000-00-00 00:00:00', 31, 0, '', '2016-02-10 05:41:09', 'Mr', 0, 0, '2016-02-17 00:00:00', 1, '', 1, 0, '', '', 'Rent', '', '', 1, 1, 1, 'Flat 7 1A Pollards Road  Morden  SM4 6EG', '', 'Morden', 0, 'Accepted', '', '', '0000-00-00', '', '', '', '', '', '', '', '', 4),
(44, 'AA44', 'Natalia', 'Ivanova', 'Existing Tenant', '', '', '07830733366', 'nataliandrei@gmail.com', '4 Fortescue Road', '4 Fortescue Road', 'SM4 2EB', 'Property', 'TENANT', '', '2016-02-10 05:58:05', '0000-00-00 00:00:00', 31, 0, '', '2016-02-10 05:58:05', 'Ms', 0, 0, '2016-07-31 00:00:00', 1, '', 1, 0, '', '', 'Rent', '', '', 1, 1, 1, '4 Fortescue Road  4 Fortescue Road  SM4 2EB', '', 'Morden', 0, 'Accepted', '', '', '0000-00-00', '', '', '', '', '', '', '', '', 4),
(45, 'AA45', 'Datta', 'Jholak ', 'Existing Tenant', '', '', '077244757146', '', '4 Heron Court', '4 Heron Court ', 'CR4 3SA', 'Property', 'TENANT', '', '2016-02-10 06:01:20', '0000-00-00 00:00:00', 31, 0, '', '2016-02-10 06:01:20', 'Mr', 0, 0, '2016-09-14 00:00:00', 1, '', 1, 0, '', '', 'Rent', '', '', 1, 1, 1, '4 Heron Court  4 Heron Court   CR4 3SA', '', 'Mitcham', 0, 'Accepted', '', '', '0000-00-00', '', '', '', '', '', '', '', '', 2),
(46, 'AA46', 'Natalia', 'Ivanova', 'Existing Tenant', '', '', '07830733366', 'nataliandrei@gmail.com', '5 Victory Avenue', '5 Victory Avenue', 'SM4 5DL', 'Property', 'TENANT', '', '2016-02-10 06:06:10', '0000-00-00 00:00:00', 31, 0, '', '2016-02-10 06:06:10', 'Ms', 0, 0, '2017-02-14 00:00:00', 1, '', 1, 0, '', '', 'Rent', '', '', 1, 1, 1, '5 Victory Avenue  5 Victory Avenue  SM4 5DL', '', 'Morden', 0, 'Accepted', '', '', '0000-00-00', '', '', '', '', '', '', '', '', 4),
(47, 'AA47', 'Asim', 'Lutfullah', 'Existing Tenant', '', '', '07932759676', 'asimlut@gmail.com', '5 ', 'Finborough Road', 'SW17 9HY', 'Property', 'TENANT', '', '2016-02-10 06:08:10', '0000-00-00 00:00:00', 31, 0, '', '2016-02-10 06:08:10', 'Mr', 0, 0, '2016-08-07 00:00:00', 1, '', 1, 0, '', '', 'Rent', '', '', 1, 1, 1, '5   Finborough Road  SW17 9HY', '', 'Tooting', 0, 'Accepted', '', '', '0000-00-00', '', '', '', '', '', '', '', '', 3),
(48, 'AA48', 'Anna ', 'Benita', 'Existing Tenant', '', '', '', '', '5', 'Duntshill Road', 'SW18 4QN', 'Property', 'TENANT', '', '2016-02-10 06:10:42', '0000-00-00 00:00:00', 31, 0, '', '2016-02-10 06:10:42', 'Ms', 0, 0, '2016-09-24 00:00:00', 1, '', 1, 0, '', '', 'Rent', '', '', 1, 1, 1, '5  Duntshill Road  SW18 4QN', '', 'Earslfield', 0, 'Accepted', '', '', '0000-00-00', '', '', '', '', '', '', '', '', 7),
(49, 'AA49', 'Zubair', 'Akram', 'Existing Tenant', '', '', '07931413626', '', '6', 'West Norwood H Street', 'SE27 9NS', 'Property', 'TENANT', '', '2016-02-10 06:12:56', '0000-00-00 00:00:00', 31, 0, '', '2016-02-10 06:12:56', 'Mr', 0, 0, '2016-07-18 00:00:00', 1, '', 1, 0, '', '', 'Rent', '', '', 1, 1, 1, '6  West Norwood H Street  SE27 9NS', '', 'West Norwood', 0, 'Accepted', '', '', '0000-00-00', '', '', '', '', '', '', '', '', 8),
(50, 'AA50', 'Natalia', 'Ivanova', 'Existing Tenant', '', '', '07830733366', 'nataliandrei@gmail.com', '7', 'Shrewton Road', 'SW17 9HZ', 'Property', 'TENANT', '', '2016-02-10 06:14:49', '0000-00-00 00:00:00', 31, 0, '', '2016-02-10 06:14:49', 'Ms', 0, 0, '2016-08-19 00:00:00', 1, '', 1, 0, '', '', 'Rent', '', '', 1, 1, 1, '7  Shrewton Road  SW17 9HZ', '', 'Mitcham', 0, 'Accepted', '', '', '0000-00-00', '', '', '', '', '', '', '', '', 2),
(51, 'AA51', 'Zubair', 'Akram', 'Existing Tenant', '', '', '07931413626', 'zack1888@gmail.com', '7 ', 'Lulworth Crescent', 'CR4 3RB', 'Property', 'TENANT', '', '2016-02-10 06:16:44', '0000-00-00 00:00:00', 31, 0, '', '2016-02-10 06:16:44', 'Mr', 0, 0, '2016-07-28 00:00:00', 1, '', 1, 0, '', '', 'Rent', '', '', 1, 1, 1, '7   Lulworth Crescent  CR4 3RB', '', 'Mitcham', 0, 'Accepted', '', '', '0000-00-00', '', '', '', '', '', '', '', '', 2),
(52, 'AA52', 'Mushtaq', 'Bilal', 'Existing Tenant', '', '', '07881237511', '', '14', 'Boyd Road', 'SW19 2DG', 'Property', 'TENANT', '', '2016-02-10 06:18:33', '0000-00-00 00:00:00', 31, 0, '', '2016-02-10 06:18:33', 'Mrs', 0, 0, '2016-02-26 00:00:00', 1, '', 1, 0, '', '', 'Rent', '', '', 1, 1, 1, '14  Boyd Road  SW19 2DG', '', 'Colliers Wood', 0, 'Accepted', '', '', '0000-00-00', '', '', '', '', '', '', '', '', 9),
(53, 'AA53', 'Safi', 'Syed', 'Existing Tenant', '', '', '07453738342', '', '17', 'Pierre Point', 'SE27 6SD', 'Property', 'TENANT', '', '2016-02-10 06:28:28', '0000-00-00 00:00:00', 31, 0, '', '2016-02-10 06:28:28', 'Mr', 0, 0, '2016-10-29 00:00:00', 1, '', 1, 0, '', '', 'Rent', '', '', 1, 1, 1, '17  Pierre Point  SE27 6SD', '', 'South Norwood', 0, 'Accepted', '', '', '0000-00-00', '', '', '', '', '', '', '', '', 8),
(54, 'AA54', 'Yousaf', 'Chaudhury', 'Existing Tenant', '', '', '', '', '19 ', 'Newbridge Court', 'SW17 0UE', 'Property', 'TENANT', '', '2016-02-10 06:30:55', '0000-00-00 00:00:00', 31, 0, '', '2016-02-10 06:30:55', 'Mr', 0, 0, '2016-07-03 00:00:00', 1, '', 1, 0, '', '', 'Rent', '', '', 1, 1, 1, '19   Newbridge Court  SW17 0UE', '', 'Hazelhurst', 0, 'Accepted', '', '', '0000-00-00', '', '', '', '', '', '', '', '', 10),
(55, 'AA55', 'Ghazala', 'Kouser', 'Existing Tenant', '', '', '07753951378', '', '21', 'Gilbey Road', 'SW17 0QQ', 'Property', 'TENANT', '', '2016-02-10 06:32:07', '0000-00-00 00:00:00', 31, 0, '', '2016-02-10 06:32:07', 'Mrs', 0, 0, '2016-03-25 00:00:00', 1, '', 1, 0, '', '', 'Rent', '', '', 1, 1, 1, '21  Gilbey Road  SW17 0QQ', '', 'Tooting', 0, 'Accepted', '', '', '0000-00-00', '', '', '', '', '', '', '', '', 3),
(56, 'AA56', 'Asim', 'Lutfullah', 'Existing Tenant', '', '', '07932759676', 'asimlut@gmail.com', '30 G F F ', 'Graham Road ', 'CR4 2HB', 'Property', 'TENANT', '', '2016-02-10 06:34:02', '0000-00-00 00:00:00', 31, 0, '', '2016-02-10 06:34:02', 'Mr', 0, 0, '2016-02-17 00:00:00', 1, '', 1, 0, '', '', 'Rent', '', '', 1, 1, 1, '30 G F F   Graham Road   CR4 2HB', '', 'Mitcham', 0, 'Accepted', '', '', '0000-00-00', '', '', '', '', '', '', '', '', 2),
(57, 'AA57', 'Asim', 'Lutfullah', 'Existing Tenant', '', '', '07932759676', 'asimlut@gmail.com', '30 F F F ', 'Graham Road', 'CR4 2HB', 'Property', 'TENANT', '', '2016-02-11 11:42:23', '0000-00-00 00:00:00', 31, 0, '', '2016-02-11 11:42:23', 'Mr', 0, 0, '2016-10-03 00:00:00', 1, '', 1, 0, '', '', 'Rent', '', '', 1, 1, 1, '30 F F F   Graham Road  CR4 2HB', '', 'Mitcham', 0, 'Accepted', '', '', '0000-00-00', '', '', '', '', '', '', '', '', 2),
(59, 'AA59', 'Taj Bibi', 'Islam', 'Existing Tenant', '', '', '07949743045', '', '63a ', 'Trinity Road', 'SW17 7SD', 'Property', 'TENANT', '', '2016-02-11 11:53:25', '0000-00-00 00:00:00', 31, 0, '', '2016-02-11 11:53:25', 'Mrs', 0, 0, '2016-09-04 00:00:00', 1, '', 1, 0, '', '', 'Rent', '', '', 1, 1, 1, '63a   Trinity Road  SW17 7SD', '', 'Tooting', 0, 'Accepted', '', '', '0000-00-00', '', '', '', '', '', '', '', '', 3),
(61, 'AA61', 'Jane', 'Mahony', 'Existing Tenant', '', '', '07760560405', 'janeomahoney.93@gmail.com', '69 F F F ', 'Gilbey Road', 'SW17 0QH', 'Property', 'TENANT', '', '2016-02-11 12:03:44', '0000-00-00 00:00:00', 31, 0, '', '2016-02-11 12:03:44', 'Mr', 0, 0, '2016-08-16 00:00:00', 1, '', 1, 0, '', '', 'Rent', '', '', 1, 1, 1, '69 F F F   Gilbey Road  SW17 0QH', '', 'Tooting', 0, 'Accepted', '', '', '0000-00-00', '', '', '', '', '', '', '', '', 3),
(62, 'AA62', 'Iftikhar ', 'Ahmed', 'Existing Tenant', '', '', '07443846665', '', '80 ', 'Glen Albyn Road', 'SW19 6HE', 'Property', 'TENANT', '', '2016-02-11 12:05:45', '0000-00-00 00:00:00', 31, 0, '', '2016-02-11 12:05:45', 'Mr', 0, 0, '2016-08-09 00:00:00', 1, '', 1, 0, '', '', 'Rent', '', '', 1, 1, 1, '80   Glen Albyn Road  SW19 6HE', '', 'Southfields', 0, 'Accepted', '', '', '0000-00-00', '', '', '', '', '', '', '', '', 11),
(63, 'AA63', 'Abdi', 'Fatah Dahir', 'Existing Tenant', '', '', '07538325023', '', '83 ', 'Eswyn Road', 'SW17 8TR', 'Property', 'TENANT', '', '2016-02-11 12:09:48', '0000-00-00 00:00:00', 31, 0, '', '2016-02-11 12:09:48', 'Mr', 0, 0, '2016-02-18 00:00:00', 1, '', 1, 0, '', '', 'Rent', '', '', 1, 1, 1, '83   Eswyn Road  SW17 8TR', '', 'Tooting', 0, 'Accepted', '', '', '0000-00-00', '', '', '', '', '', '', '', '', 3),
(64, 'AA64', 'Irfan', 'Satar', 'Existing Tenant', '', '', '', '', '84A ', 'High Street ', 'SW19 2BT', 'Property', 'TENANT', '', '2016-02-11 12:11:42', '0000-00-00 00:00:00', 31, 0, '', '2016-02-11 12:11:42', 'Mr', 0, 0, '2016-10-16 00:00:00', 1, '', 1, 0, '', '', 'Rent', '', '', 1, 1, 1, '84A   High Street   SW19 2BT', '', 'Colliers Wood', 0, 'Accepted', '', '', '0000-00-00', '', '', '', '', '', '', '', '', 9),
(65, 'AA65', 'Asim', 'Lutfullah', 'Existing Tenant', '', '', '07932759676', 'asimlut@gmail.com', '85 ', 'Kent Close', 'CR4 1XP', 'Property', 'TENANT', '', '2016-02-11 12:13:12', '0000-00-00 00:00:00', 31, 0, '', '2016-02-11 12:13:12', 'Mr', 0, 0, '2016-09-03 00:00:00', 1, '', 1, 0, '', '', 'Rent', '', '', 1, 1, 1, '85   Kent Close  CR4 1XP', '', 'Mitcham', 0, 'Accepted', '', '', '0000-00-00', '', '', '', '', '', '', '', '', 2),
(66, 'AA66', 'Hoshin', 'Mosarof', 'Existing Tenant', '', '', '07459131236', '', '88B', 'High Street ', 'SW19 2BY', 'Property', 'TENANT', '', '2016-02-11 12:14:58', '0000-00-00 00:00:00', 31, 0, '', '2016-02-11 12:14:58', 'Mr', 0, 0, '2016-08-07 00:00:00', 1, '', 1, 0, '', '', 'Rent', '', '', 1, 1, 1, '88B  High Street   SW19 2BY', '', 'Colliers Wood', 0, 'Accepted', '', '', '0000-00-00', '', '', '', '', '', '', '', '', 9),
(67, 'AA67', 'Azmol Hussain', 'Choudhury', 'Existing Tenant', '', '', '07727230864', '', '139', 'Wandsworth High Street', 'SW18 4JB', 'Property', 'TENANT', '', '2016-02-11 12:18:18', '0000-00-00 00:00:00', 31, 0, '', '2016-02-11 12:18:18', 'Mr', 0, 0, '2016-05-07 00:00:00', 1, '', 1, 0, '', '', 'Rent', '', '', 1, 1, 1, '139  Wandsworth High Street  SW18 4JB', '', 'Wandsworth', 0, 'Accepted', '', '', '0000-00-00', '', '', '', '', '', '', '', '', 12),
(68, 'AA68', 'Zubair', 'Akram', 'Existing Tenant', '', '', '07931413626', 'zack1888@gmail.com', '167 ', 'Northborough Road', 'SW16 4BB', 'Property', 'TENANT', '', '2016-02-11 12:19:51', '0000-00-00 00:00:00', 31, 0, '', '2016-02-11 12:19:51', 'Mr', 0, 0, '2017-01-21 00:00:00', 1, '', 1, 0, '', '', 'Rent', '', '', 1, 1, 1, '167   Northborough Road  SW16 4BB', '', 'Norbury', 0, 'Accepted', '', '', '0000-00-00', '', '', '', '', '', '', '', '', 13),
(69, 'AA69', 'Amer Viquar Ul', 'Hasan', 'Existing Tenant', '', '', '', '', '171', 'Monkleigh Road', 'SM4 4EQ', 'Property', 'TENANT', '', '2016-02-11 12:23:50', '0000-00-00 00:00:00', 31, 0, '', '2016-02-11 12:23:50', 'Mr', 0, 0, '2017-02-07 00:00:00', 1, '', 1, 0, '', '', 'Rent', '', '', 1, 1, 1, '171  Monkleigh Road  SM4 4EQ', '', 'Morden', 0, 'Accepted', '', '', '0000-00-00', '', '', '', '', '', '', '', '', 4),
(70, 'AA70', 'Teresa', 'Mbemba', 'Existing Tenant', '', '02037296629', '', '', '195A', 'Streatham Road', 'CR4 2AJ', 'Property', 'TENANT', '', '2016-02-11 12:32:05', '0000-00-00 00:00:00', 31, 0, '', '2016-02-11 12:32:05', 'Mrs', 0, 0, '2016-10-02 00:00:00', 1, '', 1, 0, '', '', 'Rent', '', '', 1, 1, 1, '195A  Streatham Road  CR4 2AJ', '', 'Mitcham', 0, 'Accepted', '', '', '0000-00-00', '', '', '', '', '', '', '', '', 2),
(71, 'AA71', 'Khalid', 'Mehmood', 'Existing Tenant', '', '', '07800560633', '', '200 ', 'Castlecombe Drive', 'SW19 6RT', 'Property', 'TENANT', '', '2016-02-11 12:35:02', '0000-00-00 00:00:00', 31, 0, '', '2016-02-11 12:35:02', 'Mr', 0, 0, '2016-09-10 00:00:00', 1, '', 1, 0, '', '', 'Rent', '', '', 1, 1, 1, '200   Castlecombe Drive  SW19 6RT', '', 'Southfileds', 0, 'Accepted', '', '', '0000-00-00', '', '', '', '', '', '', '', '', 11),
(73, 'AA73', 'Asim', 'Lutfullah', 'Existing Tenant', '', '', '07932759676', '', '359', 'West Barnes Lane', 'KT3 6JF', 'Property', 'TENANT', '', '2016-02-11 12:39:49', '0000-00-00 00:00:00', 31, 0, '', '2016-02-11 12:39:49', 'Mr', 0, 0, '2016-11-14 00:00:00', 1, '', 1, 0, '', '', 'Rent', '', '', 1, 1, 1, '359  West Barnes Lane  KT3 6JF', '', 'New Malden', 0, 'Accepted', '', '', '0000-00-00', '', '', '', '', '', '', '', '', 14),
(74, 'AA74', 'Zaheer', 'Aziz', 'Existing Tenant', '', '', '07411725951', 'ma.estates47@gmail.com', '393 ', 'Durnsford Road', 'sw19 8EE', 'Property', 'TENANT', '', '2016-02-11 12:44:07', '0000-00-00 00:00:00', 31, 0, '', '2016-02-11 12:44:07', 'Mr', 0, 0, '2017-02-22 00:00:00', 1, '', 1, 0, '', '', 'Rent', '', '', 1, 1, 1, '393   Durnsford Road  sw19 8EE', '', 'Wimbledon', 0, 'Accepted', '', '', '0000-00-00', '', '', '', '', '', '', '', '', 10),
(75, 'AA75', 'Zubair', 'Akram', 'Existing Tenant', '', '', '07931413626', 'zack1888@gmail.com', '429a', 'Lynmouth Avenue', 'SM4 4RZ', 'Property', 'TENANT', '', '2016-02-11 12:46:48', '0000-00-00 00:00:00', 31, 0, '', '2016-02-11 12:46:48', 'Mr', 0, 0, '2016-10-06 00:00:00', 1, '', 1, 0, '', '', 'Rent', '', '', 1, 1, 1, '429a  Lynmouth Avenue  SM4 4RZ', '', 'Morden', 0, 'Accepted', '', '', '0000-00-00', '', '', '', '', '', '', '', '', 4),
(77, 'AA77', 'Natalia', 'Ivanova', 'Existing Tenant', '', '', '07830733366', 'nataliandrei@gmail.com', '716 ', 'Garratt Lane', 'SW17 0NN', 'Property', 'TENANT', '', '2016-02-12 12:46:01', '0000-00-00 00:00:00', 31, 0, '', '2016-02-12 12:46:01', 'Ms', 0, 0, '2016-03-21 00:00:00', 1, '', 1, 0, '', '', 'Rent', '', '', 1, 1, 1, '716   Garratt Lane  SW17 0NN', '', 'Tooting', 0, 'Accepted', '', '', '2016-02-01', '', '', '', '', '', '', '', '', 3),
(78, 'AA78', 'Ahmed', 'Iftikhar', 'Existing Tenant', '', '', '07903853772', '', 'Flat 6 113', 'Moyser Road', 'SW16 6SJ', 'Property', 'TENANT', '', '2016-03-19 11:49:51', '0000-00-00 00:00:00', 31, 0, '', '2016-03-19 11:49:51', 'Mr', 0, 0, '2016-03-26 00:00:00', 1, '', 1, 0, '', '', 'Rent', '', '', 1, 1, 1, 'Flat 6 113  Moyser Road  SW16 6SJ', '', 'Streatham ', 0, 'Accepted', '', '', '0000-00-00', '', '', '', '', '', '', '', '', 5),
(79, 'AA79', 'Abdul Hannan', 'Miazee', 'Existing Tenant', '', '', '07538537586', '', '22 ', 'Graham Road ', 'CR4 2HA', 'Property', 'TENANT', '', '2016-04-05 01:20:00', '0000-00-00 00:00:00', 31, 0, '', '2016-04-05 01:20:00', 'Mr', 0, 0, '2016-03-01 00:00:00', 1, '', 1, 0, '', '', 'Rent', '', '', 1, 1, 1, '22   Graham Road   CR4 2HA', '', 'Mitcham', 0, 'Accepted', '', '', '0000-00-00', '', '', '', '', '', '', '', '', 2),
(80, 'AA80', 'Shahid', 'Zia', 'Existing Tenant', '', '', '', '', '22', 'Graham Road', 'CR4 2HA', 'Property', 'TENANT', '', '2016-04-05 01:36:49', '0000-00-00 00:00:00', 31, 0, '', '2016-04-05 01:36:49', 'Mr', 0, 0, '2016-04-01 00:00:00', 1, '', 1, 0, '', '', 'Rent', '', '', 1, 1, 1, '22  Graham Road  CR4 2HA', '', 'Mitcham', 0, 'Accepted', '', '', '0000-00-00', '', '', '', '', '', '', '', '', 2),
(81, 'AA81', 'Suleiman', 'Wahid', 'Existing Tenant', '', '', '07946103770', '', '22', 'Graham Road', 'CR4 2HA', 'Property', 'TENANT', '', '2016-04-05 01:38:27', '0000-00-00 00:00:00', 31, 0, '', '2016-04-05 01:38:27', 'Mr', 0, 0, '2016-04-01 00:00:00', 1, '', 1, 0, '', '', 'Rent', '', '', 1, 1, 1, '22  Graham Road  CR4 2HA', '', 'Mitcham', 0, 'Accepted', '', '', '0000-00-00', '', '', '', '', '', '', '', '', 2),
(82, 'AA82', 'Niazi', 'Kamran', 'Existing Tenant', '', '', '07961526300', '', '22', 'Graham Road', 'CR4 2HA', 'Property', 'TENANT', '', '2016-04-05 01:40:36', '0000-00-00 00:00:00', 31, 0, '', '2016-04-05 01:40:36', 'Mr', 0, 0, '2016-04-12 00:00:00', 1, '', 1, 0, '', '', 'Rent', '', '', 1, 1, 1, '22  Graham Road  CR4 2HA', '', 'Mitcham', 0, 'Accepted', '', '', '0000-00-00', '', '', '', '', '', '', '', '', 2),
(83, 'AA83', 'Sharpe', 'Ricardo', 'Existing Tenant', '', '', '07528862770', '', '22', 'Graham Road ', 'CR4 2HA', 'Property', 'TENANT', '', '2016-04-05 01:45:08', '0000-00-00 00:00:00', 31, 0, '', '2016-04-05 01:45:08', 'Mr', 0, 0, '2016-04-12 00:00:00', 1, '', 1, 0, '', '', 'Rent', '', '', 1, 1, 1, '22  Graham Road   CR4 2HA', '', 'Mitcham', 0, 'Accepted', '', '', '0000-00-00', '', '', '', '', '', '', '', '', 2),
(84, 'AA84', 'Adnan', 'Majeed', 'Existing Tenant', '', '', '07983902535', '', '22', 'Graham Road ', 'CR4 2HA', 'Property', 'TENANT', '', '2016-04-05 01:46:34', '0000-00-00 00:00:00', 31, 0, '', '2016-04-05 01:46:34', 'Mr', 0, 0, '2016-04-15 00:00:00', 1, '', 1, 0, '', '', 'Rent', '', '', 1, 1, 1, '22  Graham Road   CR4 2HA', '', 'Mitcham', 0, 'Accepted', '', '', '0000-00-00', '', '', '', '', '', '', '', '', 2),
(85, 'VV85', 'M', 'Dayala', '', '', '', '07951296114', 'y_dayala@yahoo.co.uk', '40 ', 'Woodhall House', 'SW18 3SA', 'Property', 'LANDLORD', '', '2016-05-04 11:06:26', '0000-00-00 00:00:00', 31, 0, '', '2016-05-04 11:06:26', 'Mr', 0, 0, '2017-05-01 00:00:00', 1, '', 1, 0, '', '', 'Rent', '', '', 1, 1, 1, '40   Woodhall House  SW18 3SA', '', 'Wandsworth', 0, 'Accepted', '', '', '0000-00-00', '', '', '', 'Barclays ', '703210641', 'MR Y ', '', '20-21-78', 12),
(86, 'VV86', 'Ponnampalam', 'Sangar', '', '', '02086487750', '', '', '34 ', 'London Road', 'SW17 9HP', 'Property', 'LANDLORD', '', '2016-05-04 11:46:59', '0000-00-00 00:00:00', 31, 0, '', '2016-05-04 11:46:59', 'Mr', 0, 0, '2017-04-14 00:00:00', 1, '', 1, 0, '', '', 'Rent', '', '', 1, 1, 1, '34   London Road  SW17 9HP', '', 'Tooting', 0, 'Accepted', '', '', '0000-00-00', '', '', '', '', '', '', '', '', 3),
(87, 'AA87', 'Mamadou', 'Sankare', 'Existing Tenant', '', '', '07438602533', 'mamadousankare@gmail.com', '34 ', 'London Road', 'SW17 9HP', 'Property', 'TENANT', '', '2016-05-04 11:51:12', '0000-00-00 00:00:00', 31, 0, '', '2016-05-04 11:51:12', 'Mr', 0, 0, '2016-05-02 00:00:00', 1, '', 1, 0, '', '', 'Rent', '', '', 1, 1, 1, '34   London Road  SW17 9HP', '', 'Tooting', 0, 'Accepted', '', '', '0000-00-00', '', '', '', '', '', '', '', '', 3),
(88, 'AA88', 'Ibrahim Sofia', 'Yabarow Muhudin', 'Existing Tenant', '', '', '07939460128', '', '34 ', 'London Road', 'SW17 9HP', 'Property', 'TENANT', '', '2016-05-04 11:59:28', '0000-00-00 00:00:00', 31, 0, '', '2016-05-04 11:59:28', 'Mr', 0, 0, '2016-02-01 00:00:00', 1, '', 0, 0, '', '', 'Rent', '', '', 1, 1, 1, '34   London Road  SW17 9HP', '', 'Tooting', 0, 'Accepted', '', '', '0000-00-00', '', '', '', '', '', '', '', '', 3),
(89, 'VV89', 'Shiraz', 'Jamil Ahmed', '', '', '', '07521000233', 'shiraz@hotmail.com', '21 ', 'Bridgewood Road ', 'KT4 8XP', 'Property', 'LANDLORD', '', '2016-05-18 12:29:41', '0000-00-00 00:00:00', 31, 0, '', '2016-05-18 12:29:41', 'Mr', 0, 0, '2016-05-25 00:00:00', 1, '', 1, 0, '', '', 'Rent', '', '', 1, 1, 1, '21   Bridgewood Road   KT4 8XP', '', 'Worcester Park', 0, 'Accepted', '', '', '0000-00-00', '', '', '', 'HSBC', '72634163', 'Shiraz Ahmed', '', '40-02-44', 15),
(90, 'VV90', 'Zafar', 'Ullah', '', '', '', '', 'gprojectltd@gmail.com', '83 ', 'Eswyn Road', 'SW17 8TR', 'Property', 'LANDLORD', '', '2016-05-18 04:54:59', '0000-00-00 00:00:00', 31, 0, '', '2016-05-18 04:54:59', 'Mr', 0, 0, '2016-05-25 00:00:00', 1, '', 1, 0, '', '', 'Rent', '', '', 1, 1, 1, '83   Eswyn Road  SW17 8TR', '', 'Tooting', 0, 'Accepted', '', '', '0000-00-00', '', '', '', '', '40546658', 'Glob Project Ltd', '', '20-49-81', 3),
(91, 'AA91', '', 'Rubin', 'Prospective Tenant', '', '07541030606', '', '', '', '', '', 'Property', 'TENANT', '', '2016-05-20 10:14:35', '0000-00-00 00:00:00', 31, 0, '', '2016-05-20 10:14:35', 'Mr', 500, 550, '2016-05-27 00:00:00', 1, 'Double Room,   1 Beds , 1 Bath , 1 Reception ,', 1, 1, '', '', 'Rent', '', '', 1, 1, 1, '', '', '', 0, 'Accepted', 'Waiter', '', '2016-05-31', '1', '0', 'No', '', '', '', 'Working', '', 1),
(92, 'AA92', '', 'Andi', 'Prospective Tenant', '', '02085400738', '07708890448', '', '', '', '', 'Property', 'TENANT', '', '2016-05-24 11:57:13', '0000-00-00 00:00:00', 31, 0, '', '2016-05-24 11:57:13', 'Mrs', 1200, 1300, '2016-05-31 00:00:00', 1, '  2 Beds , 1 Bath , 1 Reception ,', 1, 0, '', '', 'Rent', '', '', 2, 1, 1, '', '', '', 0, 'Accepted', '', '', '2016-05-24', '1', '1', 'No', '', '', '', 'DSS', '', 2),
(93, 'AA93', 'Ramcharitar', 'Shamiroon', 'Existing Tenant', '', '', '07714686721', '', '43', 'London Road', 'SW17 9JR', 'Property', 'TENANT', '', '2016-05-24 12:28:36', '0000-00-00 00:00:00', 31, 0, '', '2016-05-24 12:28:36', 'Ms', 0, 0, '2017-05-11 00:00:00', 1, '', 1, 0, '', '', 'Rent', '', '', 1, 1, 1, '43  London Road  SW17 9JR', '', 'Tooting', 0, 'Accepted', '', '', '0000-00-00', '1', '0', 'No', '', '', '', 'Part DS', '', 3),
(94, 'AA94', 'Faisal', 'Aman', 'Existing Tenant', '', '', '07575606958', '', '6', 'Turner Avenue', 'CR4 3JY', 'Property', 'TENANT', '', '2016-05-24 01:55:04', '0000-00-00 00:00:00', 31, 0, '', '2016-05-24 01:55:04', 'Mr', 0, 0, '2016-05-31 00:00:00', 1, '', 1, 0, '', '', 'Rent', '', '', 1, 1, 1, '6  Turner Avenue  CR4 3JY', '', 'Mitcham', 0, 'Accepted', '', '', '0000-00-00', '', '', '', '', '', '', 'Working', '', 2),
(95, 'VV95', 'Moheen', 'Shah', '', '', '', '', '', '6', 'Turner Avenue', 'CR4 3JY', 'Property', 'LANDLORD', '', '2016-05-24 01:57:04', '0000-00-00 00:00:00', 31, 0, '', '2016-05-24 01:57:04', 'Mr', 0, 0, '2016-05-31 00:00:00', 1, '', 1, 0, '', '', 'Rent', '', '', 1, 1, 1, '6  Turner Avenue  CR4 3JY', '', 'Mitcham', 0, 'Accepted', '', '', '0000-00-00', '', '', '', '', '', '', '', '', 2),
(96, 'AA96', 'Reem Mahmoud', 'Ashour', 'Existing Tenant', '', '', '07707117275', '', '40', 'Woodhall House', 'SW18 3SA', 'Property', 'TENANT', '', '2016-05-24 02:28:52', '0000-00-00 00:00:00', 31, 0, '', '2016-05-24 02:28:52', 'Miss', 0, 0, '2016-05-10 00:00:00', 1, '', 1, 0, '', '', 'Rent', '', '', 1, 1, 1, '40  Woodhall House  SW18 3SA', '', 'Wandsworth', 0, 'Accepted', '', '', '0000-00-00', '', '', '', '', '', '', '', '', 12),
(97, 'AA97', 'Ahmad', 'Muzaffar', 'Existing Tenant', '', '', '07448836051', 'muzaahmed1@gmail.com', '21 ', 'Bridgewood Rd', 'KT4 8XP', 'Property', 'TENANT', '', '2016-05-24 02:45:07', '0000-00-00 00:00:00', 31, 0, '', '2016-05-24 02:45:07', 'Mr', 0, 0, '2017-05-15 00:00:00', 1, '', 1, 0, '', '', 'Rent', '', '', 1, 1, 1, '21   Bridgewood Rd  KT4 8XP', '', 'Worcester Park', 0, 'Accepted', '', '', '0000-00-00', '', '', '', '', '', '', '', '', 15),
(98, 'AA98', 'Brostava', 'Martina', 'Prospective Tenant', '', '', '07399951860', 'mbrostova@hotmail.co.uk', '', '', '', 'Property', 'TENANT', '', '2016-05-25 04:06:30', '0000-00-00 00:00:00', 31, 0, '', '2016-05-25 04:06:30', 'Miss', 800, 1000, '2016-06-01 00:00:00', 1, 'Studio Flat,   1 Beds , 1 Bath , 1 Reception ,', 1, 0, '', '', 'Rent', '', '', 1, 1, 1, '', '', '', 0, '', '', '', '2016-05-31', '1', '0', 'No', '', '', '', 'Working', '', 10),
(99, 'AA99', '', 'Kamalathas', 'Prospective Tenant', '', '', '07983834092', '', '', '', '', 'Property', 'TENANT', '', '2016-05-25 05:54:18', '0000-00-00 00:00:00', 31, 0, '', '2016-05-25 05:54:18', 'Mr', 900, 1000, '2016-06-01 00:00:00', 1, 'House, Flats/apartments, Ground Floor, Upper Floor, garden, Contract,  1 Beds , 1 Bath , 1 Reception ,', 1, 0, '', '', 'Rent', 'Contract', '', 1, 1, 1, '', '', '', 0, '', 'Tesco', '', '2016-06-30', '2', '1', 'No', '', '', '', 'Part DS', '', 2),
(100, 'AA100', '', 'Mubarak', 'Prospective Tenant', '', '', '07494454696', '', '', '', '', 'Property', 'TENANT', '', '2016-05-31 09:54:51', '0000-00-00 00:00:00', 31, 0, '', '2016-05-31 09:54:51', 'Mr', 1300, 1900, '2016-06-07 00:00:00', 1, 'House, Flats/apartments, Double Room, Ground Floor, Upper Floor, Contract,  4 Beds , 1 Bath , 1 Reception ,', 1, 0, '', '', 'Rent', 'Contract', '', 4, 1, 1, '', '', '', 0, 'Accepted', 'Aldi', '', '2016-05-31', '4', '2', 'No', '', '', '', 'Working', '', 3),
(101, 'AA101', 'Gurvinder', 'Singh', 'Existing Tenant', '', '', '07932990701', '', '69', 'Gilbey Road', 'SW17 0QH', 'Property', 'TENANT', '', '2016-06-01 11:11:59', '0000-00-00 00:00:00', 31, 0, '', '2016-06-01 11:11:59', 'Mr', 0, 0, '2016-06-08 00:00:00', 1, '', 1, 0, '', '', 'Rent', '', '', 1, 1, 1, '69  Gilbey Road  SW17 0QH', '', 'Tooting', 0, 'Accepted', '', '', '0000-00-00', '', '', '', '', '', '', '', '', 3),
(102, 'AA102', 'Kwasi', 'Opoku', 'Existing Tenant', '', '', '07572797850', '', '34 ', 'London Road', 'SW17 9PH', 'Property', 'TENANT', '', '2016-06-08 11:05:20', '0000-00-00 00:00:00', 31, 0, '', '2016-06-08 11:05:20', 'Mr', 0, 0, '2016-06-15 00:00:00', 1, '', 1, 0, '', '', 'Rent', '', '', 1, 1, 1, '34   London Road  SW17 9PH', '', 'Tooting', 0, 'Accepted', '', '', '0000-00-00', '2', '2', 'No', '', '', '', 'Working', '', 3);

-- --------------------------------------------------------

--
-- Table structure for table `memberdoc`
--

CREATE TABLE IF NOT EXISTS `memberdoc` (
  `memberdocId` int(10) NOT NULL AUTO_INCREMENT,
  `docTitle` varchar(200) COLLATE utf8_unicode_ci NOT NULL,
  `dated` datetime NOT NULL,
  `docFile` varchar(250) COLLATE utf8_unicode_ci NOT NULL,
  `status` varchar(200) COLLATE utf8_unicode_ci NOT NULL,
  `note` varchar(200) COLLATE utf8_unicode_ci NOT NULL,
  `addedDate` datetime NOT NULL,
  `addedBy` int(10) NOT NULL,
  `modifyDate` datetime NOT NULL,
  `modifyBy` int(10) NOT NULL,
  `memberId` int(10) NOT NULL,
  PRIMARY KEY (`memberdocId`)
) ENGINE=InnoDB  DEFAULT CHARSET=utf8 COLLATE=utf8_unicode_ci AUTO_INCREMENT=187 ;

--
-- Dumping data for table `memberdoc`
--

INSERT INTO `memberdoc` (`memberdocId`, `docTitle`, `dated`, `docFile`, `status`, `note`, `addedDate`, `addedBy`, `modifyDate`, `modifyBy`, `memberId`) VALUES
(7, 'Management Contract 1', '2016-03-17 12:54:00', 'wtos-images/Management contract 001.jpg', 'Recent', '', '2016-03-17 12:54:00', 31, '2016-03-17 12:54:00', 31, 43),
(8, 'Management Contract 2', '2016-03-17 12:54:33', 'wtos-images/Management contract 002.jpg', 'Recent', '', '2016-03-17 12:54:33', 31, '2016-03-17 12:54:33', 31, 43),
(9, 'Management Contract 3', '2016-03-17 12:54:55', 'wtos-images/Management contract 003.jpg', 'Recent', '', '2016-03-17 12:54:55', 31, '2016-03-17 12:54:55', 31, 43),
(10, 'Tenancy Agreement 1', '2016-03-17 12:55:18', 'wtos-images/Tenancy agreement 001.jpg', 'Recent', '', '2016-03-17 12:55:18', 31, '2016-03-17 12:55:18', 31, 43),
(11, 'Tenancy Agreement 2', '2016-03-17 12:56:05', 'wtos-images/Tenancy Agreement  001.jpg', 'Recent', '', '2016-03-17 12:56:05', 31, '2016-03-17 12:56:05', 31, 43),
(12, 'Management Contract ', '2016-03-17 01:04:39', 'wtos-images/Management contract 001.jpg', 'Recent', '', '2016-03-17 01:04:39', 31, '2016-03-17 01:04:39', 31, 44),
(13, 'Management Contract 1', '2016-03-17 01:05:58', 'wtos-images/Management contract 2 001.jpg', 'Recent', '', '2016-03-17 01:05:58', 31, '2016-03-17 01:05:58', 31, 44),
(14, 'Tenancy Agreement 1', '2016-03-17 01:06:26', 'wtos-images/Tenancy Agreement 1 001.jpg', 'Recent', '', '2016-03-17 01:06:27', 31, '2016-03-17 01:06:27', 31, 44),
(15, 'Tenancy Agreement 2', '2016-03-17 01:06:48', 'wtos-images/Tenancy Agreement 2 001.jpg', 'Recent', '', '2016-03-17 01:06:48', 31, '2016-03-17 01:06:48', 31, 44),
(16, 'Tenancy Agreement 1', '2016-03-17 02:09:35', 'wtos-images/Tenancy Agreement 001.jpg', 'Recent', '', '2016-03-17 02:09:35', 31, '2016-03-17 02:09:35', 31, 45),
(17, 'Tenancy Agreement 2', '2016-03-17 02:10:05', 'wtos-images/Tenancy Agreement 002.jpg', 'Recent', '', '2016-03-17 02:10:05', 31, '2016-03-17 02:10:05', 31, 45),
(20, 'Management Contract ', '2016-03-17 05:26:02', 'wtos-images/Management contract & MA 1.png', 'Recent', '', '2016-03-17 05:26:07', 31, '2016-03-17 05:26:07', 31, 46),
(21, 'Management Contract 1', '2016-03-17 05:26:25', 'wtos-images/Management contract & MA 2.png', 'Recent', '', '2016-03-17 05:26:27', 31, '2016-03-17 05:26:27', 31, 46),
(22, 'Tenancy Agreement', '2016-03-17 05:26:40', 'wtos-images/TA 2016 001.jpg', 'Recent', '', '2016-03-17 05:26:40', 31, '2016-03-17 05:26:40', 31, 46),
(23, 'Tenancy Agreement 1', '2016-03-17 05:26:51', 'wtos-images/TA 2016 002.jpg', 'Recent', '', '2016-03-17 05:26:51', 31, '2016-03-17 05:26:51', 31, 46),
(24, 'Management Contract ', '2016-03-17 05:29:40', 'wtos-images/Management contract 2015 001.jpg', 'Recent', '', '2016-03-17 05:29:40', 31, '2016-03-17 05:29:40', 31, 47),
(25, 'Management Contract 1', '2016-03-17 05:29:51', 'wtos-images/Management contract 2015 002.jpg', 'Recent', '', '2016-03-17 05:29:51', 31, '2016-03-17 05:29:51', 31, 47),
(26, 'Tenancy Agreement', '2016-03-17 05:30:16', 'wtos-images/TA 5 Finborough 001.jpg', 'Recent', '', '2016-03-17 05:30:16', 31, '2016-03-17 05:30:16', 31, 47),
(27, 'Tenancy Agreement 1', '2016-03-17 05:30:26', 'wtos-images/TA 5 Finborough 002.jpg', 'Recent', '', '2016-03-17 05:30:26', 31, '2016-03-17 05:30:26', 31, 47),
(28, 'Management Contract ', '2016-03-17 05:34:42', 'wtos-images/Management contract.jpg', 'Recent', '', '2016-03-17 05:34:42', 31, '2016-03-17 05:34:42', 31, 48),
(29, 'Management Contract 1', '2016-03-17 05:34:50', 'wtos-images/Management Contract 1.jpg', 'Recent', '', '2016-03-17 05:34:50', 31, '2016-03-17 05:34:50', 31, 48),
(30, 'Tenancy Agreement', '2016-03-17 05:35:13', 'wtos-images/Tenancy Agreement 001.jpg', 'Recent', '', '2016-03-17 05:35:13', 31, '2016-03-17 05:35:13', 31, 48),
(31, 'Tenancy Agreement 1', '2016-03-17 05:35:22', 'wtos-images/Tenancy Agreement 002.jpg', 'Recent', '', '2016-03-17 05:35:22', 31, '2016-03-17 05:35:22', 31, 48),
(32, 'Tenancy Agreement', '2016-03-17 05:42:30', 'wtos-images/Tenancy Agreemen 001.jpg', 'Recent', '', '2016-03-17 05:42:30', 31, '2016-03-17 05:42:30', 31, 49),
(33, 'Tenancy Agreement 1', '2016-03-17 05:42:37', 'wtos-images/Tenancy Agreement 001.jpg', 'Recent', '', '2016-03-17 05:42:37', 31, '2016-03-17 05:42:37', 31, 49),
(48, 'Management Contract ', '2016-03-17 05:54:26', 'wtos-images/R C 2015.jpg', 'Recent', '', '2016-03-17 05:54:26', 31, '2016-03-17 05:54:26', 31, 51),
(49, 'Management Contract 1', '2016-03-17 05:54:37', 'wtos-images/R Cn 2015.jpg', 'Recent', '', '2016-03-17 05:54:37', 31, '2016-03-17 05:54:37', 31, 51),
(50, 'Tenancy Agreement ', '2016-03-17 05:54:45', 'wtos-images/contract 1.pdf', 'Recent', '', '2016-03-17 05:54:45', 31, '2016-03-17 05:54:45', 31, 51),
(52, 'Tenancy Agreement 1', '2016-03-17 05:55:04', 'wtos-images/contract page 2.pdf', 'Recent', '', '2016-03-17 05:55:04', 31, '2016-03-17 05:55:04', 31, 51),
(54, 'Management Contract ', '2016-03-17 05:58:04', 'wtos-images/7 Shrewton Road 001.jpg', 'Recent', '', '2016-03-17 05:58:04', 31, '2016-03-17 05:58:04', 31, 50),
(55, 'Management Contract 1', '2016-03-17 05:58:13', 'wtos-images/7 Shrewton Road 002.jpg', 'Recent', '', '2016-03-17 05:58:13', 31, '2016-03-17 05:58:13', 31, 50),
(56, 'Tenancy Agreement', '2016-03-17 05:58:21', 'wtos-images/Tenancy Agreement 001.jpg', 'Recent', '', '2016-03-17 05:58:21', 31, '2016-03-17 05:58:21', 31, 50),
(57, 'Tenancy Agreement 1', '2016-03-17 05:58:32', 'wtos-images/Tenancy Agreement 002.jpg', 'Recent', '', '2016-03-17 05:58:32', 31, '2016-03-17 05:58:32', 31, 50),
(59, 'Management Contract ', '2016-03-18 12:55:41', 'wtos-images/2015 001.jpg', 'Recent', '', '2016-03-18 12:55:41', 31, '2016-03-18 12:55:41', 31, 52),
(60, 'Management Contract 1', '2016-03-18 12:55:49', 'wtos-images/2015 002.jpg', 'Recent', '', '2016-03-18 12:55:49', 31, '2016-03-18 12:55:49', 31, 52),
(61, 'Tenancy Agreement', '2016-03-18 01:11:23', 'wtos-images/Tenancy Agreement 1 001.jpg', 'Recent', '', '2016-03-18 01:11:23', 31, '2016-03-18 01:11:23', 31, 53),
(62, 'Tenancy Agreement 1', '2016-03-18 01:11:33', 'wtos-images/Tenancy Agreement 2 001.jpg', 'Recent', '', '2016-03-18 01:11:33', 31, '2016-03-18 01:11:33', 31, 53),
(63, 'Management Contract ', '2016-03-18 01:12:40', 'wtos-images/17 Pierre Point Management Contract 1 001.jpg', 'Recent', '', '2016-03-18 01:12:40', 31, '2016-03-18 01:12:40', 31, 53),
(64, 'Management Contract 1', '2016-03-18 01:12:56', 'wtos-images/Management contract 2 001.jpg', 'Recent', '', '2016-03-18 01:12:56', 31, '2016-03-18 01:12:56', 31, 53),
(67, 'Tenancy Agreement', '2016-03-18 02:55:30', 'wtos-images/Tenancy Agreement 001.jpg', 'Recent', '', '2016-03-18 02:55:30', 31, '2016-03-18 02:55:30', 31, 54),
(68, 'Tenancy Agreement 1', '2016-03-18 02:55:39', 'wtos-images/Tenancy Agreement 002.jpg', 'Recent', '', '2016-03-18 02:55:39', 31, '2016-03-18 02:55:39', 31, 54),
(70, 'Management Contract ', '2016-03-18 02:57:20', 'wtos-images/Management contract 001.jpg', 'Recent', '', '2016-03-18 02:57:20', 31, '2016-03-18 02:57:20', 31, 54),
(71, 'Management Contract 1', '2016-03-18 02:57:30', 'wtos-images/Management contract 002.jpg', 'Recent', '', '2016-03-18 02:57:30', 31, '2016-03-18 02:57:30', 31, 54),
(72, 'Tenancy Agreement', '2016-03-18 03:07:37', 'wtos-images/21 Gilbey road Tenancy Agreement 001.jpg', 'Recent', '', '2016-03-18 03:07:37', 31, '2016-03-18 03:07:37', 31, 55),
(73, 'Tenancy Agreement 1', '2016-03-18 03:07:45', 'wtos-images/21 Gilbey Road Tenancy agreement 002.jpg', 'Recent', '', '2016-03-18 03:07:45', 31, '2016-03-18 03:07:45', 31, 55),
(74, 'Management Contract ', '2016-03-18 03:08:01', 'wtos-images/21 Gilbey Road Management Contract 001.jpg', 'Recent', '', '2016-03-18 03:08:01', 31, '2016-03-18 03:08:01', 31, 55),
(75, 'Management Contract 1', '2016-03-18 03:08:23', 'wtos-images/21 Gilbey Road Road Manangement Contract 001.jpg', 'Recent', '', '2016-03-18 03:08:23', 31, '2016-03-18 03:08:23', 31, 55),
(76, 'Tenancy Agreement', '2016-03-18 03:17:02', 'wtos-images/TA 30 Graham 001.jpg', 'Recent', '', '2016-03-18 03:17:02', 31, '2016-03-18 03:17:02', 31, 56),
(77, 'Tenancy Agreement 1', '2016-03-18 03:17:13', 'wtos-images/TA 30 Graham 002.jpg', 'Recent', '', '2016-03-18 03:17:13', 31, '2016-03-18 03:17:13', 31, 56),
(78, 'Management Contract ', '2016-03-18 03:17:27', 'wtos-images/Management Contract 001.jpg', 'Recent', '', '2016-03-18 03:17:27', 31, '2016-03-18 03:17:27', 31, 56),
(79, 'Management Contract 1', '2016-03-18 03:17:38', 'wtos-images/Management Contract 002.jpg', 'Recent', '', '2016-03-18 03:17:38', 31, '2016-03-18 03:17:38', 31, 56),
(80, 'Tenancy Agreement', '2016-03-18 03:24:54', 'wtos-images/001.jpg', 'Recent', '', '2016-03-18 03:24:55', 31, '2016-03-18 03:24:55', 31, 57),
(81, 'Tenancy Agreement 1', '2016-03-18 03:25:05', 'wtos-images/002.jpg', 'Recent', '', '2016-03-18 03:25:05', 31, '2016-03-18 03:25:05', 31, 57),
(82, 'Management Contract ', '2016-03-18 03:25:13', 'wtos-images/Management Contract (1).jpg', 'Recent', '', '2016-03-18 03:25:13', 31, '2016-03-18 03:25:13', 31, 57),
(83, 'Management Contract 1', '2016-03-18 03:25:22', 'wtos-images/Management Contract (2).jpg', 'Recent', '', '2016-03-18 03:25:22', 31, '2016-03-18 03:25:22', 31, 57),
(84, 'Management Contract ', '2016-03-18 05:38:35', 'wtos-images/Naeem Osman 001.jpg', 'Recent', '', '2016-03-18 05:38:36', 31, '2016-03-18 05:38:36', 31, 58),
(85, 'Management Contract 1', '2016-03-18 05:38:46', 'wtos-images/Naeem Osman 002.jpg', 'Recent', '', '2016-03-18 05:38:46', 31, '2016-03-18 05:38:46', 31, 58),
(88, 'Management Contract ', '2016-03-18 05:41:31', 'wtos-images/Management Contract Top floor (1).jpg', 'Recent', '', '2016-03-18 05:41:31', 31, '2016-03-18 05:41:31', 31, 59),
(89, 'Management Contract 1', '2016-03-18 05:41:41', 'wtos-images/Management Contract Top floor (2).jpg', 'Recent', '', '2016-03-18 05:41:41', 31, '2016-03-18 05:41:41', 31, 59),
(90, 'Management Contract ', '2016-03-18 06:22:02', 'wtos-images/Management contract 001.jpg', 'Recent', '', '2016-03-18 06:22:02', 31, '2016-03-18 06:22:02', 31, 62),
(91, 'Management Contract 1', '2016-03-18 06:22:12', 'wtos-images/Management contract 002.jpg', 'Recent', '', '2016-03-18 06:22:12', 31, '2016-03-18 06:22:12', 31, 62),
(92, 'Tenancy Agreement', '2016-03-18 06:22:45', 'wtos-images/Tenancy agreement 001.jpg', 'Recent', '', '2016-03-18 06:22:45', 31, '2016-03-18 06:22:45', 31, 62),
(93, 'Tenancy Agreement 1', '2016-03-18 06:22:54', 'wtos-images/Tenancy agreement 002.jpg', 'Recent', '', '2016-03-18 06:22:54', 31, '2016-03-18 06:22:54', 31, 62),
(94, 'Tenancy Agreement', '2016-03-18 06:26:18', 'wtos-images/Tenancy Agreement 001.jpg', 'Recent', '', '2016-03-18 06:26:18', 31, '2016-03-18 06:26:18', 31, 64),
(95, 'Tenancy Agreement 1', '2016-03-18 06:26:27', 'wtos-images/Tenancy Agreement 002.jpg', 'Recent', '', '2016-03-18 06:26:27', 31, '2016-03-18 06:26:27', 31, 64),
(96, 'Management Contract ', '2016-03-18 06:26:55', 'wtos-images/Management contract  (1).jpg', 'Recent', '', '2016-03-18 06:26:55', 31, '2016-03-18 06:26:55', 31, 64),
(97, 'Management Contract 1', '2016-03-18 06:27:04', '', 'Recent', '', '2016-03-18 06:27:04', 31, '2016-03-18 06:27:04', 31, 64),
(98, 'Management Contract ', '2016-03-19 11:37:13', 'wtos-images/Management contract 001.jpg', 'Recent', '', '2016-03-19 11:37:13', 31, '2016-03-19 11:37:13', 31, 65),
(99, 'Management Contract 1', '2016-03-19 11:37:21', 'wtos-images/Management contract 002.jpg', 'Recent', '', '2016-03-19 11:37:21', 31, '2016-03-19 11:37:21', 31, 65),
(100, 'Tenancy Agreement', '2016-03-19 11:37:37', 'wtos-images/Tenancy Agreement 001.jpg', 'Recent', '', '2016-03-19 11:37:37', 31, '2016-03-19 11:37:37', 31, 65),
(101, 'Tenancy Agreement 1', '2016-03-19 11:37:56', 'wtos-images/Tenancy Agreement 002.jpg', 'Recent', '', '2016-03-19 11:37:56', 31, '2016-03-19 11:37:56', 31, 65),
(102, 'Tenancy Agreement', '2016-03-19 11:41:54', 'wtos-images/Moshin TA 001.jpg', 'Recent', '', '2016-03-19 11:41:54', 31, '2016-03-19 11:41:54', 31, 66),
(103, 'Tenancy Agreement 1', '2016-03-19 11:42:03', 'wtos-images/Moshin TA 002.jpg', 'Recent', '', '2016-03-19 11:42:03', 31, '2016-03-19 11:42:03', 31, 66),
(104, 'Management Contract ', '2016-03-19 11:42:23', 'wtos-images/Management contract 1 001.jpg', 'Recent', '', '2016-03-19 11:42:24', 31, '2016-03-19 11:42:24', 31, 66),
(105, 'Management Contract ', '2016-03-19 11:42:33', 'wtos-images/Management contract 2 001.jpg', 'Recent', '', '2016-03-19 11:42:33', 31, '2016-03-19 11:42:33', 31, 66),
(106, 'Management Contract ', '2016-03-19 11:42:41', 'wtos-images/Management contract 3 001.jpg', 'Recent', '', '2016-03-19 11:42:41', 31, '2016-03-19 11:42:41', 31, 66),
(107, 'Management Contract ', '2016-03-19 11:42:54', 'wtos-images/Management contract 4 001.jpg', 'Recent', '', '2016-03-19 11:42:54', 31, '2016-03-19 11:42:54', 31, 66),
(108, 'Management Contract ', '2016-03-19 11:43:01', 'wtos-images/Mnagement contract 5 001.jpg', 'Recent', '', '2016-03-19 11:43:01', 31, '2016-03-19 11:43:01', 31, 66),
(109, 'Tenancy Agreement', '2016-03-19 11:55:13', 'wtos-images/Tenancy Agreement 001.jpg', 'Recent', '', '2016-03-19 11:55:13', 31, '2016-03-19 11:55:13', 31, 78),
(110, 'Tenancy Agreement 1', '2016-03-19 11:55:22', 'wtos-images/Tenancy Agreement 002.jpg', 'Recent', '', '2016-03-19 11:55:22', 31, '2016-03-19 11:55:22', 31, 78),
(111, 'Management Contract ', '2016-03-19 11:56:06', 'wtos-images/Management contract.pdf', 'Recent', '', '2016-03-19 11:56:17', 31, '2016-03-19 11:56:17', 31, 78),
(112, 'Management Contract ', '2016-03-19 12:07:34', 'wtos-images/Management contract.pdf', 'Recent', '', '2016-03-19 12:07:34', 31, '2016-03-19 12:07:34', 31, 78),
(113, 'Management Contract ', '2016-03-19 12:14:55', 'wtos-images/mangement contract 2 001.jpg', 'Recent', '', '2016-03-19 12:14:55', 31, '2016-03-19 12:14:55', 31, 67),
(114, 'Tenancy Agreement ', '2016-03-19 12:18:12', 'wtos-images/139 Wandsworth Management Contract 001.jpg', 'Recent', '', '2016-03-19 12:18:12', 31, '2016-03-19 12:18:12', 31, 67),
(115, 'Tenancy Agreement', '2016-03-19 12:18:19', 'wtos-images/Tenancy Agreement 1 001.jpg', 'Recent', '', '2016-03-19 12:18:19', 31, '2016-03-19 12:18:19', 31, 67),
(116, 'Tenancy Agreement 1', '2016-03-19 12:18:27', 'wtos-images/Tenancy Agreement 2 001.jpg', 'Recent', '', '2016-03-19 12:18:27', 31, '2016-03-19 12:18:27', 31, 67),
(117, 'Management Contract 1', '2016-03-19 12:20:54', 'wtos-images/New 1.jpg', 'Recent', '', '2016-03-19 12:20:54', 31, '2016-03-19 12:20:54', 31, 68),
(118, 'Management Contract ', '2016-03-19 12:21:03', 'wtos-images/New.jpg', 'Recent', '', '2016-03-19 12:21:03', 31, '2016-03-19 12:21:03', 31, 68),
(119, 'Tenancy Agreement', '2016-03-19 12:21:13', 'wtos-images/Tenancy Agreement 001.jpg', 'Recent', '', '2016-03-19 12:21:13', 31, '2016-03-19 12:21:13', 31, 68),
(120, 'Management Contract 1', '2016-03-19 12:21:22', 'wtos-images/Tenancy Agreement 002.jpg', 'Recent', '', '2016-03-19 12:21:22', 31, '2016-03-19 12:21:22', 31, 68),
(121, 'Management Contract ', '2016-03-19 12:31:17', 'wtos-images/Management Contract 001.jpg', 'Recent', '', '2016-03-19 12:31:17', 31, '2016-03-19 12:31:17', 31, 69),
(122, 'Management Contract 1', '2016-03-19 12:31:30', 'wtos-images/Mangement Contract.jpg', 'Recent', '', '2016-03-19 12:31:30', 31, '2016-03-19 12:31:30', 31, 69),
(123, 'Tenancy Agreement', '2016-03-19 12:31:45', 'wtos-images/tenancy Agreement 001.jpg', 'Recent', '', '2016-03-19 12:31:45', 31, '2016-03-19 12:31:45', 31, 69),
(124, 'Tenancy Agreement 1', '2016-03-19 12:32:24', 'wtos-images/Tenancy Agreement 002.jpg', 'Recent', '', '2016-03-19 12:32:24', 31, '2016-03-19 12:32:24', 31, 69),
(125, 'Management Contract ', '2016-03-19 12:35:11', 'wtos-images/Management Contract 001.jpg', 'Recent', '', '2016-03-19 12:35:11', 31, '2016-03-19 12:35:11', 31, 70),
(126, 'Management Contract 1', '2016-03-19 12:35:23', 'wtos-images/Management Contract 002.jpg', 'Recent', '', '2016-03-19 12:35:23', 31, '2016-03-19 12:35:23', 31, 70),
(127, 'Tenancy Agreement', '2016-03-19 12:37:00', 'wtos-images/Tenancy Agreement 001.jpg', 'Recent', '', '2016-03-19 12:37:00', 31, '2016-03-19 12:37:00', 31, 70),
(128, 'Tenancy Agreement 1', '2016-03-19 12:37:09', 'wtos-images/Tenancy Agreement 002.jpg', 'Recent', '', '2016-03-19 12:37:09', 31, '2016-03-19 12:37:09', 31, 70),
(133, 'Management Contract ', '2016-03-19 12:45:55', 'wtos-images/Management Contract 001.jpg', 'Recent', '', '2016-03-19 12:45:55', 31, '2016-03-19 12:45:55', 31, 73),
(134, 'Management Contract 1', '2016-03-19 12:46:05', 'wtos-images/Management Contract 002.jpg', 'Recent', '', '2016-03-19 12:46:06', 31, '2016-03-19 12:46:06', 31, 73),
(135, 'Tenancy Agreement', '2016-03-19 12:46:15', 'wtos-images/Tenancy Agreement  (1).jpg', 'Recent', '', '2016-03-19 12:46:15', 31, '2016-03-19 12:46:15', 31, 73),
(136, 'Tenancy Agreement 1', '2016-03-19 12:46:28', 'wtos-images/Tenancy Agreement  (2).jpg', 'Recent', '', '2016-03-19 12:46:28', 31, '2016-03-19 12:46:28', 31, 73),
(137, 'Management Contract ', '2016-03-19 12:48:26', 'wtos-images/Management Contract 001.jpg', 'Recent', '', '2016-03-19 12:48:26', 31, '2016-03-19 12:48:26', 31, 75),
(138, 'Management Contract 1', '2016-03-19 12:48:33', 'wtos-images/Management contract 002.jpg', 'Recent', '', '2016-03-19 12:48:33', 31, '2016-03-19 12:48:33', 31, 75),
(139, 'Tenancy Agreement', '2016-03-19 12:48:48', 'wtos-images/Tenancy Agreement 001.jpg', 'Recent', '', '2016-03-19 12:48:48', 31, '2016-03-19 12:48:48', 31, 75),
(140, 'Tenancy Agreement 1', '2016-03-19 12:49:04', 'wtos-images/Tenancy Agreement 002.jpg', 'Recent', '', '2016-03-19 12:49:04', 31, '2016-03-19 12:49:04', 31, 75),
(141, '', '2016-03-19 02:02:54', '', 'Recent', '', '2016-03-19 02:02:54', 31, '2016-03-19 02:02:54', 31, 61),
(142, 'Management Contract ', '2016-03-19 02:03:11', 'wtos-images/Management contract 1.jpg', 'Recent', '', '2016-03-19 02:03:11', 31, '2016-03-19 02:03:11', 31, 61),
(143, 'Management Contract 1', '2016-03-19 02:03:20', 'wtos-images/Management contract 2.jpg', 'Recent', '', '2016-03-19 02:03:20', 31, '2016-03-19 02:03:20', 31, 61),
(144, 'Tenancy Agreement for Mamadou', '2016-05-04 12:09:43', 'wtos-images/Mamadou TA.jpeg', 'Recent', '', '2016-05-04 12:09:43', 31, '2016-05-04 12:09:43', 31, 87),
(145, 'Tenancy Agreement for Mamadou', '2016-05-04 12:10:10', 'wtos-images/Mamadou TA 1.jpeg', 'Recent', '', '2016-05-04 12:10:10', 31, '2016-05-04 12:10:10', 31, 87),
(147, 'Management Contract ', '2016-05-04 12:24:19', 'wtos-images/management contract.jpeg', 'Recent', '', '2016-05-04 12:24:19', 31, '2016-05-04 12:24:19', 31, 87),
(148, 'Management Contract 1', '2016-05-04 12:24:29', 'wtos-images/management contract 1.jpeg', 'Recent', '', '2016-05-04 12:24:29', 31, '2016-05-04 12:24:29', 31, 87),
(149, 'Tenancy Agreement', '2016-05-04 12:29:26', 'wtos-images/Sofia TA 1.jpeg', 'Recent', '', '2016-05-04 12:29:26', 31, '2016-05-04 12:29:26', 31, 88),
(150, 'Tenancy Agreement 1', '2016-05-04 12:29:42', 'wtos-images/Sofia TA 1.jpeg', 'Recent', '', '2016-05-04 12:29:42', 31, '2016-05-04 12:29:42', 31, 88),
(152, 'Management Contract ', '2016-05-24 12:23:30', 'wtos-images/Management Contract 001.jpg', 'Recent', '', '2016-05-24 12:23:30', 31, '2016-05-24 12:23:30', 31, 49),
(153, 'Management Contract ', '2016-05-24 12:23:39', 'wtos-images/Management Contract 002.jpg', 'Recent', '', '2016-05-24 12:23:39', 31, '2016-05-24 12:23:39', 31, 49),
(154, 'Tenancy Agreement', '2016-05-24 12:25:04', 'wtos-images/Tenancy Agreement 001.jpg', 'Recent', '', '2016-05-24 12:25:04', 31, '2016-05-24 12:25:04', 31, 52),
(156, 'Tenancy Agreement', '2016-05-24 12:25:27', 'wtos-images/Tenancy Agreement 002.jpg', 'Recent', '', '2016-05-24 12:25:27', 31, '2016-05-24 12:25:27', 31, 52),
(158, 'Tenancy Agreement', '2016-05-24 12:50:17', 'wtos-images/Sally 1.jpeg', 'Recent', '', '2016-05-24 12:50:17', 31, '2016-05-24 12:50:17', 31, 58),
(159, 'Tenancy Agreement', '2016-05-24 12:50:29', 'wtos-images/Sally 2.jpeg', 'Recent', '', '2016-05-24 12:50:29', 31, '2016-05-24 12:50:29', 31, 58),
(160, 'Tenancy Agreement', '2016-05-24 02:11:03', 'wtos-images/Tenancy Agreemen 001.jpg', 'Recent', '', '2016-05-24 02:11:03', 31, '2016-05-24 02:11:03', 31, 94),
(161, 'Tenancy Agreement', '2016-05-24 02:11:18', 'wtos-images/Tenancy Agreement 001.jpg', 'Recent', '', '2016-05-24 02:11:18', 31, '2016-05-24 02:11:18', 31, 94),
(162, 'Management Contract ', '2016-05-24 02:33:17', 'wtos-images/Management contract 1.jpeg', 'Recent', '', '2016-05-24 02:33:17', 31, '2016-05-24 02:33:17', 31, 96),
(163, 'Management Contract ', '2016-05-24 02:33:56', 'wtos-images/Management contract.jpeg', 'Recent', '', '2016-05-24 02:33:56', 31, '2016-05-24 02:33:56', 31, 96),
(164, 'Tenancy Agreement', '2016-05-24 02:34:04', 'wtos-images/Tenancy agreement 1.jpeg', 'Recent', '', '2016-05-24 02:34:04', 31, '2016-05-24 02:34:04', 31, 96),
(165, 'Tenancy Agreement', '2016-05-24 02:34:12', 'wtos-images/Tenancy Agreement.jpeg', 'Recent', '', '2016-05-24 02:34:12', 31, '2016-05-24 02:34:12', 31, 96),
(166, 'Management Contract ', '2016-05-24 02:50:46', 'wtos-images/MA & Landlord.pdf', 'Recent', '', '2016-05-24 02:50:46', 31, '2016-05-24 02:50:46', 31, 97),
(167, 'Tenancy Agreement', '2016-05-24 02:54:45', 'wtos-images/TA Contract 1.jpeg', 'Recent', '', '2016-05-24 02:54:45', 31, '2016-05-24 02:54:45', 31, 97),
(168, 'Tenancy Agreement', '2016-05-24 02:54:57', 'wtos-images/TA Contract.jpeg', 'Recent', '', '2016-05-24 02:54:57', 31, '2016-05-24 02:54:57', 31, 97),
(169, 'Tenancy Agreement', '2016-06-01 12:15:02', 'wtos-images/Tenancy Agreement  (1).jpg', 'Recent', '', '2016-06-01 12:15:02', 31, '2016-06-01 12:15:02', 31, 63),
(170, 'Tenancy Agreement', '2016-06-01 12:15:15', 'wtos-images/Tenancy Agreement  (2).jpg', 'Recent', '', '2016-06-01 12:15:15', 31, '2016-06-01 12:15:15', 31, 63),
(171, 'Management Contract ', '2016-06-01 12:17:18', 'wtos-images/Management contract & MA 1.png', 'Recent', '', '2016-06-01 12:17:25', 31, '2016-06-01 12:17:25', 31, 63),
(172, 'Management Contract ', '2016-06-01 12:17:25', 'wtos-images/Management contract & MA 1.png', 'Recent', '', '2016-06-01 12:17:25', 31, '2016-06-01 12:17:25', 31, 63),
(173, 'Tenancy Agreement', '2016-06-08 11:12:01', 'wtos-images/Opoku Kwasi.jpeg', 'Recent', '', '2016-06-08 11:12:01', 31, '2016-06-08 11:12:01', 31, 102),
(174, 'Tenancy Agreement', '2016-06-08 11:12:11', 'wtos-images/Opoku Kwasi 1.jpeg', 'Recent', '', '2016-06-08 11:12:11', 31, '2016-06-08 11:12:11', 31, 102),
(175, 'Management Contract ', '2016-06-08 11:13:14', 'wtos-images/management contract 1.jpeg', 'Recent', '', '2016-06-08 11:13:14', 31, '2016-06-08 11:13:14', 31, 102),
(176, 'Management Contract ', '2016-06-08 11:13:22', 'wtos-images/management contract.jpeg', 'Recent', '', '2016-06-08 11:13:22', 31, '2016-06-08 11:13:22', 31, 102),
(177, 'Tenancy Agreement', '2016-06-13 11:04:54', 'wtos-images/Sally 1.jpeg', 'Recent', '', '2016-06-13 11:04:54', 31, '2016-06-13 11:04:54', 31, 93),
(178, 'Tenancy Agreement', '2016-06-13 11:05:09', 'wtos-images/Sally 2.jpeg', 'Recent', '', '2016-06-13 11:05:09', 31, '2016-06-13 11:05:09', 31, 93),
(179, 'Tenancy Agreement', '2016-06-16 11:31:37', 'wtos-images/Tenancy Agreement 001.jpg', 'Recent', '', '2016-06-16 11:31:37', 31, '2016-06-16 11:31:37', 31, 71),
(180, 'Tenancy Agreement', '2016-06-16 11:31:48', 'wtos-images/Tenancy Agreement 002.jpg', 'Recent', '', '2016-06-16 11:31:48', 31, '2016-06-16 11:31:48', 31, 71),
(181, 'Management Contract ', '2016-06-16 11:31:58', 'wtos-images/Management contract 001.jpg', 'Recent', '', '2016-06-16 11:31:58', 31, '2016-06-16 11:31:58', 31, 71),
(182, 'Management Contract ', '2016-06-16 11:32:35', 'wtos-images/Management contract 002.jpg', 'Recent', '', '2016-06-16 11:32:35', 31, '2016-06-16 11:32:35', 31, 71),
(183, 'Management Contract ', '2016-07-16 01:44:48', 'wtos-images/Management contract.jpeg', 'Recent', '', '2016-07-16 01:44:48', 31, '2016-07-16 01:44:48', 31, 45),
(184, 'Management Contract ', '2016-07-16 01:44:56', 'wtos-images/Management contract 1.jpeg', 'Recent', '', '2016-07-16 01:44:56', 31, '2016-07-16 01:44:56', 31, 45),
(185, 'Management Contract ', '2016-07-19 01:40:11', 'wtos-images/Naeem Osman 001.jpg', 'Recent', '', '2016-07-19 01:40:11', 31, '2016-07-19 01:40:11', 31, 93),
(186, 'Management Contract ', '2016-07-19 01:40:24', 'wtos-images/Naeem Osman 002.jpg', 'Recent', '', '2016-07-19 01:40:25', 31, '2016-07-19 01:40:25', 31, 93);

-- --------------------------------------------------------

--
-- Table structure for table `memberquery`
--

CREATE TABLE IF NOT EXISTS `memberquery` (
  `memberqueryId` int(10) NOT NULL AUTO_INCREMENT,
  `memberId` int(10) NOT NULL,
  `qDate` datetime NOT NULL,
  `minBudget` varchar(10) COLLATE utf8_unicode_ci NOT NULL,
  `maxBudget` varchar(10) COLLATE utf8_unicode_ci NOT NULL,
  `preferedLoc` varchar(255) COLLATE utf8_unicode_ci NOT NULL,
  `propType` varchar(255) COLLATE utf8_unicode_ci NOT NULL,
  `note` varchar(200) COLLATE utf8_unicode_ci NOT NULL,
  `addedDate` datetime NOT NULL,
  `addedBy` int(10) NOT NULL,
  `modifyDate` datetime NOT NULL,
  `modifyBy` int(10) NOT NULL,
  PRIMARY KEY (`memberqueryId`)
) ENGINE=InnoDB DEFAULT CHARSET=utf8 COLLATE=utf8_unicode_ci AUTO_INCREMENT=1 ;

-- --------------------------------------------------------

--
-- Table structure for table `misc`
--

CREATE TABLE IF NOT EXISTS `misc` (
  `miscId` int(10) NOT NULL AUTO_INCREMENT,
  `adminId` int(10) NOT NULL,
  `newsId` int(10) NOT NULL,
  `pages` datetime NOT NULL,
  `addedDate` datetime NOT NULL,
  `addedBy` int(10) NOT NULL,
  `modifyDate` datetime NOT NULL,
  `modifyBy` int(10) NOT NULL,
  `active` tinyint(2) NOT NULL,
  PRIMARY KEY (`miscId`)
) ENGINE=InnoDB  DEFAULT CHARSET=utf8 COLLATE=utf8_unicode_ci AUTO_INCREMENT=6 ;

--
-- Dumping data for table `misc`
--

INSERT INTO `misc` (`miscId`, `adminId`, `newsId`, `pages`, `addedDate`, `addedBy`, `modifyDate`, `modifyBy`, `active`) VALUES
(2, 26, 0, '2013-12-05 00:00:00', '2013-06-02 11:10:48', 26, '2013-06-05 12:37:54', 26, 0),
(3, 27, 0, '0000-00-00 00:00:00', '2013-06-03 01:20:46', 26, '2013-06-05 08:56:48', 26, 0),
(4, 0, 0, '0000-00-00 00:00:00', '2013-06-05 08:46:48', 26, '2013-06-05 08:46:48', 26, 0),
(5, 26, 0, '2013-06-05 00:00:00', '2013-06-05 12:38:05', 26, '2013-06-05 12:38:05', 26, 0);

-- --------------------------------------------------------

--
-- Table structure for table `news`
--

CREATE TABLE IF NOT EXISTS `news` (
  `newsId` int(11) NOT NULL AUTO_INCREMENT,
  `title` varchar(100) NOT NULL,
  `body` text NOT NULL,
  `active` varchar(20) NOT NULL DEFAULT '1',
  `addedBy` int(11) NOT NULL,
  `addedDate` datetime NOT NULL,
  `newsdate` varchar(50) NOT NULL,
  `pagecontentId` int(10) NOT NULL,
  PRIMARY KEY (`newsId`)
) ENGINE=InnoDB  DEFAULT CHARSET=latin1 AUTO_INCREMENT=49 ;

--
-- Dumping data for table `news`
--

INSERT INTO `news` (`newsId`, `title`, `body`, `active`, `addedBy`, `addedDate`, `newsdate`, `pagecontentId`) VALUES
(7, 'new i frame link', 'i love you', '1', 0, '0000-00-00 00:00:00', '23 January 2013', 0),
(8, 'i am so exited', 'ddw', '1', 0, '0000-00-00 00:00:00', '23 January 2013', 0),
(9, 'hi this is mizanur', 'erere yrtyryry rtry', '1', 26, '2013-07-04 12:33:12', 'test2', 0),
(16, 'zswf', 'sdfsfds', '1', 0, '0000-00-00 00:00:00', 'sdfsdfsd', 0),
(17, '', '', '1', 0, '0000-00-00 00:00:00', '', 0),
(18, 'w', 'w', '1', 0, '0000-00-00 00:00:00', '25-11-2014', 0),
(19, 'w', 'w', '1', 0, '0000-00-00 00:00:00', '25-11-2014', 0),
(28, '2', '2', '2', 26, '2015-03-19 06:58:57', '19-03-2015', 56),
(29, '', '', '', 26, '2015-03-19 09:44:10', '', 0),
(30, '444', '', '', 26, '2015-03-19 09:44:15', '', 0),
(32, '3', '4', 'one', 26, '2015-03-19 09:46:41', '12-03-2015', 58),
(33, '5', '5', 'two', 26, '2015-03-19 09:46:53', '19-03-2015', 59),
(47, 'hi this is mizanur', 'hi this is mizanur', 'one', 26, '2015-03-21 05:45:52', '11-03-2015', 1),
(48, 'Matrix', 'one', 'ABOUT US', 26, '2015-03-21 06:17:33', '13-03-2015', 1);

-- --------------------------------------------------------

--
-- Table structure for table `newsimg`
--

CREATE TABLE IF NOT EXISTS `newsimg` (
  `newsImgId` int(11) NOT NULL AUTO_INCREMENT,
  `title` varchar(50) NOT NULL,
  `addedBy` int(10) NOT NULL,
  `addedDate` datetime NOT NULL,
  `active` int(1) NOT NULL,
  `newsId` int(11) NOT NULL,
  PRIMARY KEY (`newsImgId`)
) ENGINE=InnoDB  DEFAULT CHARSET=latin1 AUTO_INCREMENT=17 ;

--
-- Dumping data for table `newsimg`
--

INSERT INTO `newsimg` (`newsImgId`, `title`, `addedBy`, `addedDate`, `active`, `newsId`) VALUES
(13, '324234', 26, '2013-06-02 10:31:08', 1, 1),
(14, '52342', 26, '2013-06-02 10:31:03', 0, 2),
(15, 'hhh', 26, '2013-06-02 10:30:17', 0, 1),
(16, 'idream tab', 26, '2013-07-04 12:33:02', 0, 49);

-- --------------------------------------------------------

--
-- Table structure for table `pagecontent`
--

CREATE TABLE IF NOT EXISTS `pagecontent` (
  `pagecontentId` int(11) NOT NULL AUTO_INCREMENT,
  `title` varchar(100) CHARACTER SET latin1 NOT NULL,
  `content` text CHARACTER SET latin1 NOT NULL,
  `active` tinyint(4) NOT NULL DEFAULT '1',
  `metaTag` varchar(200) CHARACTER SET latin1 NOT NULL,
  `metaDescription` varchar(255) CHARACTER SET latin1 NOT NULL,
  `addedBy` int(11) NOT NULL,
  `editedBy` int(11) NOT NULL,
  `addedDate` datetime NOT NULL,
  `parentPage` varchar(10) CHARACTER SET latin1 NOT NULL,
  `preInclude` varchar(50) CHARACTER SET latin1 NOT NULL,
  `postInclude` varchar(50) CHARACTER SET latin1 NOT NULL,
  `seoId` varchar(250) CHARACTER SET latin1 NOT NULL,
  `externalLink` varchar(255) CHARACTER SET latin1 NOT NULL,
  `priority` int(4) NOT NULL,
  `heading` varchar(255) CHARACTER SET latin1 NOT NULL,
  `onHead` tinyint(1) NOT NULL,
  `onBottom` tinyint(1) NOT NULL,
  `openNewTab` tinyint(1) NOT NULL,
  `image` varchar(255) CHARACTER SET latin1 NOT NULL,
  `showImage` tinyint(1) NOT NULL,
  `langId` int(5) NOT NULL,
  `pageCss` text COLLATE utf8_unicode_ci NOT NULL,
  PRIMARY KEY (`pagecontentId`)
) ENGINE=MyISAM  DEFAULT CHARSET=utf8 COLLATE=utf8_unicode_ci AUTO_INCREMENT=80 ;

--
-- Dumping data for table `pagecontent`
--

INSERT INTO `pagecontent` (`pagecontentId`, `title`, `content`, `active`, `metaTag`, `metaDescription`, `addedBy`, `editedBy`, `addedDate`, `parentPage`, `preInclude`, `postInclude`, `seoId`, `externalLink`, `priority`, `heading`, `onHead`, `onBottom`, `openNewTab`, `image`, `showImage`, `langId`, `pageCss`) VALUES
(26, 'Home', '<p>One of UK''s finest independent and contemporary Estate agent.<br /><br /> Rowflex specializes in buying, selling, letting or renting a home in your area. We are renowned for applying the highest standards of quality and integrity in all our property services, our reputation for uncompromising professionalism in everything we do is earned everyday by serving our clients and earning their trust.<br /><br /> Rowflex has an unrivalled choice of properties available to our clients all the time. Maybe you are a first time buyer looking for a house or a flat to accommodate your family or even a cottage in the countryside for when you retire. With new instructions coming to us on a daily basis, we are confident that Rowflex can help you find a suitable home for you and your family.</p>', 1, 'Home', 'Home', 31, 0, '2016-07-21 12:41:27', '0', '', '', 'home', '', 1, 'Rowflex Property Management Services.', 1, 0, 0, '', 0, 1, ' \r\n '),
(27, 'Lettings', '', 1, 'Lettings', 'Lettings', 26, 0, '2015-10-19 11:43:25', '0', '', '', 'Lettings', '', 3, 'Lettings', 1, 1, 0, '', 0, 1, ''),
(31, 'Contact', '<div class="contact_page">\r\n<div class="container">\r\n<div class="row">wtpage-contact-us.php-wtpage\r\n<div class="col-lg-6 col-md-6 col-sm-6 col-xs-12 right_site">\r\n<div class="row contact_info">\r\n<div class="col-lg-6 col-md-6 col-sm-6 col-xs-12 block">\r\n<h3>Address</h3>\r\n<p class="co-nam">Rowflex</p>\r\n<p>333 Barking Road, East Ham London.</p>\r\n<p>Post Code: E6 1LA</p>\r\n</div>\r\n<div class="col-lg-6 col-md-6 col-sm-6 col-xs-12 block">\r\n<h3>Email Address</h3>\r\n<p>General :<a href="malito:mail@demolink.org"> info@rowflex.co.uk</a></p>\r\n<!--<p>Office :<a href="malito:mail@demolink.org"> info(at)Lorem.com</a></p>--></div>\r\n</div>\r\n<div class="row contact_info">\r\n<div class="col-lg-6 col-md-6 col-sm-6 col-xs-12 block">\r\n<h3>Phone</h3>\r\n<p>Landline : 0208 472 5579</p>\r\n<p>Mobile : 07507659389</p>\r\n</div>\r\n<div class="col-lg-6 col-md-6 col-sm-6 col-xs-12 block">\r\n<div class="soc_ico">\r\n<h3>Follow us</h3>\r\n<ul class="socel_icon">\r\n<li class="tweet"><a href="#"><img alt="" src="../wtos-images/google.png" /></a></li>\r\n<li class="fb"><a href="#"><img alt="" src="../wtos-images/facebook.png" /></a></li>\r\n<li class="insta"><a href="#"><img alt="" src="../wtos-images/twitter.png" /></a></li>\r\n</ul>\r\n</div>\r\n</div>\r\n</div>\r\n</div>\r\n</div>\r\n</div>\r\n</div>', 1, 'Contact', 'Contact', 31, 0, '2016-07-22 12:04:09', '0', '', '', 'Contact', '', 8, 'Contact', 1, 1, 0, '', 0, 1, ''),
(42, 'Property Management', '<img class="pull-left inner_ima" alt="" src="../wtos-images/ienei6.png" />\r\n<h5>Lorem Ipsum is simply dummy text::</h5>\r\n<p><b>Lorem Ipsum</b> is simply dummy text of the printing and typesetting industry. <a>Lorem Ipsum has been the industry''s</a> standard dummy text ever since the 1500s, when an unknown printer took a galley of type and scrambled it to make a type specimen book. It has survived not only five centuries, but also the leap into electronic typesetting.</p>\r\n<p>Lorem Ipsum is simply dummy text of the printing and typesetting industry. Lorem Ipsum has been the industry''s standard dummy text ever since the 1500s, when an unknown printer took a galley of type and scrambled it to make a type specimen book.</p>\r\n<img class="pull-right inner_ima" alt="" src="../wtos-images/ienei5.png" />\r\n<p>Lorem ipsum dolor sit amet, consectetuer adipiscing elit. Aenean commodo ligula eget dolor. Aenean massa. Cum sociis natoque penatibus et magnis dis parturient montes, nascetur ridiculus mus. Donec quam felis, ultricies nec, pellentesque eu, pretium quis, sem. Nulla consequat massa quis enim. Donec pede justo, fringilla vel, aliquet nec, vulputate eget, arcu. In enim justo, rhoncus ut, imperdiet a, venenatis vitae, justo. Nullam dictum felis eu pede mollis pretium. Integer tincidunt.Cras dapibus. Vivamus elementum semper nisi. Aenean vulputate eleifend tellus.<br /> <br /> Aenean leo ligula, porttitor eu, consequat vitae, eleifend ac, enim. Aliquam lorem ante, dapibus in, viverra quis, feugiat a, tellus. Phasellus viverra nulla ut metus varius laoreet. Quisque rutrum. Aenean imperdiet. Etiam ultricies nisi vel augue. Curabitur ullamcorper ultricies nisi. Nam eget dui. Etiam rhoncus. Maecenas tempus, tellus eget condimentum rhoncus, sem quam semper libero, sit amet adipiscing sem neque sed ipsum. Nam quam nunc, blandit vel, luctus pulvinar, hendrerit id, lorem. Maecenas nec odio et ante tincidunt tempus. Donec vitae sapien ut libero venenatis faucibus. Nullam quis ante. Etiam sit amet orci eget eros faucibus tincidunt. Duis leo. Sed fringilla mauris sit amet nibh. Donec sodales sagittis magna. Sed consequat, leo eget bibendum sodales, augue velit cursus nunc,</p>\r\n<ol>\r\n<li>Lorem Ipsum is simply dummy text 1</li>\r\n<li>Lorem Ipsum is simply dummy text 2</li>\r\n<li>Lorem Ipsum is simply dummy text 3</li>\r\n</ol>\r\n<div class="clear">&nbsp;</div>\r\n<h5>Lorem Ipsum is simply dummy text::</h5>\r\n<p><b>Lorem Ipsum is simply dummy</b> text of the printing and typesetting industry. Lorem Ipsum has been the industry''s standard dummy text ever since the 1500s, when an unknown printer took a galley of type and scrambled it to make a type specimen book. It has survived not only five centuries, but also the leap into electronic typesetting.</p>\r\n<img class="pull-right inner_ima" alt="" src="../wtos-images/ienei3.png" />\r\n<p>Lorem ipsum dolor sit amet, consectetuer adipiscing elit. Aenean commodo ligula eget dolor. Aenean massa. Cum sociis natoque penatibus et magnis dis parturient montes, nascetur ridiculus mus. Donec quam felis, ultricies nec, pellentesque eu, pretium quis, sem. Nulla consequat massa quis enim. Donec pede justo, fringilla vel, aliquet nec, vulputate eget, arcu. In enim justo, rhoncus ut, imperdiet a, venenatis vitae, justo. Nullam dictum felis eu pede mollis pretium. Integer tincidunt.<br /> <br />Cras dapibus. Vivamus elementum semper nisi. Aenean vulputate eleifend tellus. Aenean leo ligula, porttitor eu, consequat vitae, eleifend ac, enim. Aliquam lorem ante, dapibus in, viverra quis, feugiat a, tellus. Phasellus viverra nulla ut metus varius laoreet. Quisque rutrum. Aenean imperdiet. Etiam ultricies nisi vel augue. Curabitur ullamcorper ultricies nisi. Nam eget dui. Etiam rhoncus. Maecenas tempus, tellus eget condimentum rhoncus, sem quam semper libero, sit amet adipiscing sem neque sed ipsum. Nam quam nunc, blandit vel, luctus pulvinar, hendrerit id, lorem. Maecenas nec odio et ante tincidunt tempus. Donec vitae sapien ut libero venenatis faucibus. Nullam quis ante. Etiam sit amet orci eget eros faucibus tincidunt. Duis leo. Sed fringilla mauris sit amet nibh. Donec sodales sagittis magna. Sed consequat, leo eget bibendum sodales, augue velit cursus nunc,</p>\r\n<ul>\r\n<li>Lorem Ipsum is simply dummy text 1</li>\r\n<li>Lorem Ipsum is simply dummy text 2</li>\r\n<li>Lorem Ipsum is simply dummy text 3</li>\r\n</ul>\r\n<p>Lorem Ipsum is simply dummy text of the printing and typesetting industry. Lorem Ipsum has been the industry''s standard dummy text ever since the 1500s, when an unknown printer took a galley of type and scrambled it to make a type specimen book. It has survived not only five centuries,</p>', 0, 'Property Management', 'Property Management', 26, 0, '2015-12-03 12:26:25', '0', '', '', 'Property-Management', '', 4, 'Property Management', 1, 1, 0, '', 0, 1, ''),
(47, 'Tenants', '<img class="pull-left inner_ima" alt="" src="../wtos-images/ienei6.png" />\r\n<h5>Lorem Ipsum is simply dummy text::</h5>\r\n<p><b>Lorem Ipsum</b> is simply dummy text of the printing and typesetting industry. <a>Lorem Ipsum has been the industry''s</a> standard dummy text ever since the 1500s, when an unknown printer took a galley of type and scrambled it to make a type specimen book. It has survived not only five centuries, but also the leap into electronic typesetting.</p>\r\n<p>Lorem Ipsum is simply dummy text of the printing and typesetting industry. Lorem Ipsum has been the industry''s standard dummy text ever since the 1500s, when an unknown printer took a galley of type and scrambled it to make a type specimen book.</p>\r\n<img class="pull-right inner_ima" alt="" src="../wtos-images/ienei5.png" />\r\n<p>Lorem ipsum dolor sit amet, consectetuer adipiscing elit. Aenean commodo ligula eget dolor. Aenean massa. Cum sociis natoque penatibus et magnis dis parturient montes, nascetur ridiculus mus. Donec quam felis, ultricies nec, pellentesque eu, pretium quis, sem. Nulla consequat massa quis enim. Donec pede justo, fringilla vel, aliquet nec, vulputate eget, arcu. In enim justo, rhoncus ut, imperdiet a, venenatis vitae, justo. Nullam dictum felis eu pede mollis pretium. Integer tincidunt.Cras dapibus. Vivamus elementum semper nisi. Aenean vulputate eleifend tellus.<br /> <br /> Aenean leo ligula, porttitor eu, consequat vitae, eleifend ac, enim. Aliquam lorem ante, dapibus in, viverra quis, feugiat a, tellus. Phasellus viverra nulla ut metus varius laoreet. Quisque rutrum. Aenean imperdiet. Etiam ultricies nisi vel augue. Curabitur ullamcorper ultricies nisi. Nam eget dui. Etiam rhoncus. Maecenas tempus, tellus eget condimentum rhoncus, sem quam semper libero, sit amet adipiscing sem neque sed ipsum. Nam quam nunc, blandit vel, luctus pulvinar, hendrerit id, lorem. Maecenas nec odio et ante tincidunt tempus. Donec vitae sapien ut libero venenatis faucibus. Nullam quis ante. Etiam sit amet orci eget eros faucibus tincidunt. Duis leo. Sed fringilla mauris sit amet nibh. Donec sodales sagittis magna. Sed consequat, leo eget bibendum sodales, augue velit cursus nunc,</p>\r\n<ol>\r\n<li>Lorem Ipsum is simply dummy text 1</li>\r\n<li>Lorem Ipsum is simply dummy text 2</li>\r\n<li>Lorem Ipsum is simply dummy text 3</li>\r\n</ol>\r\n<div class="clear">&nbsp;</div>\r\n<h5>Lorem Ipsum is simply dummy text::</h5>\r\n<p><b>Lorem Ipsum is simply dummy</b> text of the printing and typesetting industry. Lorem Ipsum has been the industry''s standard dummy text ever since the 1500s, when an unknown printer took a galley of type and scrambled it to make a type specimen book. It has survived not only five centuries, but also the leap into electronic typesetting.</p>\r\n<img class="pull-right inner_ima" alt="" src="../wtos-images/ienei3.png" />\r\n<p>Lorem ipsum dolor sit amet, consectetuer adipiscing elit. Aenean commodo ligula eget dolor. Aenean massa. Cum sociis natoque penatibus et magnis dis parturient montes, nascetur ridiculus mus. Donec quam felis, ultricies nec, pellentesque eu, pretium quis, sem. Nulla consequat massa quis enim. Donec pede justo, fringilla vel, aliquet nec, vulputate eget, arcu. In enim justo, rhoncus ut, imperdiet a, venenatis vitae, justo. Nullam dictum felis eu pede mollis pretium. Integer tincidunt.<br /> <br />Cras dapibus. Vivamus elementum semper nisi. Aenean vulputate eleifend tellus. Aenean leo ligula, porttitor eu, consequat vitae, eleifend ac, enim. Aliquam lorem ante, dapibus in, viverra quis, feugiat a, tellus. Phasellus viverra nulla ut metus varius laoreet. Quisque rutrum. Aenean imperdiet. Etiam ultricies nisi vel augue. Curabitur ullamcorper ultricies nisi. Nam eget dui. Etiam rhoncus. Maecenas tempus, tellus eget condimentum rhoncus, sem quam semper libero, sit amet adipiscing sem neque sed ipsum. Nam quam nunc, blandit vel, luctus pulvinar, hendrerit id, lorem. Maecenas nec odio et ante tincidunt tempus. Donec vitae sapien ut libero venenatis faucibus. Nullam quis ante. Etiam sit amet orci eget eros faucibus tincidunt. Duis leo. Sed fringilla mauris sit amet nibh. Donec sodales sagittis magna. Sed consequat, leo eget bibendum sodales, augue velit cursus nunc,</p>\r\n<ul>\r\n<li>Lorem Ipsum is simply dummy text 1</li>\r\n<li>Lorem Ipsum is simply dummy text 2</li>\r\n<li>Lorem Ipsum is simply dummy text 3</li>\r\n</ul>\r\n<p>Lorem Ipsum is simply dummy text of the printing and typesetting industry. Lorem Ipsum has been the industry''s standard dummy text ever since the 1500s, when an unknown printer took a galley of type and scrambled it to make a type specimen book. It has survived not only five centuries,</p>', 0, 'Tenants', 'Tenants', 26, 0, '2015-12-03 10:34:43', '0', '', '', 'Tenants', '', 5, 'Tenants', 1, 1, 0, '', 0, 1, ''),
(67, 'Terms & Conditions', '<div class="single-content">\r\n<p>This Privacy Policy governs the manner in which Real Estate WordPress Theme collects, uses, maintains and discloses information collected from users (each, a &ldquo;User&rdquo;) of the&nbsp;<a href="http://wpresidence.net/">http://wpresidence.net/</a>&nbsp;website (&ldquo;Site&rdquo;). This privacy policy applies to the Site and all products and services offered by Real Estate WordPress Theme.</p>\r\n<p><b>Personal identification information</b></p>\r\n<p>We may collect personal identification information from Users in a variety of ways in connection with activities, services, features or resources we make available on our Site.. Users may visit our Site anonymously. We will collect personal identification information from Users only if they voluntarily submit such information to us. Users can always refuse to supply personally identification information, except that it may prevent them from engaging in certain Site related activities.</p>\r\n<p><b>Non-personal identification information</b></p>\r\n<p>We may collect non-personal identification information about Users whenever they interact with our Site. Non-personal identification information may include the browser name, the type of computer and technical information about Users means of connection to our Site, such as the operating system and the Internet service providers utilized and other similar information.</p>\r\n<p><b>Web browser cookies</b></p>\r\n<p>Our Site may use &ldquo;cookies&rdquo; to enhance User experience. User&rsquo;s web browser places cookies on their hard drive for record-keeping purposes and sometimes to track information about them. User may choose to set their web browser to refuse cookies, or to alert you when cookies are being sent. If they do so, note that some parts of the Site may not function properly.</p>\r\n<p><b>How we protect your information</b></p>\r\n<p>We adopt appropriate data collection, storage and processing practices and security measures to protect against unauthorized access, alteration, disclosure or destruction of your personal information, username, password, transaction information and data stored on our Site.</p>\r\n<p><b>Sharing your personal information</b></p>\r\n<p>We do not sell, trade, or rent Users personal identification information to others. We may share generic aggregated demographic information not linked to any personal identification information regarding visitors and users with our business partners, trusted affiliates and advertisers for the purposes outlined above.</p>\r\n<p><b>Changes to this privacy policy</b></p>\r\n<p>Real Estate WordPress Theme has the discretion to update this privacy policy at any time. When we do, we will revise the updated date at the bottom of this page. We encourage Users to frequently check this page for any changes to stay informed about how we are helping to protect the personal information we collect. You acknowledge and agree that it is your responsibility to review this privacy policy periodically and become aware of modifications.</p>\r\n<p><b>Your acceptance of these terms</b></p>\r\n<p>By using this Site, you signify your acceptance of this policy. If you do not agree to this policy, please do not use our Site. Your continued use of the Site following the posting of changes to this policy will be deemed your acceptance of those changes.</p>\r\n</div>', 1, 'Terms & Conditionds', 'Terms & Conditionds', 26, 0, '2016-01-19 10:20:04', '0', '', '', 'Terms_Conditions', '', 9, 'Terms & Conditions', 0, 1, 0, '', 0, 1, ''),
(72, 'Service', '<div class="container">\r\n<p>We have been helping people with their property needs since 2014. We appreciate that everyone is different so we chose to offer a bespoke award winning service to accommodate your needs.</p>\r\n<img class="pull-left inner_ima" alt="" src="../wtos-images/ienei5.png" />\r\n<h4><span><strong><a href="http://www.newman.uk.com/newman-estate-agents">MA Estates Ag<span>ent</span></a><span>&nbsp;Limited</span></strong></span></h4>\r\n<p>To maximise your chances of selling your agent will need to provide a diverse range of services including residential lettings, mortgage services and surveys. It goes without saying that a team strong in all sectors of agency will offer more opportunities to work with potential buyers. The combined experience of the team will also have an impact upon their ability to deal with the unforeseeable.</p>\r\n<h4><span><strong><span style="text-decoration: underline;">Mortgage</span></strong></span></h4>\r\n<p>Products are changing daily, as are the criteria the lenders use to determine how much they will lend and to whom. Keeping on top of these constant changes is a key part of what we do, ensuring that you benefit from the competition between lenders by securing the best deal for you. We give totally independent advice specific to your circumstances whether you are moving home, investing in property, remortgaging or consolidating debts.</p>\r\n<h4><span><strong><span><a href="http://www.newman.uk.com/newman-residential-letting"><span>MA Residential Letting</span></a></span></strong></span></h4>\r\n<p>We like to keep things simple; we believe a successful agent will market your properties professionally. They will source you reliable tenants and achieving the highest possible rent and managing the landlord and tenant relationship professionally ensuring a productive long tenancy.</p>\r\n<h4><span><strong><a href="http://www.newman.uk.com/fine-a-country">Fine &amp; Country</a></strong></span></h4>\r\n<p><strong>Are you selling a more exclusive property?</strong> The more expensive property demands a more extensive presentation in order to enhance the character of the property, the location, the area, the facilities and the lifestyle &ndash; for all the prospective purchasers. The refreshing approach to marketing and selling exclusive homes, combining individual flair and attention with the local expertise of independent estate agency, to create a strong international network with a very powerful marketing ability.</p>\r\n</div>', 0, 'service', 'service', 31, 0, '2016-07-25 01:57:28', '0', '', '', 'service', '', 13, 'service', 1, 0, 0, '', 0, 1, ''),
(53, 'property', 'wtpage-propertyDetails.php-wtpage', 1, 'property', 'property', 26, 0, '2016-01-05 09:29:04', '0', '', '', 'property', '', 0, 'property', 0, 0, 0, '', 0, 1, ''),
(75, 'Sales', '', 1, 'Sales', 'Sales', 31, 0, '2016-07-25 02:27:53', '0', '', '', 'Sales', '', 2, 'Sales', 1, 0, 0, '', 0, 1, ''),
(76, 'Holiday Lets', '', 1, 'Holiday Lets', 'Holiday Lets', 31, 0, '2016-07-25 02:33:05', '0', '', '', 'holidayLets', '', 4, 'Holiday Lets', 1, 0, 0, '', 0, 1, ''),
(77, 'Mortgages', '', 1, 'Mortgages', 'Mortgages', 31, 0, '2016-07-25 02:34:09', '0', '', '', 'mortgages', '', 5, 'Mortgages', 1, 0, 0, '', 0, 1, ''),
(78, 'Developments', '', 1, 'Developments', 'Developments', 31, 0, '2016-07-25 02:35:24', '0', '', '', 'developments', '', 7, 'Developments', 1, 0, 0, '', 0, 1, ''),
(79, 'Properties', '', 0, 'Properties', 'Properties', 31, 0, '2016-07-25 02:35:58', '0', '', '', 'properties', '', 0, 'Properties', 1, 0, 0, '', 0, 1, ''),
(61, 'Residential', 'wtpage-listProperty.php-wtpage', 1, 'Residential', 'Residential', 31, 0, '2016-07-25 02:28:19', '75', '', '', 'salesResidential', '', 0, 'Residential', 0, 0, 0, '', 0, 1, ''),
(60, 'Commercial', 'wtpage-listProperty.php-wtpage', 1, 'Commercial', 'Commercial', 31, 0, '2016-07-25 02:28:34', '75', '', '', 'salesCommercial', '', 0, 'Commercial', 0, 0, 0, '', 0, 1, ''),
(63, 'Residential', 'wtpage-listProperty.php-wtpage', 1, 'Residential', 'Residential', 26, 0, '2015-10-08 10:45:30', '27', '', '', 'lettingResidential', '', 0, 'Residential', 0, 0, 0, '', 0, 1, ''),
(64, 'Commercial', '<br />wtpage-listProperty.php-wtpage', 1, 'Commercial', 'Commercial', 26, 0, '2015-10-19 11:31:22', '27', '', '', 'lettingCommercial', '', 0, 'Commercial', 0, 0, 0, '', 0, 1, ''),
(65, 'Landlord', '<img class="pull-left inner_ima" alt="" src="../wtos-images/ienei6.png" />\r\n<h5>Lorem Ipsum is simply dummy text::</h5>\r\n<p><b>Lorem Ipsum</b> is simply dummy text of the printing and typesetting industry. <a>Lorem Ipsum has been the industry''s</a> standard dummy text ever since the 1500s, when an unknown printer took a galley of type and scrambled it to make a type specimen book. It has survived not only five centuries, but also the leap into electronic typesetting.</p>\r\n<p>Lorem Ipsum is simply dummy text of the printing and typesetting industry. Lorem Ipsum has been the industry''s standard dummy text ever since the 1500s, when an unknown printer took a galley of type and scrambled it to make a type specimen book.</p>\r\n<img class="pull-right inner_ima" alt="" src="../wtos-images/ienei5.png" />\r\n<p>Lorem ipsum dolor sit amet, consectetuer adipiscing elit. Aenean commodo ligula eget dolor. Aenean massa. Cum sociis natoque penatibus et magnis dis parturient montes, nascetur ridiculus mus. Donec quam felis, ultricies nec, pellentesque eu, pretium quis, sem. Nulla consequat massa quis enim. Donec pede justo, fringilla vel, aliquet nec, vulputate eget, arcu. In enim justo, rhoncus ut, imperdiet a, venenatis vitae, justo. Nullam dictum felis eu pede mollis pretium. Integer tincidunt.Cras dapibus. Vivamus elementum semper nisi. Aenean vulputate eleifend tellus.<br /> <br /> Aenean leo ligula, porttitor eu, consequat vitae, eleifend ac, enim. Aliquam lorem ante, dapibus in, viverra quis, feugiat a, tellus. Phasellus viverra nulla ut metus varius laoreet. Quisque rutrum. Aenean imperdiet. Etiam ultricies nisi vel augue. Curabitur ullamcorper ultricies nisi. Nam eget dui. Etiam rhoncus. Maecenas tempus, tellus eget condimentum rhoncus, sem quam semper libero, sit amet adipiscing sem neque sed ipsum. Nam quam nunc, blandit vel, luctus pulvinar, hendrerit id, lorem. Maecenas nec odio et ante tincidunt tempus. Donec vitae sapien ut libero venenatis faucibus. Nullam quis ante. Etiam sit amet orci eget eros faucibus tincidunt. Duis leo. Sed fringilla mauris sit amet nibh. Donec sodales sagittis magna. Sed consequat, leo eget bibendum sodales, augue velit cursus nunc,</p>\r\n<ol>\r\n<li>Lorem Ipsum is simply dummy text 1</li>\r\n<li>Lorem Ipsum is simply dummy text 2</li>\r\n<li>Lorem Ipsum is simply dummy text 3</li>\r\n</ol>\r\n<div class="clear">&nbsp;</div>\r\n<h5>Lorem Ipsum is simply dummy text::</h5>\r\n<p><b>Lorem Ipsum is simply dummy</b> text of the printing and typesetting industry. Lorem Ipsum has been the industry''s standard dummy text ever since the 1500s, when an unknown printer took a galley of type and scrambled it to make a type specimen book. It has survived not only five centuries, but also the leap into electronic typesetting.</p>\r\n<img class="pull-right inner_ima" alt="" src="../wtos-images/ienei3.png" />\r\n<p>Lorem ipsum dolor sit amet, consectetuer adipiscing elit. Aenean commodo ligula eget dolor. Aenean massa. Cum sociis natoque penatibus et magnis dis parturient montes, nascetur ridiculus mus. Donec quam felis, ultricies nec, pellentesque eu, pretium quis, sem. Nulla consequat massa quis enim. Donec pede justo, fringilla vel, aliquet nec, vulputate eget, arcu. In enim justo, rhoncus ut, imperdiet a, venenatis vitae, justo. Nullam dictum felis eu pede mollis pretium. Integer tincidunt.<br /> <br />Cras dapibus. Vivamus elementum semper nisi. Aenean vulputate eleifend tellus. Aenean leo ligula, porttitor eu, consequat vitae, eleifend ac, enim. Aliquam lorem ante, dapibus in, viverra quis, feugiat a, tellus. Phasellus viverra nulla ut metus varius laoreet. Quisque rutrum. Aenean imperdiet. Etiam ultricies nisi vel augue. Curabitur ullamcorper ultricies nisi. Nam eget dui. Etiam rhoncus. Maecenas tempus, tellus eget condimentum rhoncus, sem quam semper libero, sit amet adipiscing sem neque sed ipsum. Nam quam nunc, blandit vel, luctus pulvinar, hendrerit id, lorem. Maecenas nec odio et ante tincidunt tempus. Donec vitae sapien ut libero venenatis faucibus. Nullam quis ante. Etiam sit amet orci eget eros faucibus tincidunt. Duis leo. Sed fringilla mauris sit amet nibh. Donec sodales sagittis magna. Sed consequat, leo eget bibendum sodales, augue velit cursus nunc,</p>\r\n<ul>\r\n<li>Lorem Ipsum is simply dummy text 1</li>\r\n<li>Lorem Ipsum is simply dummy text 2</li>\r\n<li>Lorem Ipsum is simply dummy text 3</li>\r\n</ul>\r\n<p>Lorem Ipsum is simply dummy text of the printing and typesetting industry. Lorem Ipsum has been the industry''s standard dummy text ever since the 1500s, when an unknown printer took a galley of type and scrambled it to make a type specimen book. It has survived not only five centuries,</p>\r\nwtpage-tanentrightpanel.php-wtpage\r\n<div class="clear">&nbsp;</div>', 1, 'Landlord', 'Landlord', 26, 0, '2015-12-03 12:43:09', '42', '', '', 'Landlord', '', 0, 'Landlord', 0, 0, 0, '', 0, 1, ''),
(66, 'Portfolio', '', 0, 'Portfolio Management', 'Portfolio Management', 26, 0, '2015-10-12 11:37:33', '42', '', '', 'PortfolioManagement', '', 0, 'Portfolio', 1, 0, 0, '', 0, 1, ''),
(68, 'Propertyvaluation', '', 1, 'Propertyvaluation', 'Propertyvaluation', 26, 0, '2015-11-05 11:24:03', '0', '', '', 'home', '', 7, 'Propertyvaluation', 0, 0, 0, '', 0, 1, ''),
(69, 'Guaranteed Rent', '<img class="pull-left inner_ima" alt="" src="../wtos-images/ienei6.png" /> <br />\r\n<p><span style="color: #000000;"><strong>How does it work?</strong>&nbsp;<br /><br />Once one of our experienced team has valued your property, we will make an offer to you for a period of 1-3 years. We will usually agree to start the contract one month after acceptance of our offer, but in certain circumstances we can begin the contract earlier.&nbsp;&nbsp;Once the contract has begun you will be paid the agreed amount each month regardless of whether the property is tenanted or not, and even if the residing tenant stops paying the rent or falls into arrears.&nbsp;<br /><br />There are no fees or commission payable with the scheme, you receive the full agreed amount each month on the same day each month, for the full term of the contract.<br /><br /><br /><strong><br /></strong></span></p>\r\n<img class="pull-right inner_ima" alt="" src="../wtos-images/ienei3.png" />\r\n<p><span style="color: #000000;"><strong>Tenant?</strong><br /><br />Expand Properties will be your tenant and we take on all of the contractual responsibilities of the tenancy. This not only includes paying the rent, but also includes the obligation to look after the property in a tenant-like manner.<br /><br />Expand Properties own and manage a portfolio of properties throughout London, giving us a unique background that enables us to manage your property and look after your best interests.<br /><br />Once we have signed a contract with you we will start work on sourcing a tenant. As we have ultimate responsibility for the property we take special care in finding the highest quality of tenant, and most tenants that we place in properties are city professionals. We fully reference all tenants before offering a property and only accept tenants with an impeccable background.<br /><br />Our organisation also has links with a number of large corporations and we are often asked to arrange tenancies for employees and their families.<br /><br /><br /><strong>What happens at the end of the contract?</strong><br /><br />Approximately two months prior to the end of the contract we will write to you offering a further contact, or giving you the option to take back possession of the property. If a new contract is signed more than one month prior to the end of the initial contract then we will guarantee that the new contract runs concurrently following the expiry of the initial contract. There are no renewal fees or charges for extending the contract.<br /><br /><br /><strong>Preparing the Property</strong><br /><br />Once the property becomes vacant we will prepare a full inventory that includes colour photographs in order to establish an accurate record of the condition of the property at the point it is handed over to us. The inventory will be prepared by us at no charge to you and it will be checked by a professional inventory clerk at the end of the contract when the property is eventually returned to you.<br /><br />To comply with current legal obligations, we require you to provide a current landlords gas safety certificate and an energy performance certificate, prior to the start of the contract. If you prefer we can arrange these certificates on your behalf and deduct the cost from your first rent payment. The gas safety certificate needs to be renewed each year but we will make these arrangements on your behalf and we will cover the cost of this.<br /><br /><br /><strong>Property Management</strong><br /><br />As part of our obligation to ensure that the property is being looked after by the occupier, we will make regular inspections of the property and we will report any maintenance issues to you. In the event that maintenance or repair work is required we will inform you of the issue and allow you a reasonable amount of time in order to arrange a contractor to carry out the works. Alternatively, if you prefer, we will arrange for one of our trusted contractors to carry out the works on your behalf, and once the work has been completed we will settle the contractor&rsquo;s invoice and deduct the cost from your next rent payment. <img class="pull-right inner_ima" alt="" src="../wtos-images/ienei5.png" /> <br /><br /><br /><strong>Advantages of the Scheme</strong></span></p>\r\n<span style="color: #000000;">* No Voids or Vacant Periods&nbsp;<br />* Guaranteed Fixed Monthly Rent &ndash; No Late or Missed Payments&nbsp;<br />* Formal Offer from us within 24 hours&nbsp;<br />* 1 - 3 Year Contracts&nbsp;<br />* No Lettings Agency Commission&nbsp;<br />* No Management Fees&nbsp;<br />* No Renewal Fees&nbsp;<br />* No Rent Insurance Premiums&nbsp;<br />* No Utility Bills or Council Tax to Pay&nbsp;<br />* Includes Full Inventory &amp; Check-Out Report&nbsp;<br />* Includes the Renewal of your Annual Gas Safety Certificate&nbsp;<br />* Includes End of Tenancy Cleaning&nbsp;<br /></span> <span style="color: #000000;">Expand Properties offer a unique service to landlords allowing you to fix your income and costs, whilst giving you the reassurance that the property is being looked after by experienced professionals.<br /><br />We pride ourselves on offering a first class service that takes the stress out of owning an investment property. We choose only the highest quality of tenant because ultimately we are responsible for the property, and having this vested interest means that we will manage your property as if it was one of our own properties, giving you a personal service that we are confident is superior to that offered by any other managing agent.<br /><br />We are happy to consider any property providing that it meets our basic standard and is fully self-contained. Where a property requires refurbishment we may be able to renovate the property at our expense, and furnish properties as required.</span>\r\n<div class="clear">&nbsp;</div>', 1, 'Guaranteed Rent', 'Guaranteed Rent', 26, 0, '2015-12-03 12:48:54', '0', '', '', 'Guaranteed-Rent', '', 6, 'Guaranteed Rent', 1, 0, 0, '', 0, 1, ''),
(70, 'cookiepolicy', '<div class="cookiePolicy">\r\n<h2>Privacy Statement: How we use Cookies</h2>\r\n<p>Cookies are very small text files that are stored on your computer when you visit some websites. <br /><br /> We use cookies to help identify your computer so we can tailor your user experience, track shopping basket contents and remember where you are in the order process. <br /> You can disable any cookies already stored on your computer, but these may stop our website from functioning properly.<br /> The following is strictly necessary in the operation of our website. <br /> This Website Will: <br />Remember what is in your shopping basket<br /> Remember where you are in the order process<br /> Remember that you are logged in and that your session is secure. You need to be logged in to complete an order.<br /> The following are not Strictly Necessary, but are required to provide you with the best user experience and also to tell us which pages you find most interesting (anonymously). </p>\r\n<h2>Functional Cookies</h2>\r\n<p>This Website Will:<br /> Offer Live Chat Support (If available)<br /> Track the pages you visits via Google Analytics</p>\r\n<h2>Targeting Cookies</h2>\r\n<p>This Website Will:<br />Allow you to share pages with social networks such as Facebook (If available)<br /> Allow you to share pages via Add This (If available)<br /> To view the &lsquo;Add This&rsquo; Privacy Policy or to opt out of any online behavioural advertising, please visit Add This and click on the &lsquo;Opt Out&rsquo; button.<br /> This website will not<br /><br /> Share any personal information with third parties.</p>\r\n<p>&nbsp;</p>\r\n</div>', 1, 'cookiepolicy', 'cookiepolicy', 26, 0, '2015-12-03 01:50:18', '0', '', '', 'cookiepolicy', '', 0, 'Cookies Policy', 0, 0, 0, '', 0, 1, ''),
(71, 'About Us', '<div class="container">\r\n<p>To be the agent of choice for anyone considering a property related transaction by being the best in our profession. We provide an outstanding level of service to our clients, making moving an easy seamless and pleasurable experience. This is delivered by making clients feels special and by providing a full range of services.</p>\r\n<p>We believe in clients for life and will stay in contact with clients long after their transaction has concluded so we remain the agent of choice. 50% of our business will come from recommendations and referrals by delivering exceptional service and simply asking for the business.</p>\r\n<p><strong>OUR CLIENTS</strong> &ndash; are the most important part of our business. Our main focus is to deliver outstanding service, making moving an easy, seamless &amp; pleasurable experience.</p>\r\n<p><strong>OUR TEAM </strong>&ndash; is our most valuable asset and we work together in an atmosphere of fun and respect. We support each other to deliver exceptional customer care and achieve our personal goals.</p>\r\n<p><strong>OUR BUSINESS </strong>&ndash; provides a one-stop service for all property related matters. Our business is built on 7 strong principles and we have a shared vision to be the best in our profession both in terms of service and results.</p>\r\n<img class="pull-right" alt="" src="&lt;? echo $site[''site'']; ?&gt;wtos-images/ienei6.png" />\r\n<ul>\r\n<li>INTEGRITY</li>\r\n<li>TEAMWORK</li>\r\n<li>PASSION</li>\r\n<li>PROFESSIONALISM</li>\r\n<li>FUN</li>\r\n<li>CARING</li>\r\n<li>INDUSTRIOUS</li>\r\n</ul>\r\n<div class="clearfix">&nbsp;</div>\r\n</div>', 0, 'aboutUs', 'aboutUs', 31, 0, '2016-07-25 01:56:37', '0', '', '', 'aboutUs', '', 12, 'About Us', 1, 0, 0, '', 0, 1, '');

-- --------------------------------------------------------

--
-- Table structure for table `payments`
--

CREATE TABLE IF NOT EXISTS `payments` (
  `paymentsId` int(10) NOT NULL AUTO_INCREMENT,
  `dated` datetime NOT NULL,
  `title` varchar(100) COLLATE utf8_unicode_ci NOT NULL,
  `amount` float(8,2) NOT NULL,
  `mode` varchar(10) COLLATE utf8_unicode_ci NOT NULL,
  `details` varchar(100) COLLATE utf8_unicode_ci NOT NULL,
  `linkedIdFields` varchar(20) COLLATE utf8_unicode_ci NOT NULL,
  `linkedIdValue` int(10) NOT NULL,
  `direction` varchar(3) COLLATE utf8_unicode_ci NOT NULL,
  `note` varchar(200) COLLATE utf8_unicode_ci NOT NULL,
  `addedDate` datetime NOT NULL,
  `addedBy` int(10) NOT NULL,
  `modifyDate` datetime NOT NULL,
  `modifyBy` int(10) NOT NULL,
  PRIMARY KEY (`paymentsId`)
) ENGINE=InnoDB  DEFAULT CHARSET=utf8 COLLATE=utf8_unicode_ci AUTO_INCREMENT=65 ;

--
-- Dumping data for table `payments`
--

INSERT INTO `payments` (`paymentsId`, `dated`, `title`, `amount`, `mode`, `details`, `linkedIdFields`, `linkedIdValue`, `direction`, `note`, `addedDate`, `addedBy`, `modifyDate`, `modifyBy`) VALUES
(1, '2016-02-10 00:00:00', 'Rent Payments', 850.00, 'Cash', '', 'rentbillId', 2, 'IN', '', '2016-02-10 04:46:05', 31, '0000-00-00 00:00:00', 0),
(2, '2016-03-21 00:00:00', 'Rent Payments', 1500.00, 'Online', '', 'rentbillId', 21, 'IN', '', '2016-03-17 12:43:41', 31, '0000-00-00 00:00:00', 0),
(3, '2016-05-02 00:00:00', 'Rent Payments', 950.00, 'Bank Depos', '', 'rentbillId', 419, 'IN', '', '2016-05-07 01:55:44', 31, '0000-00-00 00:00:00', 0),
(4, '2016-05-04 00:00:00', 'Rent Payments', 950.00, 'Bank Depos', 'PAID', 'rentbillId', 229, 'IN', '', '2016-05-07 01:57:17', 31, '0000-00-00 00:00:00', 0),
(5, '2016-05-05 00:00:00', 'Rent Payments', 225.00, 'Cash', 'Paid', 'rentbillId', 256, 'IN', '', '2016-05-07 01:59:16', 31, '0000-00-00 00:00:00', 0),
(6, '2016-05-02 00:00:00', 'Rent Payments', 800.00, 'Cash', 'Paid', 'rentbillId', 310, 'IN', '', '2016-05-07 02:02:27', 31, '0000-00-00 00:00:00', 0),
(7, '2016-05-02 00:00:00', 'Payments to Landlord', 1300.00, 'Bank Depos', 'Paid', 'landlordbillId', 36, 'OUT', '', '2016-05-07 05:37:29', 31, '0000-00-00 00:00:00', 0),
(8, '2016-05-03 00:00:00', 'Payments to Landlord', 1300.00, 'Bank Depos', 'Paid', 'landlordbillId', 373, 'OUT', '', '2016-05-07 05:39:02', 31, '0000-00-00 00:00:00', 0),
(11, '2016-05-10 00:00:00', 'Rent Payments', 1800.00, 'Cash', '', 'rentbillId', 200, 'IN', '', '2016-05-12 10:54:59', 31, '0000-00-00 00:00:00', 0),
(12, '2016-05-14 00:00:00', 'Rent Payments', 1500.00, 'Bank Depos', '', 'rentbillId', 68, 'IN', '', '2016-05-14 10:01:32', 31, '0000-00-00 00:00:00', 0),
(13, '2016-05-25 00:00:00', 'Rent Payments', 1400.00, 'Online', '', 'rentbillId', 132, 'IN', '', '2016-05-25 11:42:21', 31, '0000-00-00 00:00:00', 0),
(14, '2016-06-01 00:00:00', 'Rent Payments', 1400.00, 'Bank Depos', '', 'rentbillId', 483, 'IN', '', '2016-06-01 11:17:39', 31, '0000-00-00 00:00:00', 0),
(15, '2016-06-01 00:00:00', 'Payments to Landlord', 1250.00, 'Bank Depos', '', 'landlordbillId', 374, 'OUT', '', '2016-06-01 03:07:40', 31, '0000-00-00 00:00:00', 0),
(16, '2016-06-01 00:00:00', 'Rent Payments', 1600.00, 'Bank Depos', '', 'rentbillId', 311, 'IN', '', '2016-06-01 05:04:16', 31, '0000-00-00 00:00:00', 0),
(17, '2016-06-03 00:00:00', 'Rent Payments', 1500.00, 'Bank Depos', '', 'rentbillId', 374, 'IN', '', '2016-06-06 11:09:44', 31, '0000-00-00 00:00:00', 0),
(18, '2016-06-04 00:00:00', 'Rent Payments', 950.00, 'Bank Depos', '', 'rentbillId', 230, 'IN', '', '2016-06-06 11:10:38', 31, '0000-00-00 00:00:00', 0),
(19, '2016-06-03 00:00:00', 'Payments to Landlord', 972.20, 'Online', '', 'landlordbillId', 318, 'OUT', '', '2016-06-06 11:14:20', 31, '0000-00-00 00:00:00', 0),
(20, '2016-06-06 00:00:00', 'Payments to Landlord', 1480.00, 'Bank Depos', '', 'landlordbillId', 447, 'OUT', '', '2016-06-06 11:22:43', 31, '0000-00-00 00:00:00', 0),
(21, '2016-06-06 00:00:00', 'Payments to Landlord', 2340.00, 'Bank Depos', '', 'landlordbillId', 102, 'OUT', '', '2016-06-06 04:48:39', 31, '0000-00-00 00:00:00', 0),
(22, '2016-06-03 00:00:00', 'Payments to Landlord', 1250.00, 'Online', '', 'landlordbillId', 94, 'OUT', '', '2016-06-06 04:51:13', 31, '0000-00-00 00:00:00', 0),
(23, '2016-06-06 00:00:00', 'Payments to Landlord', 850.00, 'Bank Depos', '', 'landlordbillId', 230, 'OUT', '', '2016-06-06 04:51:48', 31, '0000-00-00 00:00:00', 0),
(24, '2016-06-07 00:00:00', 'Rent Payments', 1200.00, 'Bank Depos', '', 'rentbillId', 401, 'IN', '', '2016-06-07 12:49:46', 31, '0000-00-00 00:00:00', 0),
(25, '2016-06-08 00:00:00', 'Rent Payments', 1425.00, 'Cash', '', 'rentbillId', 498, 'IN', '', '2016-06-08 11:13:53', 31, '0000-00-00 00:00:00', 0),
(26, '2016-06-07 00:00:00', 'Payments to Landlord', 1450.00, 'Bank Depos', '', 'landlordbillId', 311, 'OUT', '', '2016-06-08 11:14:47', 31, '0000-00-00 00:00:00', 0),
(28, '2016-06-09 00:00:00', 'Payments to Landlord', 900.00, 'Bank Depos', '', 'landlordbillId', 401, 'OUT', '', '2016-06-10 11:22:41', 31, '0000-00-00 00:00:00', 0),
(29, '2016-06-09 00:00:00', 'Rent Payments', 1400.00, 'Bank Depos', '', 'rentbillId', 121, 'IN', '', '2016-06-10 04:32:53', 31, '0000-00-00 00:00:00', 0),
(30, '2016-06-11 00:00:00', 'Rent Payments', 1780.00, 'Bank Depos', '', 'rentbillId', 447, 'IN', '', '2016-06-13 10:49:03', 31, '0000-00-00 00:00:00', 0),
(31, '2016-06-11 00:00:00', 'Rent Payments', 1800.00, 'Bank Depos', '', 'rentbillId', 201, 'IN', '', '2016-06-13 11:06:24', 31, '0000-00-00 00:00:00', 0),
(32, '2016-06-11 00:00:00', 'Rent Payments', 900.00, 'Bank Depos', '', 'rentbillId', 257, 'IN', '', '2016-06-13 11:07:59', 31, '0000-00-00 00:00:00', 0),
(33, '2016-06-11 00:00:00', 'Payments to Landlord', 1100.00, 'Bank Depos', '', 'landlordbillId', 121, 'OUT', '', '2016-06-13 11:09:19', 31, '0000-00-00 00:00:00', 0),
(34, '2016-06-12 00:00:00', 'Payments to Landlord', 850.00, 'Bank Depos', '', 'landlordbillId', 257, 'OUT', '', '2016-06-13 11:09:57', 31, '0000-00-00 00:00:00', 0),
(35, '2016-06-09 00:00:00', 'Payments to Landlord', 2100.00, 'Bank Depos', '', 'landlordbillId', 82, 'OUT', '', '2016-06-13 11:10:59', 31, '0000-00-00 00:00:00', 0),
(36, '2016-06-14 00:00:00', 'Rent Payments', 695.00, 'Cash', '', 'rentbillId', 94, 'IN', '', '2016-06-14 02:12:45', 31, '0000-00-00 00:00:00', 0),
(37, '2016-06-08 00:00:00', 'Rent Payments', 1650.00, 'Cash', '', 'rentbillId', 518, 'IN', '', '2016-06-16 11:33:11', 31, '0000-00-00 00:00:00', 0),
(38, '2016-06-15 00:00:00', 'Payments to Landlord', 1600.00, 'Bank Depos', '', 'landlordbillId', 460, 'OUT', '', '2016-06-16 11:42:56', 31, '0000-00-00 00:00:00', 0),
(39, '2016-06-08 00:00:00', 'Payments to Landlord', 1600.00, 'Bank Depos', '', 'landlordbillId', 357, 'OUT', '', '2016-06-16 11:44:07', 31, '0000-00-00 00:00:00', 0),
(40, '2016-06-13 00:00:00', 'Payments to Landlord', 1100.00, 'Bank Depos', '', 'landlordbillId', 284, 'OUT', '', '2016-06-16 11:48:08', 31, '0000-00-00 00:00:00', 0),
(41, '2016-06-17 00:00:00', 'Rent Payments', 1850.00, 'Bank Depos', '', 'rentbillId', 271, 'IN', '', '2016-06-17 04:24:09', 31, '0000-00-00 00:00:00', 0),
(42, '2016-06-17 00:00:00', 'Payments to Landlord', 1050.00, 'Bank Depos', '', 'landlordbillId', 190, 'OUT', '', '2016-06-17 04:25:39', 31, '0000-00-00 00:00:00', 0),
(43, '2016-06-17 00:00:00', 'Payments to Landlord', 1000.00, 'Bank Depos', '', 'landlordbillId', 133, 'OUT', '', '2016-06-17 04:26:22', 31, '0000-00-00 00:00:00', 0),
(44, '2016-06-18 00:00:00', 'Rent Payments', 930.00, 'Bank Depos', '', 'rentbillId', 295, 'IN', '', '2016-06-18 01:47:19', 31, '0000-00-00 00:00:00', 0),
(45, '2016-06-18 00:00:00', 'Rent Payments', 900.00, 'Bank Depos', '', 'rentbillId', 422, 'IN', '', '2016-06-18 02:02:31', 31, '0000-00-00 00:00:00', 0),
(46, '2016-06-15 00:00:00', 'Rent Payments', 1700.00, 'Bank Depos', '', 'rentbillId', 460, 'IN', '', '2016-06-20 11:05:45', 31, '0000-00-00 00:00:00', 0),
(47, '2016-06-15 00:00:00', 'Rent Payments', 1300.00, 'Bank Depos', '', 'rentbillId', 387, 'IN', '', '2016-06-20 11:06:31', 31, '0000-00-00 00:00:00', 0),
(48, '2016-06-17 00:00:00', 'Payments to Landlord', 850.00, 'Bank Depos', '', 'landlordbillId', 295, 'OUT', '', '2016-06-20 11:08:45', 31, '0000-00-00 00:00:00', 0),
(49, '2016-06-18 00:00:00', 'Payments to Landlord', 1225.00, 'Bank Depos', '', 'landlordbillId', 387, 'OUT', '', '2016-06-20 11:10:31', 31, '0000-00-00 00:00:00', 0),
(50, '2016-06-08 00:00:00', 'Rent Payments', 1650.00, 'Bank Depos', '', 'rentbillId', 531, 'IN', '', '2016-06-20 12:27:36', 31, '0000-00-00 00:00:00', 0),
(51, '2016-06-15 00:00:00', 'Payments to Landlord', 1375.00, 'Cheque', '', 'landlordbillId', 531, 'OUT', '', '2016-06-20 12:28:12', 31, '0000-00-00 00:00:00', 0),
(52, '2016-06-20 00:00:00', 'Rent Payments', 1500.00, 'Bank Depos', '', 'rentbillId', 174, 'IN', '', '2016-06-20 04:44:14', 31, '0000-00-00 00:00:00', 0),
(53, '2016-06-21 00:00:00', 'Rent Payments', 1500.00, 'Bank Depos', '', 'rentbillId', 69, 'IN', '', '2016-06-22 01:40:09', 31, '0000-00-00 00:00:00', 0),
(54, '2016-06-21 00:00:00', 'Rent Payments', 1300.00, 'Bank Depos', '', 'rentbillId', 217, 'IN', '', '2016-06-22 01:40:25', 31, '0000-00-00 00:00:00', 0),
(55, '2016-06-21 00:00:00', 'Payments to Landlord', 1000.00, 'Bank Depos', '', 'landlordbillId', 217, 'OUT', '', '2016-06-22 05:08:21', 31, '0000-00-00 00:00:00', 0),
(56, '2016-06-21 00:00:00', 'Payments to Landlord', 1300.00, 'Bank Depos', '', 'landlordbillId', 69, 'OUT', '', '2016-06-22 05:08:40', 31, '0000-00-00 00:00:00', 0),
(57, '2016-06-08 00:00:00', 'Rent Payments', 1750.00, 'Bank Depos', '', 'rentbillId', 357, 'IN', '', '2016-06-22 05:29:52', 31, '0000-00-00 00:00:00', 0),
(58, '2016-06-25 00:00:00', 'Payments to Landlord', 1550.00, 'Bank Depos', '', 'landlordbillId', 345, 'OUT', '', '2016-06-28 05:05:17', 31, '0000-00-00 00:00:00', 0),
(59, '2016-06-25 00:00:00', 'Payments to Landlord', 1300.00, 'Bank Depos', '', 'landlordbillId', 174, 'OUT', '', '2016-06-28 05:05:43', 31, '0000-00-00 00:00:00', 0),
(60, '2016-06-24 00:00:00', 'Payments to Landlord', 1319.00, 'Bank Depos', '', 'landlordbillId', 55, 'OUT', '', '2016-06-28 05:06:51', 31, '0000-00-00 00:00:00', 0),
(61, '2016-06-23 00:00:00', 'Payments to Landlord', 1000.00, 'Bank Depos', '', 'landlordbillId', 142, 'OUT', '', '2016-06-28 05:07:07', 31, '0000-00-00 00:00:00', 0),
(62, '2016-06-27 00:00:00', 'Rent Payments', 755.00, 'Bank Depos', 'Council', 'rentbillId', 94, 'IN', '', '2016-06-28 05:07:48', 31, '0000-00-00 00:00:00', 0),
(63, '2016-06-28 00:00:00', 'Rent Payments', 1850.00, 'Cash', '', 'rentbillId', 345, 'IN', '', '2016-06-28 05:08:16', 31, '0000-00-00 00:00:00', 0),
(64, '2016-06-25 00:00:00', 'Rent Payments', 1400.00, 'Online', 'Deposit used', 'rentbillId', 133, 'IN', '', '2016-06-28 05:08:45', 31, '0000-00-00 00:00:00', 0);

-- --------------------------------------------------------

--
-- Table structure for table `property`
--

CREATE TABLE IF NOT EXISTS `property` (
  `propertyId` int(11) NOT NULL AUTO_INCREMENT,
  `title` varchar(100) COLLATE utf8_unicode_ci NOT NULL,
  `name` varchar(100) COLLATE utf8_unicode_ci NOT NULL,
  `locationId` int(10) NOT NULL,
  `address` varchar(200) COLLATE utf8_unicode_ci NOT NULL,
  `postcode` varchar(10) COLLATE utf8_unicode_ci NOT NULL,
  `price` int(10) NOT NULL,
  `bed` int(3) NOT NULL,
  `bath` int(3) NOT NULL,
  `reception` int(3) NOT NULL,
  `priceUnit` varchar(5) COLLATE utf8_unicode_ci NOT NULL,
  `priority` int(4) NOT NULL,
  `featured` varchar(30) COLLATE utf8_unicode_ci NOT NULL,
  `label` varchar(20) COLLATE utf8_unicode_ci NOT NULL,
  `shortDescription` text COLLATE utf8_unicode_ci NOT NULL,
  `fullDescription` text COLLATE utf8_unicode_ci NOT NULL,
  `type` varchar(5) COLLATE utf8_unicode_ci NOT NULL,
  `floorplan` varchar(255) COLLATE utf8_unicode_ci NOT NULL,
  `EPC` varchar(255) COLLATE utf8_unicode_ci NOT NULL,
  `printImg` varchar(255) COLLATE utf8_unicode_ci NOT NULL,
  `seoId` varchar(255) COLLATE utf8_unicode_ci NOT NULL,
  `hits` varchar(5) COLLATE utf8_unicode_ci NOT NULL,
  `enquery` varchar(5) COLLATE utf8_unicode_ci NOT NULL,
  `addedDate` datetime NOT NULL,
  `addedBy` int(10) NOT NULL,
  `modifyDate` datetime NOT NULL,
  `modifyBy` int(10) NOT NULL,
  `active` tinyint(2) NOT NULL,
  `leasehold` varchar(50) COLLATE utf8_unicode_ci NOT NULL,
  `groundrent` varchar(50) COLLATE utf8_unicode_ci NOT NULL,
  `servicecharge` varchar(50) COLLATE utf8_unicode_ci NOT NULL,
  `counciltax` varchar(50) COLLATE utf8_unicode_ci NOT NULL,
  `underground` varchar(50) COLLATE utf8_unicode_ci NOT NULL,
  `leaseyears` varchar(20) COLLATE utf8_unicode_ci NOT NULL,
  `brochurePdf` varchar(255) COLLATE utf8_unicode_ci NOT NULL,
  `qrCode` varchar(255) COLLATE utf8_unicode_ci NOT NULL,
  `epcvalue` varchar(30) COLLATE utf8_unicode_ci NOT NULL,
  `printStyle` varchar(255) COLLATE utf8_unicode_ci NOT NULL,
  `bulletText1` varchar(255) COLLATE utf8_unicode_ci NOT NULL,
  `bulletText2` varchar(255) COLLATE utf8_unicode_ci NOT NULL,
  `bulletText3` varchar(255) COLLATE utf8_unicode_ci NOT NULL,
  `bulletText4` varchar(255) COLLATE utf8_unicode_ci NOT NULL,
  `bulletText5` varchar(255) COLLATE utf8_unicode_ci NOT NULL,
  `sofa` int(2) NOT NULL,
  `houseNO` varchar(200) COLLATE utf8_unicode_ci NOT NULL,
  `RoadName` varchar(200) COLLATE utf8_unicode_ci NOT NULL,
  `rightmoveLink` varchar(255) COLLATE utf8_unicode_ci NOT NULL,
  `propertyType` int(3) NOT NULL,
  `memberId` int(10) NOT NULL COMMENT 'vendor',
  `branch` varchar(20) COLLATE utf8_unicode_ci NOT NULL,
  `attribute` text COLLATE utf8_unicode_ci NOT NULL,
  `propertyStatus` varchar(20) COLLATE utf8_unicode_ci NOT NULL COMMENT 'withdrawn',
  `generalNotes` text COLLATE utf8_unicode_ci NOT NULL,
  `contactNotes` text COLLATE utf8_unicode_ci NOT NULL,
  `available` varchar(5) COLLATE utf8_unicode_ci NOT NULL,
  `registerDate` date NOT NULL,
  `propCode` varchar(20) COLLATE utf8_unicode_ci NOT NULL,
  `townCity` varchar(25) COLLATE utf8_unicode_ci NOT NULL,
  `purposeType` varchar(20) COLLATE utf8_unicode_ci NOT NULL DEFAULT 'Residential',
  `gasCertificate` varchar(240) COLLATE utf8_unicode_ci NOT NULL,
  `propertyAvlDate` date NOT NULL,
  `dss` varchar(3) COLLATE utf8_unicode_ci NOT NULL,
  `availableKeys` varchar(3) COLLATE utf8_unicode_ci NOT NULL,
  `area` varchar(50) COLLATE utf8_unicode_ci NOT NULL,
  `sharing` varchar(5) COLLATE utf8_unicode_ci NOT NULL,
  `furnished` varchar(5) COLLATE utf8_unicode_ci NOT NULL,
  `facility` varchar(20) COLLATE utf8_unicode_ci NOT NULL,
  PRIMARY KEY (`propertyId`)
) ENGINE=MyISAM  DEFAULT CHARSET=utf8 COLLATE=utf8_unicode_ci AUTO_INCREMENT=70 ;

--
-- Dumping data for table `property`
--

INSERT INTO `property` (`propertyId`, `title`, `name`, `locationId`, `address`, `postcode`, `price`, `bed`, `bath`, `reception`, `priceUnit`, `priority`, `featured`, `label`, `shortDescription`, `fullDescription`, `type`, `floorplan`, `EPC`, `printImg`, `seoId`, `hits`, `enquery`, `addedDate`, `addedBy`, `modifyDate`, `modifyBy`, `active`, `leasehold`, `groundrent`, `servicecharge`, `counciltax`, `underground`, `leaseyears`, `brochurePdf`, `qrCode`, `epcvalue`, `printStyle`, `bulletText1`, `bulletText2`, `bulletText3`, `bulletText4`, `bulletText5`, `sofa`, `houseNO`, `RoadName`, `rightmoveLink`, `propertyType`, `memberId`, `branch`, `attribute`, `propertyStatus`, `generalNotes`, `contactNotes`, `available`, `registerDate`, `propCode`, `townCity`, `purposeType`, `gasCertificate`, `propertyAvlDate`, `dss`, `availableKeys`, `area`, `sharing`, `furnished`, `facility`) VALUES
(22, ' 1 Bedroom Flat in Tooting', ' 1 Bedroom Flat in Tooting', 3, '47 London Road SW17 9JR , London, Tooting', '', 500, 3, 2, 0, 'pcm', 0, 'Featured Rentals', '-', 'Mckinley Hill is situated inside Fort Bonifacio which is a 50 hectares owned by Megaworld. Mckinley Hill is Said to be the Biggest and Grandest Development in Metro manila as of Today', 'Mckinley Hill is situated inside Fort Bonifacio which is a 50 hectares owned by Megaworld. Mckinley Hill is Said to be the Biggest and Grandest Development in Metro manila as of Today. whats nice about Mckinley Hill this whole 50 hectare is a Master Planned Community in which everything you may need is within your reach like Schools, Leisure Parks and Recreational, BPO Offices , Residential Tower and Even Medical Centers is just a Few stroll Away.\r\npool\r\ngas \r\nheatbasketball \r\ncourtfireplacelake \r\nviewfront \r\nyardwasher\r\ndryerbalconylaundryroof \r\ndeck', 'Rent', '', '', '', '-1-Bedroom-Flat-in-Tooting-for-Rent', '131', '', '2016-01-28 08:55:30', 31, '0000-00-00 00:00:00', 0, 1, '', '', '', '', '', '', '', '', '', 'textareaStyle', '', '', '', '', '', 0, '', '', '', 0, 2, '', '', '', '', '', '', '0000-00-00', '', '', 'Residential', '', '0000-00-00', '', '', '', '', '', ''),
(14, 'Luxury Villa In Rego Park', 'Luxury Villa In Rego Park', 1, 'Villas in Rentals 85-02 67 Ave, 11374, New York, Queens', '', 2100, 3, 2, 0, 'pcm', 0, 'Featured Rentals', 'Under offer', '', 'Just steps away from QM2 express bus to Manhattan and local buses; only minutes from the LIRR. Walking distance to the Bay Terrace Shopping Center, Baybridge Commons Shopping Center, pool clubs, movie theaters and tennis courts. 1.5 blocks away from elementary school PS 169 and Bell Academy middle school in the award-winning District 25. Dont miss this opportunity!', 'Rent', '', '', '', 'Luxury-Villa-In-Rego-Park-for-Rent', '110', '', '2016-01-20 09:29:58', 26, '0000-00-00 00:00:00', 0, 1, '', '', '', '', '', '', '', '', '', 'bulletStyle', '', '', '', '', '', 0, '', '', '', 0, 0, '', '', '', '', '', '', '0000-00-00', '', '', 'Commercial', '', '0000-00-00', '', '', '', '', '', ''),
(15, 'Gorgeous Farm in Jersey', 'Gorgeous Farm in Jersey', 1, 'Land in Sales Ferris Park, Jersey City, Greenville', '', 700, 5, 6, 0, 'pcm', 0, 'Featured Sales', '', 'This property is mostly wooded and sits high on a hilltop overlooking the Mohawk River Valley. Located right in the heart of Upstate NYs Amish farm Country.....', 'This property is mostly wooded and sits high on a hilltop overlooking the Mohawk River Valley. Located right in the heart of Upstate NYs Amish farm Country, this land is certified organic making it extremely rare! Good road frontage on a paved county road with utilities make it an amazing setting for your dream country getaway! If you like views, you must see this property!', 'Rent', '', '', '', 'Gorgeous-Farm-in-Jersey-for-Rent', '118', '', '2016-01-20 09:29:44', 26, '0000-00-00 00:00:00', 0, 1, '', '', '', '', '', '', '', '', '', 'textareaStyle', '', '', '', '', '', 0, '', '', '', 0, 0, '', '', '', '', '', '', '0000-00-00', '', '', 'Commercial', '', '0000-00-00', '', '', '', '', '', ''),
(17, 'Boutique Space Greenville', 'Boutique Space Greenville', 1, 'Retail in Rentals Bartholdi Ave, Jersey City, Greenville', 'w4er', 2200, 5, 4, 0, 'pcm', 0, 'Recently Added', 'Under offer', 'Downtown Frederick hot spot. Top location for local entertainment. All fixtures are included. Liquor license can be included. Price includes 3 leased apartments on the second floor ..', 'Downtown Frederick hot spot. Top location for local entertainment. All fixtures are included. Liquor license can be included. Price includes 3 leased apartments on the second floor income 2,200 per month.Free standing built out restaurant with separate dining/banquet room. Spacious outdoor dining deck. Large commercial kitchen fully equipped. Seating capacity over 200 with large event area with stage and movable dance floor. This opportunity is perfect for investor or owner operator. Keep existing concept or introduce your own.', 'Rent', '', '', 'wtos-images/loginlogo.png', 'Boutique-Space-Greenville-for-Rent', '141', '', '2016-01-19 12:39:32', 26, '0000-00-00 00:00:00', 0, 1, '', '', '23', '45645341', '11', '', '', '', '1111', 'textareaStyle', '555', '111525', '533', '45', '123', 1, '', 'address', '', 23, 2, '', '', '', '', '', '', '0000-00-00', 'PP17', '', 'Residential', '', '2016-01-01', 'Yes', 'Yes', '', '', '', ''),
(18, 'Park Avenue Apartment', 'Park Avenue Apartment', 1, 'Apartments in Rentals East 59th St, New York, Upper East Side', '', 500, 3, 3, 0, 'pcm', 0, 'Featured Rentals', 'Under offer', 'MA Estates are proud to present this lovely one bedroom flat located in Tooting. The flat consists of:\r\n\r\n>Open plan Kitchen\r\n\r\n>Ground floor flat\r\n\r\n>Nearest station is Tooting Railway Station\r\n\r\n>Close to local shops and amenities\r\n\r\n>Own parking space\r\n\r\n>Bills are excluded', 'MA Estates are proud to present this lovely one bedroom flat located in Tooting. The flat consists of:\r\n\r\n>Open plan Kitchen\r\n\r\n>Ground floor flat\r\n\r\n>Nearest station is Tooting Railway Station\r\n\r\n>Close to local shops and amenities\r\n\r\n>Own parking space\r\n\r\n>Bills are excluded\r\n\r\nattic\r\ngas heat\r\nocean view\r\nwine cellar\r\nbasketball court\r\ngym\r\npound\r\nfireplace\r\nlake view\r\npool\r\nback yard\r\nfront yard\r\nfenced yard\r\nsprinklers\r\nwasher and dryer\r\ndeck\r\nbalcony\r\nlaundry\r\nconcierge\r\ndoorman\r\nprivate space\r\nstorage\r\nrecreation\r\nroof deck\r\n', 'Rent', '', '', '', 'Park-Avenue-Apartment-for-Rent', '35', '', '2016-01-20 09:29:30', 26, '0000-00-00 00:00:00', 0, 1, '', '', '', '', '', '', '', '', '', 'textareaStyle', '', '', '', '', '', 0, '', 'East 59th St', '', 0, 0, '', '', '', '', '', '', '0000-00-00', '', '', 'Residential', '', '0000-00-00', '', '', '', '', '', ''),
(20, 'Office Space Central Ave', '', 1, 'Bowers Street,The Heights', '568871', 0, 0, 0, 0, 'pcm', 0, 'No', '-', '', 'Former high end beach home converted to Class  office space. 2519 sq ft complete with three and 1/2 baths. Large eat in kitchen/conference area. Many storage areas and closets. Currently used as 10 offices with large reception area. Fully wired with Cat 5 wiring to all, phone room. Exterior storage and parking spaces for 12 cars. Huge frontage on 30-A and award winning landscaping. Great opportunity to have a landmark location on Scenic 30-A with over 200', 'Rent', '', '', '', 'Office-Space-Central-Ave-for-Rent', '', '', '2016-01-28 08:58:02', 31, '0000-00-00 00:00:00', 0, 0, '', '', '', '', '', '', '', '', '', 'textareaStyle', '', '', '', '', '', 0, '', '', '', 0, 2, '', '', '', '', '', '', '0000-00-00', 'PP20', '', '', '', '0000-00-00', '', '', '', '', '', ''),
(23, 'PP 1', '', 1, '', 'CR0 5EQ', 1700, 3, 1, 0, '', 0, 'Featured Rentals', 'To Let', '', '', 'Rent', '', '', '', 'PP-1-for-Rent', '44', '', '2016-02-06 12:24:05', 31, '0000-00-00 00:00:00', 0, 1, '', '', '', '', '', '', '', '', '', '', '', '', '', '', '', 1, '34', 'Barmouth Road Shirley', '', 0, 0, '', 'House, garden,   3 Beds , 1 Bath , 1 Reception ,', 'Active', '', '09-02-2016 02:08 pm admin\nMA Estates Agent Limited\n02036327395\n\n\n06-02-2016 12:25 pm admin\n02036327395\n\n', '', '2016-02-06', 'PP23', 'London', 'Residential', '', '2016-02-06', 'No', 'Yes', '', 'No', 'Yes', ''),
(24, 'Studio flat ', '', 2, '', 'CR4 2AD', 850, 1, 1, 0, '', 0, 'No', 'Under offer', '', 'good', 'Rent', 'wtos-images/IMG-20160126-WA0006.jpg', '', '', 'Studio-flat-for-Rent-2', '1', '', '2016-02-09 01:54:18', 31, '0000-00-00 00:00:00', 0, 0, '', '', '', '', '', '', '', '', '', '', 'Bills are included except electricity', 'Big studio flat', '', '', '', 1, '51 ', 'Streatham Road', '', 0, 42, '', 'Studio Flat,   1 Beds , 1 Bath , 1 Reception ,', 'Active', '', '09-02-2016 01:55 pm admin\nIrfan 07432686718\n\n\n', '', '2016-02-09', 'PP24', 'Mitcham', 'Residential', '', '2016-02-23', 'No', 'No', '', 'No', 'Yes', 'Gas'),
(25, '2 F F F F', '', 4, '', 'SM4 6EG', 1300, 2, 1, 0, '', 0, 'No', 'Let Agreed', '', '', 'Rent', '', '', '', '2-F-F-F-F-for-Rent-2', '31', '', '2016-02-12 12:07:28', 31, '0000-00-00 00:00:00', 0, 1, 'Contract', '', '', '', '', '2017', '', '', '', '', '', '', '', '', '', 1, 'Flat 7 1A', 'Pollard Road', '', 8, 1, '', 'Flats/apartments, Contract, 2017 Years, 2 Beds , 1 Bath , 1 Reception ,', 'Active', '', '', '', '2016-02-12', 'PP25', 'Morden', 'Residential', '', '2016-02-15', 'Yes', 'Yes', '', 'No', 'Yes', 'Gas and Electric'),
(21, 'Condo In Financial District', '', 0, '88 Greenwich St ', '', 0, 0, 0, 0, 'pcm', 0, '', '', '', '', '', '', '', '', 'Condo-In-Financial-District-for-', '', '', '2016-01-20 09:29:15', 26, '0000-00-00 00:00:00', 0, 0, '', '', '', '', '', '', '', '', '', 'textareaStyle', '', '', '', '', '', 0, '', '', '', 0, 2, '', '', '', '', '', '', '0000-00-00', 'PP21', '', '', '', '0000-00-00', '', '', '', '', '', ''),
(26, '2 Bedroom First Floor Flat', '', 4, '', 'SM4 6EG', 1500, 2, 1, 0, '', 0, 'No', 'Let Agreed', '', 'MA Estates Agent Ltd proudly offered this stunning 2 bedroom flat located just 5 minutes away from Morden Station (Northern Line to Edgware via bank). Mitcham Tram stop is walking distance from the property (To West Croydon and Wimbledon). Close to local shops. Good bus links. The flat consists of:> 2 double rooms> 1 Reception Room> Newly fitted kitchen> 1 Bathroom> Available furnishedFor viewing please contact Miss Sabah on 02036327395 or Mr Malik on 07931672203 or Mr Aziz on 07411725951.', 'Rent', '', '', 'wtos-images/MA ESTATES AGENT LIMITED.png', '2-Bedroom-First-Floor-Flat-for-Rent-2', '32', '', '2016-03-01 03:32:16', 31, '0000-00-00 00:00:00', 0, 1, 'Contract', '', '', '', '', '2017', '', '', '', '', 'Beautiful 2 bedroom flat in Morden', 'Minutes away from Morden Station', 'Newly installed Kitchen ', '', '', 1, '1A ', 'Pollards Road', '', 8, 1, '', 'Upper Floor, Contract, 2017 Years, 2 Beds , 1 Bath , 1 Reception ,', 'Active', '', '', '', '2016-03-01', 'PP26', 'Morden', 'Residential', '', '2017-08-23', 'No', 'Yes', '', 'No', 'Yes', 'Gas and Electric'),
(27, '4 Bedroom house', '', 9, '', 'SW19 2EB', 0, 4, 1, 0, '', 0, 'No', 'Let Agreed', '', '', 'Rent', '', '', '', '4-Bedroom-house-for-Rent-2', '', '', '2016-03-01 03:34:27', 31, '0000-00-00 00:00:00', 0, 0, 'Contract', '', '', '', '', '2016', '', '', '', '', '', '', '', '', '', 1, '4', 'Fortescue Road', '', 4, 2, '', 'House, Single Room, Double Room, Upper Floor, garden, Residential parking, Contract, 2016 Years, 4 Beds , 1 Bath , 1 Reception ,', 'Active', '', '', '', '2016-03-01', 'PP27', 'Colliers Wood', 'Residential', '', '2016-08-14', 'No', 'Yes', '', 'Yes', 'Yes', 'Gas and Electric'),
(28, '2 Ground Floor Flat', '', 2, '', 'CR4 3SA', 0, 2, 1, 0, '', 0, 'No', 'Let Agreed', '', '', 'Rent', '', '', '', '2-Ground-Floor-Flat-for-Rent-2', '', '', '2016-03-01 03:37:09', 31, '0000-00-00 00:00:00', 0, 0, 'Contract', '', '', '', '', '2016', '', '', '', '', '', '', '', '', '', 1, '4 ', 'Heron Court Wilkins Close', '', 7, 3, '', 'Flats/apartments, Single Room, Double Room, Ground Floor, communal garden, Residential parking, Contract, 2016 Years, 2 Beds , 1 Bath , 1 Reception ,', 'Active', '', '', '', '2016-03-01', 'PP28', 'Mitcham', 'Residential', '', '2016-06-30', 'Yes', 'Yes', '', 'No', 'Yes', 'Gas and Electric'),
(29, '5 bedroom house', '', 4, '', 'SM4 6DL', 0, 5, 1, 0, '', 0, 'No', 'Let Agreed', '', '', 'Rent', '', '', '', '5-bedroom-house-for-Rent', '', '', '2016-03-01 03:40:16', 31, '0000-00-00 00:00:00', 0, 0, 'Contract', '', '', '', '', '2016', '', '', '', '', '', '', '', '', '', 1, '5 ', 'Victory Avenue', '', 3, 6, '', 'House, Single Room, Double Room, Detached, garden, Contract, 2016 Years, 5 Beds , 1 Bath , 1 Reception ,', 'Active', '', '', '', '2016-03-01', 'PP29', 'Morden', 'Residential', '', '0000-00-00', 'No', 'Yes', '', 'Yes', 'Yes', 'Gas and Electric'),
(30, '2 bedroom Ground Floor Flat', '', 3, '', 'SW17 9HY', 0, 2, 1, 0, '', 0, 'No', 'Let Agreed', '', '', 'Rent', '', '', '', '2-bedroom-Ground-Floor-Flat-for-Rent-2', '', '', '2016-03-01 03:44:52', 31, '0000-00-00 00:00:00', 0, 0, 'Contract', '', '', '', '', '2016', '', '', '', '', '', '', '', '', '', 1, '5 ', 'Finborough Road', '', 7, 7, '', 'Flats/apartments, Single Room, Double Room, Upper Floor, Contract, 2016 Years, 2 Beds , 1 Bath , 1 Reception ,', 'Active', '', '', '', '2016-03-01', 'PP30', 'Tooting', 'Residential', '', '2016-08-10', 'Yes', 'Yes', '', 'No', 'Yes', 'Gas and Electric'),
(31, '1 bedroom Ground Floor Flat', '', 9, '', 'SW18 4QN', 0, 1, 1, 0, '', 0, 'No', 'Let Agreed', '', '', 'Rent', '', '', '', '1-bedroom-Ground-Floor-Flat-for-Rent-2', '', '', '2016-03-01 04:14:42', 31, '0000-00-00 00:00:00', 0, 0, 'Contract', '', '', '', '', '2016', '', '', '', '', '', '', '', '', '', 1, '5', 'Duntshill Road', '', 7, 8, '', 'Flats/apartments, Single Room, Double Room, Ground Floor, garden, Contract, 2016 Years, 1 Beds , 1 Bath , 1 Reception ,', 'Active', '', '', '', '2016-03-01', 'PP31', 'Earlsfield', 'Residential', '', '2018-09-24', 'Yes', 'Yes', '', 'No', 'Yes', 'Gas and Electric'),
(32, '2 bedroom 2 Floor Flat', '', 8, '', 'SE27 6NS', 0, 2, 1, 0, '', 0, 'No', 'Let Agreed', '', '', 'Rent', '', '', '', '2-bedroom-2-Floor-Flat-for-Rent-2', '', '', '2016-03-01 04:20:26', 31, '0000-00-00 00:00:00', 0, 0, 'Contract', '', '', '', '', '2016', '', '', '', '', '', '', '', '', '', 1, '6 ', 'High Street', '', 8, 9, '', 'Flats/apartments, Single Room, Double Room, Upper Floor, Contract, 2016 Years, 2 Beds , 1 Bath , 1 Reception ,', 'Active', '', '', '', '2016-03-01', 'PP32', 'West Norwwod', 'Residential', '', '2016-07-21', 'Yes', 'Yes', '', 'No', 'Yes', 'Gas and Electric'),
(33, '4 Bedroom house', '', 3, '', 'SW17 9HZ', 0, 4, 1, 0, '', 0, 'No', 'Let Agreed', '', '', 'Rent', '', '', '', '4-Bedroom-house-for-Rent', '', '', '2016-03-01 04:31:20', 31, '0000-00-00 00:00:00', 0, 0, 'Contract', '', '', '', '', '2016', '', '', '', '', '', '', '', '', '', 1, '7', 'Shrewton Road', '', 4, 10, '', 'House, Single Room, Double Room, Contract, 2016 Years, 4 Beds , 1 Bath , 1 Reception ,', 'Active', '', '', '', '2016-03-01', 'PP33', 'Mitcham', 'Residential', '', '2016-08-24', 'Yes', 'Yes', '', 'Yes', 'Yes', 'Gas and Electric'),
(34, '3 Bedroom house', '', 2, '', 'CR4 3RB', 0, 3, 1, 0, '', 0, 'No', 'Let Agreed', '', '', 'Rent', '', '', '', '3-Bedroom-house-for-Rent', '29', '', '2016-03-02 03:10:38', 31, '0000-00-00 00:00:00', 0, 1, 'Contract', '', '', '', '', '2018', '', '', '', '', '', '', '', '', '', 1, '7', 'lulworth Crescent ', '', 4, 11, '', 'House, Single Room, Double Room, Ground Floor, garden, Contract, 2018 Years, 3 Beds , 1 Bath , 1 Reception ,', 'Active', '', '', '', '2016-03-02', 'PP34', 'Mitcham ', 'Residential', '', '2018-08-24', 'No', 'Yes', '', 'No', 'Yes', 'Gas and Electric'),
(35, '2 bedroom Ground Floor Flat', '', 9, '', 'SW19 2DG', 0, 2, 1, 0, '', 0, 'No', 'Let Agreed', '', '', 'Rent', '', '', '', '2-bedroom-Ground-Floor-Flat-for-Rent', '', '', '2016-03-02 03:17:59', 31, '0000-00-00 00:00:00', 0, 0, 'Contract', '', '', '', '', '2016', '', '', '', '', '', '', '', '', '', 1, '14', 'Boyd Road ', '', 7, 12, '', 'Flats/apartments, Single Room, Double Room, Ground Floor, Upper Floor, garden, Contract, 2016 Years, 2 Beds , 1 Bath , 1 Reception ,', 'Active', '', '', '', '2016-03-02', 'PP35', 'Colliers Wood', 'Residential', '', '2016-10-30', 'Yes', 'Yes', '', 'No', 'Yes', 'Gas and Electric'),
(36, '4 bedroom house', '', 2, '', 'CR4 3LQ', 0, 4, 1, 0, '', 0, 'No', 'Let Agreed', '', '', 'Rent', '', '', '', '4-bedroom-house-for-Rent-3', '', '', '2016-03-02 03:19:52', 31, '0000-00-00 00:00:00', 0, 0, 'Contract', '', '', '', '', '2016', '', '', '', '', '', '', '', '', '', 1, '16', 'Tudor Place', '', 4, 13, '', 'House, Single Room, Double Room, Ground Floor, Upper Floor, garden, Contract, 2016 Years, 4 Beds , 1 Bath , 1 Reception ,', 'Active', '', '', '', '2016-03-02', 'PP36', 'Mitcham', 'Residential', '', '2016-09-28', 'No', 'Yes', '', 'Yes', 'Yes', 'Gas and Electric'),
(37, '3 bedroom 3 Floor Flat', '', 8, '', 'SE25 6SD', 0, 3, 1, 0, '', 0, 'No', 'Let Agreed', '', '', 'Rent', '', '', '', '3-bedroom-3-Floor-Flat-for-Rent-2', '', '', '2016-03-02 04:03:20', 31, '0000-00-00 00:00:00', 0, 0, 'Contract', '', '', '', '', '2017', '', '', '', '', '', '', '', '', '', 1, '17 ', 'Pierrpoint 19 Ross Rd', '', 8, 14, '', 'Flats/apartments, Single Room, Double Room, Upper Floor, Residential parking, Contract, 2017 Years, 3 Beds , 1 Bath , 1 Reception ,', 'Active', '', '', '', '2016-03-02', 'PP37', 'South Norwood', 'Residential', '', '2017-03-14', 'No', 'Yes', '', 'No', 'Yes', 'Gas and Electric'),
(38, '3 Bedroom 3 Floor Flat', '', 3, '', 'SW17 0UE', 0, 3, 1, 0, '', 0, 'No', 'Let Agreed', '', '', 'Rent', '', '', '', '3-Bedroom-3-Floor-Flat-for-Rent', '', '', '2016-03-02 05:07:09', 31, '0000-00-00 00:00:00', 0, 0, 'Contract', '', '', '', '', '2016', '', '', '', '', '', '', '', '', '', 1, '19', 'Newbridge Court Hazelhurst Rd', '', 8, 15, '', 'Flats/apartments, Single Room, Double Room, Upper Floor, communal garden, Contract, 2016 Years, 3 Beds , 1 Bath , 1 Reception ,', 'Active', '', '', '', '2016-03-02', 'PP38', 'Tooting', 'Residential', '', '2016-09-14', 'No', 'Yes', '', 'Yes', 'Yes', 'Gas and Electric'),
(39, '2 bedroom Ground Floor Flat', '', 3, '', 'SW17 0QQ', 0, 2, 1, 0, '', 0, 'No', 'Let Agreed', '', '', 'Rent', '', '', '', '2-bedroom-Ground-Floor-Flat-for-Rent-4', '', '', '2016-03-02 05:10:42', 31, '0000-00-00 00:00:00', 0, 0, 'Contract', '', '', '', '', '2016', '', '', '', '', '', '', '', '', '', 1, '21', 'Gilbey Road', '', 8, 16, '', 'House, Flats/apartments, Single Room, Double Room, Ground Floor, garden, Contract, 2016 Years, 2 Beds , 1 Bath , 1 Reception ,', 'Active', '', '', '', '2016-03-02', 'PP39', 'Tooting', 'Residential', '', '2016-07-29', 'Yes', 'Yes', '', 'No', 'Yes', 'Gas and Electric'),
(40, '6 Bedroom House', '', 2, '', 'CR4 2HA', 0, 5, 1, 0, '', 0, 'No', 'Managed', '', '', 'Rent', '', '', '', '6-Bedroom-House-for-Rent-2', '', '', '2016-03-09 01:52:12', 31, '0000-00-00 00:00:00', 0, 0, 'Contract', '', '', '', '', '2018', '', '', '', '', '', '', '', '', '', 1, '22 ', 'Graham Road', '', 4, 17, '', 'House, Ground Floor, garden, Residential parking, Contract, 2018 Years, 5 Beds , 1 Bath , 1 Reception ,', 'Active', '', '', '', '2016-03-09', 'PP40', 'Mitcham', 'Residential', '', '2018-07-13', 'No', 'Yes', '', 'Yes', 'Yes', 'Gas and Electric'),
(41, '3 bedroom House', '', 4, '', 'SW19 2NZ', 0, 3, 1, 0, '', 0, 'No', 'Managed', '', '', 'Rent', '', '', '', '3-bedroom-House-for-Rent-3', '', '', '2016-03-09 03:50:48', 31, '0000-00-00 00:00:00', 0, 0, 'Contract', '', '', '', '', '2018', '', '', '', '', '', '', '', '', '', 1, '27', 'Christchurch Close', '', 4, 18, '', 'House, Single Room, Double Room, Ground Floor, garden, Contract, 2018 Years, 3 Beds , 1 Bath , 1 Reception ,', 'Active', '', '', '', '2016-03-09', 'PP41', 'Morden', 'Residential', '', '2018-02-05', 'No', 'Yes', '', 'Yes', 'Yes', 'Gas and Electric'),
(42, '2 bedroom Ground Floor Flat', '', 2, '', 'CR4 2HB', 0, 2, 1, 0, '', 0, 'No', 'Let Agreed', '', '', 'Rent', '', '', '', '2-bedroom-Ground-Floor-Flat-for-Rent-5', '', '', '2016-03-09 03:58:35', 31, '0000-00-00 00:00:00', 0, 0, 'Contract', '', '', '', '', '2016', '', '', '', '', '', '', '', '', '', 1, '30', 'Graham Road', '', 7, 19, '', 'Flats/apartments, Ground Floor, garden, Contract, 2016 Years, 2 Beds , 1 Bath , 1 Reception ,', 'Active', '', '', '', '2016-03-09', 'PP42', 'Mitcham ', 'Residential', '', '2016-10-23', 'No', 'Yes', '', 'No', 'Yes', 'Gas and Electric'),
(43, '2 bedroom 1st Floor Flat', '', 2, '', 'CR4 3HB', 0, 2, 1, 0, '', 0, 'No', 'Let Agreed', '', '', 'Rent', '', '', '', '2-bedroom-1st-Floor-Flat-for-Rent', '', '', '2016-03-09 04:03:02', 31, '0000-00-00 00:00:00', 0, 0, 'Contract', '', '', '', '', '2016', '', '', '', '', '', '', '', '', '', 1, '30', 'Graham Road ', '', 8, 20, '', 'Flats/apartments, Single Room, Double Room, Upper Floor, Residential parking, Contract, 2016 Years, 2 Beds , 1 Bath , 1 Reception ,', 'Active', '', '', '', '2016-03-09', 'PP43', 'Mitcham', 'Residential', '', '2016-10-04', 'No', 'Yes', '', 'No', 'Yes', 'Gas and Electric'),
(44, '1 Bedroom First Floor Flat', '', 3, '', 'SW17 9HP', 0, 1, 1, 0, '', 0, 'No', 'Let Agreed', '', '', 'Rent', '', '', '', '1-Bedroom-First-Floor-Flat-for-Rent-2', '', '', '2016-03-09 04:20:31', 31, '0000-00-00 00:00:00', 0, 0, 'Contract', '', '', '', '', '2018', '', '', '', '', '', '', '', '', '', 1, '43 ', 'London Road', '', 0, 21, '', 'Flats/apartments, Double Room, Upper Floor, Residential parking, Contract, 2018 Years, 1 Beds , 1 Bath , 1 Reception ,', 'Active', '', '', '', '2016-03-09', 'PP44', 'Tooting', 'Residential', '', '2018-11-24', 'Yes', 'Yes', '', 'No', 'Yes', 'Gas and Electric'),
(45, 'Studio 2 Floor Floor Flat', '', 3, '', 'SW17 7SD', 0, 1, 1, 0, '', 0, 'No', 'Let Agreed', '', '', 'Rent', '', '', '', 'Studio-2-Floor-Floor-Flat-for-Rent', '', '', '2016-03-09 04:23:23', 31, '0000-00-00 00:00:00', 0, 0, 'Contract', '', '', '', '', '2016', '', '', '', '', '', '', '', '', '', 1, '63A ', 'Trinity Road', '', 9, 22, '', 'Studio Flat, Upper Floor, Contract, 2016 Years, 1 Beds , 1 Bath , 1 Reception ,', 'Active', '', '', '', '2016-03-09', 'PP45', 'Tooting Bec', 'Residential', '', '2016-09-08', 'No', 'Yes', '', 'No', 'Yes', 'Gas and Electric'),
(46, '2 bedroom Ground Floor Flat', '', 3, '', 'SW17 0QH', 0, 2, 1, 0, '', 0, 'No', 'Let Agreed', '', '', 'Rent', '', '', '', '2-bedroom-Ground-Floor-Flat-for-Rent-6', '', '', '2016-03-09 04:28:11', 31, '0000-00-00 00:00:00', 0, 0, 'Contract', '', '', '', '', '2016', '', '', '', '', '', '', '', '', '', 1, '69 ', 'Gilbey Road', '', 7, 24, '', 'Flats/apartments, Single Room, Double Room, Ground Floor, garden, Contract, 2016 Years, 2 Beds , 1 Bath , 1 Reception ,', 'Active', '', '', '', '2016-03-09', 'PP46', 'Tooting', 'Residential', '', '2016-06-30', 'Yes', 'Yes', '', 'No', 'Yes', 'Gas and Electric'),
(47, '3  bedroom First Floor Flat', '', 3, '', 'SW17 0QH', 0, 3, 1, 0, '', 0, 'No', 'Let Agreed', '', '', 'Rent', '', '', '', '3-bedroom-First-Floor-Flat-for-Rent', '', '', '2016-03-09 04:30:03', 31, '0000-00-00 00:00:00', 0, 0, 'Contract', '', '', '', '', '2016', '', '', '', '', '', '', '', '', '', 1, '69 ', 'Gilbey Road ', '', 8, 23, '', 'Flats/apartments, Single Room, Double Room, Upper Floor, Contract, 2016 Years, 3 Beds , 1 Bath , 1 Reception ,', 'Active', '', '', '', '2016-03-09', 'PP47', 'Tooting', 'Residential', '', '2016-07-14', 'Yes', 'Yes', '', 'No', 'Yes', 'Gas and Electric'),
(48, '3 bedroom First Floor Flat', '', 11, '', 'SW19 6HE', 0, 3, 1, 0, '', 0, 'No', 'Let Agreed', '', '', 'Rent', '', '', '', '3-bedroom-First-Floor-Flat-for-Rent-3', '', '', '2016-03-09 04:32:33', 31, '0000-00-00 00:00:00', 0, 0, 'Contract', '', '', '', '', '2016', '', '', '', '', '', '', '', '', '', 1, '80', 'Glen Albyn ', '', 8, 25, '', 'Flats/apartments, Single Room, Double Room, Upper Floor, Residential parking, Contract, 2016 Years, 3 Beds , 1 Bath , 1 Reception ,', 'Active', '', '', '', '2016-03-09', 'PP48', 'Southfields', 'Residential', '', '2016-08-12', 'Yes', 'Yes', '', 'No', 'Yes', 'Gas and Electric'),
(49, '1 bedroom First Floor Flat', '', 9, '', 'SW19 2BY', 0, 1, 1, 0, '', 0, 'No', 'Let Agreed', '', '', 'Rent', '', '', '', '1-bedroom-First-Floor-Flat-for-Rent-3', '', '', '2016-03-09 04:50:46', 31, '0000-00-00 00:00:00', 0, 0, 'Contract', '', '', '', '', '2016', '', '', '', '', '', '', '', '', '', 1, '84A', 'High Street', '', 8, 27, '', 'Flats/apartments, Double Room, Upper Floor, Contract, 2016 Years, 1 Beds , 1 Bath , 1 Reception ,', 'Active', '', '', '', '2016-03-09', 'PP49', 'Colliers Wood', 'Residential', '', '2016-08-03', 'Yes', 'Yes', '', 'No', 'Yes', 'Gas and Electric'),
(50, '4 Bedroom house', '', 2, '', 'CR4 1XP', 0, 4, 1, 0, '', 0, 'No', 'Let Agreed', '', '', 'Rent', '', '', '', '4-Bedroom-house-for-Rent-4', '', '', '2016-03-09 04:52:50', 31, '0000-00-00 00:00:00', 0, 0, 'Contract', '', '', '', '', '2018', '', '', '', '', '', '', '', '', '', 1, '85', 'Kent Close', '', 4, 28, '', 'House, Single Room, Double Room, Ground Floor, garden, Contract, 2018 Years, 4 Beds , 1 Bath , 1 Reception ,', 'Active', '', '', '', '2016-03-09', 'PP50', 'Mitcham', 'Residential', '', '2018-11-14', 'No', 'Yes', '', 'Yes', 'Yes', 'Gas and Electric'),
(51, '2 Bedroom First Floor Flat', '', 9, '', 'SW19 2BT', 0, 1, 1, 0, '', 0, 'No', 'Let Agreed', '', '', 'Rent', '', '', '', '2-Bedroom-First-Floor-Flat-for-Rent-3', '', '', '2016-03-09 05:05:49', 31, '0000-00-00 00:00:00', 0, 0, 'Contract', '', '', '', '', '2016', '', '', '', '', '', '', '', '', '', 1, '88B', 'High Street ', '', 8, 29, '', 'Flats/apartments, Single Room, Double Room, Upper Floor, Contract, 2016 Years, 1 Beds , 1 Bath , 1 Reception ,', 'Active', '', '', '', '2016-03-09', 'PP51', 'Colliers Wood', 'Residential', '', '2016-08-03', 'Yes', 'Yes', '', 'No', 'Yes', 'Gas and Electric'),
(52, '1 Bedroom First Floor Flat', '', 5, '', 'SW16 6SJ', 0, 1, 1, 0, '', 0, 'No', 'Let Agreed', '', '', 'Rent', '', '', '', '1-Bedroom-First-Floor-Flat-for-Rent-4', '', '', '2016-03-09 05:09:28', 31, '0000-00-00 00:00:00', 0, 0, 'Contract', '', '', '', '', '2017', '', '', '', '', '', '', '', '', '', 1, 'Flat 6 113 ', 'Moyser Road', '', 8, 31, '', 'Flats/apartments, Double Room, Upper Floor, Contract, 2017 Years, 1 Beds , 1 Bath , 1 Reception ,', 'Active', '', '', '', '2016-03-09', 'PP52', 'Streatham', 'Residential', '', '2017-01-31', 'Yes', 'Yes', '', 'No', 'Yes', 'Gas and Electric'),
(53, '1 Bedroom 3rd Floor Flat', '', 12, '', 'SW18 4JB', 0, 1, 1, 0, '', 0, 'No', 'Let Agreed', '', '', 'Rent', '', '', '', '1-Bedroom-3rd-Floor-Flat-for-Rent', '', '', '2016-03-09 06:06:58', 31, '0000-00-00 00:00:00', 0, 0, 'Contract', '', '', '', '', '2016', '', '', '', '', '', '', '', '', '', 1, '139', 'Wandsworth High Street', '', 8, 30, '', 'Flats/apartments, Single Room, Double Room, Upper Floor, Contract, 2016 Years, 1 Beds , 1 Bath , 1 Reception ,', 'Active', '', '', '', '2016-03-09', 'PP53', 'Wansdworth', 'Residential', '', '2016-05-11', 'No', 'Yes', '', 'No', 'Yes', 'Gas and Electric'),
(54, '4 Bedroom House', '', 13, '', 'SW16 4BB', 100000, 4, 1, 0, '', 0, 'No', 'Let Agreed', '', '', 'Rent', '', '', '', '4-Bedroom-House-for-Rent-5', '', '', '2016-03-09 06:09:06', 31, '0000-00-00 00:00:00', 0, 0, 'Contract', '', '', '', '', '2017', '', '', '', '', '', '', '', '', '', 1, '167', 'Northborough Road', '', 3, 32, '', 'House, Single Room, Double Room, Ground Floor, garden, Residential parking, Contract, 2017 Years, 4 Beds , 1 Bath , 1 Reception ,', 'Active', '', '', '', '2016-03-09', 'PP54', 'Norbury', 'Residential', '', '2017-01-24', 'Yes', 'Yes', '', 'No', 'Yes', 'Gas and Electric'),
(55, '3 Bedroom House', '', 4, '', 'SM4 4EQ', 0, 3, 1, 0, '', 0, 'No', 'Let Agreed', '', '', 'Rent', '', '', '', '3-Bedroom-House-for-Rent-4', '', '', '2016-03-09 06:11:04', 31, '0000-00-00 00:00:00', 0, 0, 'Contract', '', '', '', '', '2017', '', '', '', '', '', '', '', '', '', 1, '171', 'Monkleigh Road', '', 4, 33, '', 'House, Single Room, Double Room, Ground Floor, garden, Residential parking, Contract, 2017 Years, 3 Beds , 1 Bath , 1 Reception ,', 'Active', '', '', '', '2016-03-09', 'PP55', 'Morden', 'Residential', '', '2017-02-02', 'No', 'Yes', '', 'No', 'Yes', 'Gas and Electric'),
(56, '2 Bedroom First Floor Flat', '', 2, '', 'CR4 2AJ', 0, 2, 1, 0, '', 0, 'No', 'Let Agreed', '', '', 'Rent', '', '', '', '2-Bedroom-First-Floor-Flat-for-Rent', '', '', '2016-03-09 06:15:17', 31, '0000-00-00 00:00:00', 0, 0, 'Contract', '', '', '', '', '2016', '', '', '', '', '', '', '', '', '', 1, '195A', 'Streatham Road', '', 8, 34, '', 'Flats/apartments, Single Room, Double Room, Upper Floor, Contract, 2016 Years, 2 Beds , 1 Bath , 1 Reception ,', 'Active', '', '', '', '2016-03-09', 'PP56', 'Mitcham', 'Residential', '', '2016-09-30', 'Yes', 'Yes', '', 'Yes', 'Yes', 'Gas and Electric'),
(57, '3 Bedroom 3rd Floor Flat', '', 11, '', 'SW19 6RS', 0, 3, 1, 0, '', 0, 'No', 'Let Agreed', '', '', 'Rent', '', '', '', '3-Bedroom-3rd-Floor-Flat-for-Rent-2', '', '', '2016-03-09 06:19:17', 31, '0000-00-00 00:00:00', 0, 0, 'Contract', '', '', '', '', '2016', '', '', '', '', '', '', '', '', '', 1, '200', 'Castlecombe Drive', '', 8, 35, '', 'Flats/apartments, Single Room, Double Room, Upper Floor, communal garden, Contract, 2016 Years, 3 Beds , 1 Bath , 1 Reception ,', 'Active', '', '', '', '2016-03-09', 'PP57', 'Southfields', 'Residential', '', '2016-10-14', 'Yes', 'Yes', '', 'No', 'Yes', 'Gas and Electric'),
(58, '2 Bedroom 3rd Floor Flat', '', 14, '', 'KT3 6JF', 0, 3, 1, 0, '', 0, 'No', 'Let Agreed', '', '', 'Rent', '', '', '', '2-Bedroom-3rd-Floor-Flat-for-Rent', '', '', '2016-03-09 06:26:31', 31, '0000-00-00 00:00:00', 0, 0, 'Contract', '', '', '', '', '2016', '', '', '', '', '', '', '', '', '', 1, '359 ', 'West Barnes Lane', '', 8, 36, '', 'Flats/apartments, Single Room, Double Room, Upper Floor, Contract, 2016 Years, 3 Beds , 1 Bath , 1 Reception ,', 'Active', '', '', '', '2016-03-09', 'PP58', 'New Malden', 'Residential', '', '2016-11-16', 'No', 'Yes', '', 'No', 'Yes', 'Gas and Electric'),
(59, '7 Bedroom 3rd Floor Flat', '', 10, '', 'SW19 8EE', 0, 6, 1, 0, '', 0, 'No', 'Let Agreed', '', '', 'Rent', '', '', '', '7-Bedroom-3rd-Floor-Flat-for-Rent', '', '', '2016-03-09 06:28:51', 31, '0000-00-00 00:00:00', 0, 0, 'Contract', '', '', '', '', '2016', '', '', '', '', '', '', '', '', '', 1, '393 ', 'Durnsford Road', '', 8, 37, '', 'Flats/apartments, Single Room, Double Room, Upper Floor, Contract, 2016 Years, 6 Beds , 1 Bath , 1 Reception ,', 'Active', '', '', '', '2016-03-09', 'PP59', 'Wimbledon Park', 'Residential', '', '2016-04-24', 'No', 'Yes', '', 'Yes', 'Yes', 'Gas and Electric'),
(60, '2 Bedroom First Floor Flat', '', 4, '', 'SM4 4RZ', 900, 2, 1, 0, '', 0, 'No', 'Let Agreed', '', '', 'Rent', '', '', '', '2-Bedroom-First-Floor-Flat-for-Rent-4', '', '', '2016-03-09 06:32:25', 31, '0000-00-00 00:00:00', 0, 0, 'Contract', '', '', '', '', '2016', '', '', '', '', '', '', '', '', '', 1, '429A ', 'Lynmouth Avenue', '', 8, 38, '', 'Flats/apartments, Single Room, Double Room, Upper Floor, Contract, 2016 Years, 2 Beds , 1 Bath , 1 Reception ,', 'Active', '', '', '', '2016-03-09', 'PP60', 'Morden', 'Residential', '', '2016-09-09', 'No', 'Yes', '', 'No', 'Yes', 'Gas and Electric'),
(61, '5 Bedroom House', '', 3, '', 'SW17 0NN', 2200, 5, 1, 0, '', 0, 'No', 'Let Agreed', '', '', 'Rent', '', '', '', '5-Bedroom-House-for-Rent-3', '', '', '2016-03-09 06:34:26', 31, '0000-00-00 00:00:00', 0, 0, 'Contract', '', '', '', '', '2016', '', '', '', '', '', '', '', '', '', 1, '716', 'Garratt Lane', '', 4, 39, '', 'House, Single Room, Double Room, Ground Floor, garden, Contract, 2016 Years, 5 Beds , 1 Bath , 1 Reception ,', 'Active', '', '', '', '2016-03-09', 'PP61', 'Tooting', 'Residential', '', '2016-03-21', 'No', 'Yes', '', '', 'Yes', 'Gas and Electric'),
(62, '2 bedroom flat ', '', 12, '', 'SW18 3SA', 1700, 2, 1, 0, '', 0, 'No', 'Let Agreed', '', 'Lovely 2 bedroom flat located in the centre of wandsworth. The flat is on the 10th floor with 2 lifts facilities. Nice and quiet area to live in. There''s a 2 double rooms with a large open plan kitchen area. The monthly rental fees is 1700.00. Bills such as gs, electric, water and others are not included in the rental fees. Amazing views on the 10th floor.  ', 'Rent', '', '', '', '2-bedroom-flat-for-Rent', '23', '', '2016-05-04 11:17:42', 31, '0000-00-00 00:00:00', 0, 1, 'Contract', '', '', '', '', '2017', '', '', '', '', 'Beautiful 2 bedroom flat', 'On the 10th Floor', 'Communal Garden', '', '', 1, '40', ' Woodhall House', '', 8, 85, '', 'Flats/apartments, communal garden, town/city, lift, Contract, 2017 Years, 2 Beds , 1 Bath , 1 Reception ,', 'Active', '', '', '', '2016-05-04', 'PP62', 'Wandsworth', 'Residential', '', '2016-05-02', 'Yes', 'Yes', '', 'No', 'Yes', 'Gas and Electric'),
(63, '1/2 F F F', '', 3, '', 'SW17 9HP', 2300, 1, 1, 0, '', 0, 'No', 'Let Agreed', '', '', 'Rent', '', '', '', '1/2-F-F-F-for-Rent', '', '', '2016-05-04 11:48:29', 31, '0000-00-00 00:00:00', 0, 0, 'Freehold', '', '', '', '', '2017', '', '', '', '', '', '', '', '', '', 1, '34', 'London Road', '', 8, 86, '', 'Flats/apartments, Studio Flat, Upper Floor, Freehold, 2017 Years, 1 Beds , 1 Bath , 1 Reception ,', 'Active', '', '', '', '2016-05-04', 'PP63', 'Tooting', 'Residential', '', '2016-04-16', 'No', 'Yes', '', 'Yes', 'Yes', 'Gas and Electric'),
(64, '3 Bedroom house', '', 15, '', 'KT4 8XP', 1600, 3, 2, 0, '', 0, 'No', 'Let Agreed', '', '', 'Rent', '', '', '', '3-Bedroom-house-for-Rent-2', '', '', '2016-05-18 12:32:31', 31, '0000-00-00 00:00:00', 0, 0, 'Contract', '', '', '', '', '2016', '', '', '', '', '', '', '', '', '', 1, '21', 'Bridgewood Road', '', 3, 89, '', 'House, Semi-detached, garden, Garage, Contract, 2016 Years, 3 Beds , 2 Bath , 1 Reception ,', 'Active', '', '', '', '2016-05-18', 'PP64', 'Worcester Park', 'Residential', '', '2016-05-15', 'Yes', 'Yes', '', '', 'Yes', 'Gas and Electric'),
(65, '2 bedroom flat', '', 2, '', 'CR4 3JY', 1200, 2, 1, 0, '', 0, 'No', 'Let Agreed', '', '', 'Rent', '', '', '', '2-bedroom-flat-for-Rent-2', '', '', '2016-05-18 12:36:03', 31, '0000-00-00 00:00:00', 0, 0, 'Contract', '', '', '', '', '2016', '', '', '', '', '', '', '', '', '', 1, '6', 'Turner Avenue', '', 7, 0, '', 'Flats/apartments, Ground Floor, garden, Contract, 2016 Years, 2 Beds , 1 Bath , 1 Reception ,', 'Active', '', '', '', '2016-05-18', 'PP65', 'Mitcham', 'Residential', '', '2016-03-03', 'Yes', 'Yes', '', 'No', 'Yes', 'Gas and Electric'),
(66, '2 bedroom house ', '', 3, '', 'SW17 8TR', 1400, 1, 1, 0, '', 0, 'No', '', '', '', 'Rent', '', '', '', '2-bedroom-house-for-Rent', '', '', '2016-05-18 04:50:11', 31, '0000-00-00 00:00:00', 0, 0, 'Contract', '', '', '', '', '2016', '', '', '', '', '', '', '', '', '', 1, '83 ', 'Eswyn Road', '', 4, 26, '', 'House, Ground Floor, garden, Contract, 2016 Years, 1 Beds , 1 Bath , 1 Reception ,', 'Active', '', '', '', '2016-05-18', 'PP66', 'Tooting', 'Residential', '', '2015-07-15', 'Yes', 'Yes', '', 'No', 'Yes', 'Gas and Electric'),
(67, '2 bedroom Flat', '', 2, '', 'CR43JY', 1200, 2, 1, 0, '', 0, 'No', 'Let ', '', '', 'Rent', '', '', '', '2-bedroom-Flat-for-Rent-3', '', '', '2016-05-24 02:03:21', 31, '0000-00-00 00:00:00', 0, 0, 'Contract', '', '', '', '', '2016', '', '', '', '', '', '', '', '', '', 1, '6', 'Turner Avenue', '', 7, 95, '', 'Maisonette, Ground Floor, garden, Contract, 2016 Years, 2 Beds , 1 Bath , 1 Reception ,', 'Active', '', '', '', '2016-05-24', 'PP67', 'Mitcham', 'Residential', '', '2016-03-15', 'Yes', 'Yes', '', 'No', 'Yes', 'Gas and Electric'),
(68, 'Studio Flat', '', 10, '', 'SW19', 1050, 1, 1, 0, '', 0, 'No', 'To Let', '', 'MA Estates Agent Limited are proud to offer this stunning double size studio flat to the market. The rent is 1050.00 per calendar month including all bills except council tax. South Wimbledon Station (Northern Line) is just minute away from the property. Close to local shops and amenities. Bus available 24/7. Bus towards Clapham Park, Kingston, Tooting Broadway Station etc. Looking for a professional couple. ', 'Rent', '', '', 'wtos-images/MA ESTATES AGENT LIMITED.png', 'Studio-Flat-for-Rent', '15', '', '2016-05-28 10:26:25', 31, '0000-00-00 00:00:00', 0, 1, 'Contract', '', '', '', '', '', '', '', '', '', 'Beautifully Built studio flat', 'Located in South Wimbledon', 'Rent is 1050.00 PCM', 'Bills are included', '', 1, 'South Wimbledon', '', '', 9, 0, '', 'Studio Flat, Upper Floor, town/city, Contract,  1 Beds , 1 Bath , 1 Reception ,', 'Active', '', '', '', '2016-05-28', 'PP68', 'London', 'Residential', '', '2016-05-28', 'No', 'Yes', '', 'No', 'No', 'Gas and Electric'),
(69, 'Studio flat', '', 10, '', 'SW19 1JG', 1000, 1, 1, 0, '', 0, 'No', 'To Let', '', 'MA Estates Agent Limited are proud to offer this lovely double size studio flat in South Wimbledon. The rent is 1000.00 per calendar month including all bills. Close to South Wimbledon Station. ( Northern Line). Shops and local amenities are minutes away from the premises. Suitable for a professional couple. >NO DSS>NO PETSAdmin fees will apply.For viewing please contact Miss Sabah in 07401477104 or Mr Malik on 07931672203 or Mr Aziz on 07411725951 or Office team on 02036327395.', 'Rent', '', '', '', 'Studio-flat-for-Rent-3', '11', '', '2016-06-07 05:35:39', 31, '0000-00-00 00:00:00', 0, 1, 'Contract', '', '', '', '', '', '', '', '', '', 'Stunning double size studio flat', 'Located in South Wimbledon', 'Close to the underground', 'Available for couple', 'Separate Entrance', 1, '', 'Hamilton Road', '', 9, 0, '', 'Studio Flat, Contract,  1 Beds , 1 Bath , 1 Reception ,', 'Active', '', '', '', '2016-06-07', 'PP69', 'South Wimbledon', 'Residential', '', '2016-06-18', 'No', 'Yes', '', 'No', 'Yes', 'Gas and Electric');

-- --------------------------------------------------------

--
-- Table structure for table `propertyimage`
--

CREATE TABLE IF NOT EXISTS `propertyimage` (
  `propertyImageId` int(11) NOT NULL AUTO_INCREMENT,
  `propertyId` int(10) NOT NULL,
  `title` varchar(200) COLLATE utf8_unicode_ci NOT NULL,
  `image` varchar(255) COLLATE utf8_unicode_ci NOT NULL,
  `type` varchar(20) COLLATE utf8_unicode_ci NOT NULL,
  `addedDate` datetime NOT NULL,
  `addedBy` int(10) NOT NULL,
  `modifyDate` datetime NOT NULL,
  `modifyBy` int(10) NOT NULL,
  `active` tinyint(2) NOT NULL,
  `priority` int(5) NOT NULL DEFAULT '1',
  `printOrder` int(10) NOT NULL DEFAULT '1',
  PRIMARY KEY (`propertyImageId`)
) ENGINE=MyISAM  DEFAULT CHARSET=utf8 COLLATE=utf8_unicode_ci AUTO_INCREMENT=86 ;

--
-- Dumping data for table `propertyimage`
--

INSERT INTO `propertyimage` (`propertyImageId`, `propertyId`, `title`, `image`, `type`, `addedDate`, `addedBy`, `modifyDate`, `modifyBy`, `active`, `priority`, `printOrder`) VALUES
(1, 1, 'bedroom', 'wtos-images/imageThumb.jpg', '', '2015-10-12 11:31:42', 26, '0000-00-00 00:00:00', 0, 1, 1, 1),
(3, 2, '', 'wtos-images/beutiful-two-bed-apartment-to-let-in-kenley2-.jpg', '', '2015-10-20 09:10:19', 26, '0000-00-00 00:00:00', 0, 1, 5, 1),
(4, 2, '', 'wtos-images/beutiful-two-bed-apartment-to-let-in-kenley-.jpg', '', '2015-10-20 09:10:10', 26, '0000-00-00 00:00:00', 0, 1, 4, 1),
(6, 2, '', 'wtos-images/north-main-home-for-sale3.jpg', '', '2015-10-20 09:08:51', 26, '0000-00-00 00:00:00', 0, 1, 1, 1),
(7, 3, '', 'wtos-images/stunning-three-bed-flat-available-to-let-in-tooting.jpg', '', '2015-10-20 09:02:22', 26, '0000-00-00 00:00:00', 0, 1, 1, 1),
(8, 4, '', 'wtos-images/brand-new-studio-flat-to-let-purley.jpg', '', '2015-10-20 09:03:35', 26, '0000-00-00 00:00:00', 0, 1, 1, 1),
(9, 5, '', 'wtos-images/demo-property-1.jpg', '', '2015-10-20 09:04:37', 26, '0000-00-00 00:00:00', 0, 1, 1, 1),
(10, 6, '', 'wtos-images/project_small_pic6.jpg', '', '2015-12-01 01:39:44', 26, '0000-00-00 00:00:00', 0, 1, 1, 1),
(11, 7, '', 'wtos-images/north-main-home-for-sale4.jpg', '', '2015-10-20 09:07:08', 26, '0000-00-00 00:00:00', 0, 1, 1, 1),
(12, 7, '', 'wtos-images/north-main-home-for-sale3.jpg', '', '2015-10-20 09:06:56', 26, '0000-00-00 00:00:00', 0, 1, 1, 1),
(13, 7, '', 'wtos-images/north-main-home-for-sale2.jpg', '', '2015-10-20 09:06:48', 26, '0000-00-00 00:00:00', 0, 1, 1, 1),
(14, 7, '', 'wtos-images/north-main-home-for-sale.jpg', '', '2015-10-20 09:06:33', 26, '0000-00-00 00:00:00', 0, 1, 1, 1),
(15, 8, '', 'wtos-images/4-bedroom-single-family-home3.jpg', '', '2015-10-20 08:49:46', 26, '0000-00-00 00:00:00', 0, 1, 1, 1),
(16, 8, '', 'wtos-images/4-bedroom-single-family-home2.jpg', '', '2015-10-20 08:49:36', 26, '0000-00-00 00:00:00', 0, 1, 1, 1),
(17, 8, '', 'wtos-images/4-bedroom-single-family-home.jpg', '', '2015-10-20 08:49:25', 26, '0000-00-00 00:00:00', 0, 1, 1, 1),
(18, 9, '', 'wtos-images/beautiful-custom-built-home4.jpg', '', '2015-10-20 08:44:12', 26, '0000-00-00 00:00:00', 0, 1, 1, 1),
(19, 9, '', 'wtos-images/beautiful-custom-built-home3.jpg', '', '2015-10-20 08:43:58', 26, '0000-00-00 00:00:00', 0, 1, 1, 1),
(20, 9, '', 'wtos-images/beautiful-custom-built-home2.jpg', '', '2015-10-20 08:43:45', 26, '0000-00-00 00:00:00', 0, 1, 1, 1),
(21, 9, '', 'wtos-images/beautiful-custom-built-home.jpg', '', '2015-10-20 08:43:31', 26, '0000-00-00 00:00:00', 0, 1, 1, 1),
(24, 10, '', 'wtos-images/bathroom.jpg', '', '2015-11-27 10:18:00', 26, '0000-00-00 00:00:00', 0, 1, 1, 1),
(25, 10, '', 'wtos-images/IMG_4921.JPG', '', '2015-10-26 05:36:15', 26, '0000-00-00 00:00:00', 0, 1, 1, 1),
(26, 10, '', 'wtos-images/IMG_4922.JPG', '', '2015-10-26 05:36:32', 26, '0000-00-00 00:00:00', 0, 1, 1, 1),
(27, 10, '', 'wtos-images/88cdcf619b3ebb43d270a865b4bda3d3dd014984_645_430.jpg', '', '2015-11-27 10:16:16', 26, '0000-00-00 00:00:00', 0, 1, 1, 1),
(28, 10, '', 'wtos-images/IMG_4922.JPG', '', '2015-10-26 05:37:31', 26, '0000-00-00 00:00:00', 0, 1, 1, 1),
(30, 10, '', 'wtos-images/7bee4ca3b0653d9f691e4742a8f5ee47e39f74e3_645_430.jpg', '', '2015-11-27 10:15:02', 26, '0000-00-00 00:00:00', 0, 1, 1, 1),
(31, 6, '', 'wtos-images/Bedroom-Design-Ideas-with-Platform-Bed-Furniture.jpg', '', '2015-12-01 01:51:03', 26, '0000-00-00 00:00:00', 0, 1, 1, 1),
(32, 6, '', 'wtos-images/Bedroom-Ideas-with-Wood-Bedroom-Set.jpg', '', '2015-12-01 01:51:20', 26, '0000-00-00 00:00:00', 0, 1, 1, 1),
(33, 6, '', 'wtos-images/White-Inspired-Guest-Bedroom.jpg', '', '2015-12-01 01:52:45', 26, '0000-00-00 00:00:00', 0, 1, 1, 1),
(34, 13, '1 Bedroom Flat in Tooting', 'wtos-images/8501-835x467.jpg', '', '2016-01-04 12:50:52', 26, '0000-00-00 00:00:00', 0, 1, 1, 1),
(35, 14, 'Luxury Villa In Rego Park', 'wtos-images/house-835x467.jpg', '', '2016-01-04 12:48:14', 26, '0000-00-00 00:00:00', 0, 1, 1, 1),
(36, 15, 'Gorgeous Farm in Jersey', 'wtos-images/house-835x467.jpg', '', '2016-01-04 12:55:47', 26, '0000-00-00 00:00:00', 0, 1, 1, 1),
(38, 16, 'Agent with Contact 7 Form', 'wtos-images/floor_plan_3d1.jpg', '', '2016-01-04 01:09:17', 26, '0000-00-00 00:00:00', 0, 1, 1, 1),
(39, 17, 'Boutique Space Greenville', 'wtos-images/file000332309677.jpg', '', '2016-01-04 01:33:11', 26, '0000-00-00 00:00:00', 0, 1, 1, 1),
(40, 18, 'Park Avenue Apartment', 'wtos-images/demo31-810x467.jpg', '', '2016-01-04 01:36:33', 26, '0000-00-00 00:00:00', 0, 1, 1, 1),
(41, 19, 'img1', 'wtos-images/below market value.jpg', '', '2016-01-06 10:51:51', 26, '0000-00-00 00:00:00', 0, 1, 6, 1),
(42, 19, 'img2', 'wtos-images/default-header-img.jpg', '', '2016-01-06 10:52:03', 26, '0000-00-00 00:00:00', 0, 1, 5, 1),
(43, 19, 'img3', 'wtos-images/house.jpg', '', '2016-01-06 10:52:12', 26, '0000-00-00 00:00:00', 0, 1, 1, 1),
(44, 19, 'img4', 'wtos-images/images.jpg', '', '2016-01-06 10:52:20', 26, '0000-00-00 00:00:00', 0, 1, 4, 1),
(45, 19, 'img5', 'wtos-images/london-houses-property-pr-011.jpg', '', '2016-01-06 10:52:30', 26, '0000-00-00 00:00:00', 0, 1, 3, 1),
(46, 19, 'img6', 'wtos-images/topimage_uk_landlords.jpg', '', '2016-01-06 10:52:38', 26, '0000-00-00 00:00:00', 0, 1, 2, 1),
(47, 20, 'propInCentAve', 'wtos-images/file0001197194142-810x467.jpg', '', '2016-01-19 10:30:19', 26, '0000-00-00 00:00:00', 0, 1, 1, 1),
(48, 21, 'propInUSA', 'wtos-images/file10512788799001-810x467.jpg', '', '2016-01-19 10:39:12', 26, '0000-00-00 00:00:00', 0, 1, 1, 1),
(49, 22, 'v 1 Bedroom Flat in Tooting', 'wtos-images/8501-835x467.jpg', '', '2016-01-19 02:49:12', 26, '0000-00-00 00:00:00', 0, 1, 1, 1),
(50, 24, '', 'wtos-images/IMG-20160126-WA0002.jpg', '', '2016-02-10 04:36:53', 31, '0000-00-00 00:00:00', 0, 1, 1, 1),
(51, 24, '', 'wtos-images/IMG-20160126-WA0003.jpg', '', '2016-02-10 04:37:04', 31, '0000-00-00 00:00:00', 0, 1, 1, 1),
(52, 23, '', 'wtos-images/IMG_5220[1].JPG', '', '2016-02-11 01:09:39', 31, '0000-00-00 00:00:00', 0, 1, 1, 1),
(57, 23, '', 'wtos-images/IMG_5228[2].JPG', '', '2016-02-11 01:11:33', 31, '0000-00-00 00:00:00', 0, 1, 1, 1),
(58, 23, '', 'wtos-images/IMG_5227[1].JPG', '', '2016-02-11 01:11:52', 31, '0000-00-00 00:00:00', 0, 1, 1, 1),
(55, 23, '', 'wtos-images/IMG_5222[1].JPG', '', '2016-02-11 01:10:38', 31, '0000-00-00 00:00:00', 0, 1, 1, 1),
(56, 23, '', 'wtos-images/IMG_5224[1].JPG', '', '2016-02-11 01:11:00', 31, '0000-00-00 00:00:00', 0, 1, 1, 1),
(59, 23, '', 'wtos-images/IMG_5226[1].JPG', '', '2016-02-11 01:12:10', 31, '0000-00-00 00:00:00', 0, 1, 1, 1),
(60, 23, '', 'wtos-images/IMG_5225[1].JPG', '', '2016-02-11 01:12:27', 31, '0000-00-00 00:00:00', 0, 1, 1, 1),
(61, 23, '', 'wtos-images/IMG_5223[1].JPG', '', '2016-02-11 01:12:51', 31, '0000-00-00 00:00:00', 0, 1, 1, 1),
(64, 26, 'Kitchen', 'wtos-images/IMG_1553.JPG', '', '2016-03-19 02:58:20', 31, '0000-00-00 00:00:00', 0, 1, 1, 1),
(63, 26, 'Kitchen', 'wtos-images/IMG_1555.JPG', '', '2016-03-19 02:57:52', 31, '0000-00-00 00:00:00', 0, 1, 1, 1),
(65, 26, 'Bathroom', 'wtos-images/IMG_1601.JPG', '', '2016-03-19 02:58:36', 31, '0000-00-00 00:00:00', 0, 1, 1, 1),
(66, 26, 'Bathroom', 'wtos-images/IMG_1626.JPG', '', '2016-03-19 02:58:56', 31, '0000-00-00 00:00:00', 0, 1, 1, 1),
(67, 62, 'Kitchen', 'wtos-images/IMG-20160426-WA0006.jpg', '', '2016-05-04 11:33:04', 31, '0000-00-00 00:00:00', 0, 1, 1, 1),
(68, 62, 'Bathoom', 'wtos-images/IMG-20160426-WA0005.jpg', '', '2016-05-04 11:33:15', 31, '0000-00-00 00:00:00', 0, 1, 1, 1),
(69, 62, 'Kitchen', 'wtos-images/IMG-20160426-WA0008.jpg', '', '2016-05-04 11:33:28', 31, '0000-00-00 00:00:00', 0, 1, 1, 1),
(70, 62, 'Room', 'wtos-images/IMG-20160426-WA0009.jpg', '', '2016-05-04 11:33:40', 31, '0000-00-00 00:00:00', 0, 1, 1, 1),
(71, 62, 'Room', 'wtos-images/IMG-20160426-WA0010.jpg', '', '2016-05-04 11:33:48', 31, '0000-00-00 00:00:00', 0, 1, 1, 1),
(72, 68, '', 'wtos-images/IMG-20160526-WA0015.jpg', '', '2016-05-28 10:26:54', 31, '0000-00-00 00:00:00', 0, 1, 1, 1),
(73, 68, '', 'wtos-images/IMG-20160526-WA0016.jpg', '', '2016-05-28 10:26:58', 31, '0000-00-00 00:00:00', 0, 1, 1, 1),
(74, 68, '', 'wtos-images/IMG-20160526-WA0017.jpg', '', '2016-05-28 10:27:05', 31, '0000-00-00 00:00:00', 0, 1, 1, 1),
(75, 68, '', 'wtos-images/IMG-20160526-WA0018.jpg', '', '2016-05-28 10:27:16', 31, '0000-00-00 00:00:00', 0, 1, 1, 1),
(76, 68, '', 'wtos-images/IMG-20160526-WA0019.jpg', '', '2016-05-28 10:27:24', 31, '0000-00-00 00:00:00', 0, 1, 1, 1),
(77, 68, '', 'wtos-images/IMG-20160526-WA0020.jpg', '', '2016-05-28 10:27:29', 31, '0000-00-00 00:00:00', 0, 1, 1, 1),
(78, 68, '', 'wtos-images/IMG-20160526-WA0021.jpg', '', '2016-05-28 10:27:36', 31, '0000-00-00 00:00:00', 0, 1, 1, 1),
(79, 69, '', 'wtos-images/IMG-20160526-WA0015.jpg', '', '2016-06-07 05:40:20', 31, '0000-00-00 00:00:00', 0, 1, 1, 1),
(80, 69, '', 'wtos-images/IMG-20160526-WA0016.jpg', '', '2016-06-07 05:40:25', 31, '0000-00-00 00:00:00', 0, 1, 1, 1),
(81, 69, '', 'wtos-images/IMG-20160526-WA0017.jpg', '', '2016-06-07 05:40:29', 31, '0000-00-00 00:00:00', 0, 1, 1, 1),
(82, 69, '', 'wtos-images/IMG-20160526-WA0018.jpg', '', '2016-06-07 05:40:34', 31, '0000-00-00 00:00:00', 0, 1, 1, 1),
(83, 69, '', 'wtos-images/IMG-20160526-WA0019.jpg', '', '2016-06-07 05:40:38', 31, '0000-00-00 00:00:00', 0, 1, 1, 1),
(84, 69, '', 'wtos-images/IMG-20160526-WA0020.jpg', '', '2016-06-07 05:40:43', 31, '0000-00-00 00:00:00', 0, 1, 1, 1),
(85, 69, '', 'wtos-images/IMG-20160526-WA0021.jpg', '', '2016-06-07 05:40:47', 31, '0000-00-00 00:00:00', 0, 1, 1, 1);

-- --------------------------------------------------------

--
-- Table structure for table `propertylocation`
--

CREATE TABLE IF NOT EXISTS `propertylocation` (
  `propertylocationId` int(10) NOT NULL AUTO_INCREMENT,
  `title` varchar(255) CHARACTER SET utf8 COLLATE utf8_unicode_ci NOT NULL,
  `addedDate` datetime NOT NULL,
  `addedBy` int(10) NOT NULL,
  `modifyDate` datetime NOT NULL,
  `modifyBy` int(10) NOT NULL,
  `active` tinyint(2) NOT NULL,
  PRIMARY KEY (`propertylocationId`)
) ENGINE=InnoDB  DEFAULT CHARSET=latin1 AUTO_INCREMENT=16 ;

--
-- Dumping data for table `propertylocation`
--

INSERT INTO `propertylocation` (`propertylocationId`, `title`, `addedDate`, `addedBy`, `modifyDate`, `modifyBy`, `active`) VALUES
(1, 'London', '2015-10-19 10:53:08', 26, '0000-00-00 00:00:00', 0, 1),
(2, 'Mitcham', '2015-10-20 09:23:48', 26, '0000-00-00 00:00:00', 0, 1),
(3, 'Tooting', '2015-10-21 07:53:01', 26, '0000-00-00 00:00:00', 0, 1),
(4, 'Morden', '2015-10-21 07:53:14', 26, '0000-00-00 00:00:00', 0, 1),
(5, 'Streatham', '2015-10-21 07:53:28', 26, '0000-00-00 00:00:00', 0, 1),
(6, 'Clapham', '2015-10-21 07:53:48', 26, '0000-00-00 00:00:00', 0, 1),
(7, 'Earlsfield', '0000-00-00 00:00:00', 0, '0000-00-00 00:00:00', 0, 1),
(8, 'Norwood', '0000-00-00 00:00:00', 0, '0000-00-00 00:00:00', 0, 1),
(9, 'Colliers Wood', '0000-00-00 00:00:00', 0, '0000-00-00 00:00:00', 0, 1),
(10, 'Wimbledon', '0000-00-00 00:00:00', 0, '0000-00-00 00:00:00', 0, 1),
(11, 'Southfields', '0000-00-00 00:00:00', 0, '0000-00-00 00:00:00', 0, 1),
(12, 'Wandsworth', '0000-00-00 00:00:00', 0, '0000-00-00 00:00:00', 0, 1),
(13, 'Norbury', '0000-00-00 00:00:00', 0, '0000-00-00 00:00:00', 0, 1),
(14, 'New Malden', '0000-00-00 00:00:00', 0, '0000-00-00 00:00:00', 0, 1),
(15, 'Worcester Park', '0000-00-00 00:00:00', 0, '0000-00-00 00:00:00', 0, 1);

-- --------------------------------------------------------

--
-- Table structure for table `propertyrooms`
--

CREATE TABLE IF NOT EXISTS `propertyrooms` (
  `propertyroomsId` int(10) NOT NULL AUTO_INCREMENT,
  `title` varchar(200) COLLATE utf8_unicode_ci NOT NULL,
  `dimension` varchar(200) COLLATE utf8_unicode_ci NOT NULL,
  `description` varchar(200) COLLATE utf8_unicode_ci NOT NULL,
  `propertyId` int(10) NOT NULL,
  `addedDate` datetime NOT NULL,
  `addedBy` int(10) NOT NULL,
  `modifyDate` datetime NOT NULL,
  `modifyBy` int(10) NOT NULL,
  PRIMARY KEY (`propertyroomsId`)
) ENGINE=InnoDB DEFAULT CHARSET=utf8 COLLATE=utf8_unicode_ci AUTO_INCREMENT=1 ;

-- --------------------------------------------------------

--
-- Table structure for table `rentagreement`
--

CREATE TABLE IF NOT EXISTS `rentagreement` (
  `rentagreementId` int(10) NOT NULL AUTO_INCREMENT,
  `dated` datetime NOT NULL,
  `fromDate` datetime NOT NULL,
  `toDate` datetime NOT NULL,
  `tenantId` int(10) NOT NULL,
  `landlordId` int(10) NOT NULL,
  `propertyId` int(10) NOT NULL,
  `agreementReffId` varchar(50) COLLATE utf8_unicode_ci NOT NULL,
  `type` varchar(20) COLLATE utf8_unicode_ci NOT NULL,
  `rentAmountLandlord` float(8,2) NOT NULL,
  `commission` float(8,2) NOT NULL,
  `rentAmount` float(8,2) NOT NULL,
  `deposite` float(8,2) NOT NULL,
  `holdingDeposite` float(8,2) NOT NULL,
  `adminFees` float(8,2) NOT NULL,
  `agentName` varchar(50) COLLATE utf8_unicode_ci NOT NULL,
  `rentDueDate` datetime NOT NULL,
  `paybleAmount` float(8,2) NOT NULL,
  `status` varchar(20) COLLATE utf8_unicode_ci NOT NULL,
  `note` varchar(100) COLLATE utf8_unicode_ci NOT NULL,
  `addedDate` datetime NOT NULL,
  `addedBy` int(10) NOT NULL,
  `modifyDate` datetime NOT NULL,
  `modifyBy` int(10) NOT NULL,
  `landLordDueDate` datetime NOT NULL,
  PRIMARY KEY (`rentagreementId`)
) ENGINE=InnoDB  DEFAULT CHARSET=utf8 COLLATE=utf8_unicode_ci AUTO_INCREMENT=71 ;

--
-- Dumping data for table `rentagreement`
--

INSERT INTO `rentagreement` (`rentagreementId`, `dated`, `fromDate`, `toDate`, `tenantId`, `landlordId`, `propertyId`, `agreementReffId`, `type`, `rentAmountLandlord`, `commission`, `rentAmount`, `deposite`, `holdingDeposite`, `adminFees`, `agentName`, `rentDueDate`, `paybleAmount`, `status`, `note`, `addedDate`, `addedBy`, `modifyDate`, `modifyBy`, `landLordDueDate`) VALUES
(56, '2016-07-13 00:00:00', '2015-08-21 00:00:00', '2016-08-20 00:00:00', 43, 1, 26, 'A56T43P26L1', '', 1500.00, 200.00, 1500.00, 1500.00, 0.00, 0.00, 'Sabah', '2016-07-21 00:00:00', 1500.00, 'Valid', '', '2016-07-13 03:17:37', 31, '2016-07-13 03:17:37', 31, '2016-07-24 00:00:00'),
(57, '2016-07-13 00:00:00', '2015-08-01 00:00:00', '2016-07-31 00:00:00', 44, 2, 27, 'A57T44P27L2', '', 2700.00, 600.00, 2700.00, 2700.00, 0.00, 0.00, 'Sabah', '2016-07-01 00:00:00', 2700.00, 'Valid', '', '2016-07-13 03:22:02', 31, '2016-07-13 03:22:02', 31, '2016-07-05 00:00:00'),
(58, '2016-07-13 00:00:00', '2015-09-15 00:00:00', '2015-09-14 00:00:00', 45, 3, 28, 'A58T45P28L3', '', 1350.00, 100.00, 1350.00, 1350.00, 0.00, 0.00, 'Sabah', '2016-07-15 00:00:00', 1350.00, 'Valid', '', '2016-07-13 03:23:50', 31, '2016-07-16 01:44:58', 31, '2016-07-01 00:00:00'),
(59, '2016-07-13 00:00:00', '2016-02-15 00:00:00', '2017-02-14 00:00:00', 46, 6, 29, 'A59T46P29L6', '', 2550.00, 210.00, 2550.00, 2550.00, 0.00, 0.00, 'Sabah', '2016-07-15 00:00:00', 2550.00, 'Valid', '', '2016-07-13 03:26:38', 31, '2016-07-13 03:26:38', 31, '2016-07-01 00:00:00'),
(60, '2016-07-16 00:00:00', '2015-08-08 00:00:00', '2016-08-07 00:00:00', 47, 7, 30, 'A60T47P30L7', '', 1400.00, 300.00, 1400.00, 1400.00, 0.00, 0.00, 'sabah', '2016-07-08 00:00:00', 1400.00, 'Valid', '', '2016-07-16 09:42:18', 31, '2016-07-16 11:23:36', 31, '2016-07-11 00:00:00'),
(61, '2016-07-18 00:00:00', '2015-08-20 00:00:00', '2016-08-19 00:00:00', 50, 10, 33, 'A61T50P33L10', '', 2100.00, 450.00, 2100.00, 2100.00, 0.00, 0.00, 'Sabah', '2016-07-20 00:00:00', 2100.00, 'Valid', '', '2016-07-18 02:17:58', 31, '2016-07-18 02:17:58', 31, '2016-07-25 00:00:00'),
(62, '2016-07-19 00:00:00', '2016-07-19 00:00:00', '2017-06-14 00:00:00', 51, 11, 34, 'A62T51P34L11', '', 1750.00, 150.00, 1750.00, 1750.00, 0.00, 0.00, '', '2016-07-29 00:00:00', 1750.00, 'Valid', '', '2016-07-19 12:25:26', 31, '2016-07-19 12:25:26', 31, '2016-07-27 00:00:00'),
(63, '2016-07-19 00:00:00', '2016-02-20 00:00:00', '2017-02-19 00:00:00', 52, 12, 35, 'A63T52P35L12', '', 1500.00, 200.00, 1500.00, 1500.00, 0.00, 0.00, 'Sabah', '2016-07-20 00:00:00', 1500.00, 'Valid', '', '2016-07-19 01:06:42', 31, '2016-07-19 01:06:42', 31, '2016-07-01 00:00:00'),
(64, '2016-07-19 00:00:00', '2015-10-30 00:00:00', '2016-10-29 00:00:00', 53, 14, 37, 'A64T53P37L14', '', 1300.00, 250.00, 1300.00, 1300.00, 0.00, 0.00, 'Sabah', '2016-07-30 00:00:00', 1300.00, 'Valid', '', '2016-07-19 01:10:57', 31, '2016-07-19 01:10:57', 31, '2016-07-15 00:00:00'),
(65, '2016-07-19 00:00:00', '2016-01-04 00:00:00', '2017-01-03 00:00:00', 54, 15, 38, 'A65T54P38L15', '', 1800.00, 250.00, 1800.00, 1800.00, 0.00, 0.00, 'Sabah', '2016-07-10 00:00:00', 1800.00, 'Valid', '', '2016-07-19 01:13:28', 31, '2016-07-19 01:13:28', 31, '2016-07-20 00:00:00'),
(66, '2016-07-19 00:00:00', '2016-05-15 00:00:00', '2017-05-14 00:00:00', 97, 89, 64, 'A66T97P64L89', '', 1700.00, 100.00, 1700.00, 1700.00, 0.00, 0.00, 'Sabah', '2016-07-15 00:00:00', 1700.00, 'Valid', '', '2016-07-19 01:16:48', 31, '2016-07-19 01:16:48', 31, '2016-07-15 00:00:00'),
(67, '2016-07-19 00:00:00', '2015-10-21 00:00:00', '2016-10-20 00:00:00', 56, 19, 42, 'A67T56P42L19', '', 1300.00, 300.00, 1300.00, 1300.00, 0.00, 0.00, 'Sabah', '2016-07-21 00:00:00', 1300.00, 'Valid', '', '2016-07-19 01:23:30', 31, '2016-07-19 01:23:35', 31, '2016-07-24 00:00:00'),
(68, '2016-07-19 00:00:00', '2015-10-04 00:00:00', '2016-10-03 00:00:00', 57, 20, 43, 'A68T57P43L20', '', 950.00, 100.00, 950.00, 950.00, 0.00, 0.00, 'Sabah', '2016-07-04 00:00:00', 950.00, 'Valid', '', '2016-07-19 01:27:20', 31, '2016-07-19 01:27:20', 31, '2016-07-05 00:00:00'),
(69, '2016-07-19 00:00:00', '2016-05-10 00:00:00', '2017-05-09 00:00:00', 96, 85, 62, 'A69T96P62L85', '', 1780.00, 300.00, 1780.00, 2465.00, 0.00, 0.00, 'Sabah', '2016-07-10 00:00:00', 1780.00, 'Valid', '', '2016-07-19 01:34:49', 31, '2016-07-19 01:34:49', 31, '2016-07-02 00:00:00'),
(70, '2016-07-19 00:00:00', '2016-05-12 00:00:00', '2017-05-11 00:00:00', 93, 21, 44, 'A70T93P44L21', '', 1150.00, 150.00, 1150.00, 1150.00, 0.00, 0.00, 'Sabah', '2016-07-12 00:00:00', 1150.00, 'Valid', '', '2016-07-19 01:39:51', 31, '2016-07-19 01:40:27', 31, '2016-07-27 00:00:00');

-- --------------------------------------------------------

--
-- Table structure for table `rentbill`
--

CREATE TABLE IF NOT EXISTS `rentbill` (
  `rentbillId` int(10) NOT NULL AUTO_INCREMENT,
  `rentagreementId` int(10) NOT NULL,
  `agreementReffId` varchar(50) COLLATE utf8_unicode_ci NOT NULL,
  `rentAmount` float(8,2) NOT NULL,
  `rentMonth` int(2) NOT NULL,
  `rentYear` int(4) NOT NULL,
  `rentArrears` float(8,2) NOT NULL,
  `rentOtherBills` text COLLATE utf8_unicode_ci NOT NULL,
  `paybleAmount` float(8,2) NOT NULL,
  `receivedAmount` float(8,2) NOT NULL,
  `dueAmount` float(8,2) NOT NULL,
  `dueDate` datetime NOT NULL,
  `dated` datetime NOT NULL,
  `paymentStatus` varchar(20) COLLATE utf8_unicode_ci NOT NULL,
  `note` varchar(200) COLLATE utf8_unicode_ci NOT NULL,
  `addedDate` datetime NOT NULL,
  `addedBy` int(10) NOT NULL,
  `modifyDate` datetime NOT NULL,
  `modifyBy` int(10) NOT NULL,
  PRIMARY KEY (`rentbillId`)
) ENGINE=InnoDB  DEFAULT CHARSET=utf8 COLLATE=utf8_unicode_ci AUTO_INCREMENT=829 ;

--
-- Dumping data for table `rentbill`
--

INSERT INTO `rentbill` (`rentbillId`, `rentagreementId`, `agreementReffId`, `rentAmount`, `rentMonth`, `rentYear`, `rentArrears`, `rentOtherBills`, `paybleAmount`, `receivedAmount`, `dueAmount`, `dueDate`, `dated`, `paymentStatus`, `note`, `addedDate`, `addedBy`, `modifyDate`, `modifyBy`) VALUES
(647, 56, 'A56T43P26L1', 1500.00, 8, 2015, 0.00, '', 1500.00, 0.00, 0.00, '2015-08-21 00:00:00', '2015-08-21 00:00:00', 'Pending', '', '2016-07-13 03:17:37', 31, '2016-07-13 03:17:37', 31),
(648, 56, 'A56T43P26L1', 1500.00, 9, 2015, 0.00, '', 1500.00, 0.00, 0.00, '2015-09-21 00:00:00', '2015-09-21 00:00:00', 'Pending', '', '2016-07-13 03:17:37', 31, '2016-07-13 03:17:37', 31),
(649, 56, 'A56T43P26L1', 1500.00, 10, 2015, 0.00, '', 1500.00, 0.00, 0.00, '2015-10-21 00:00:00', '2015-10-21 00:00:00', 'Pending', '', '2016-07-13 03:17:37', 31, '2016-07-13 03:17:37', 31),
(650, 56, 'A56T43P26L1', 1500.00, 11, 2015, 0.00, '', 1500.00, 0.00, 0.00, '2015-11-21 00:00:00', '2015-11-21 00:00:00', 'Pending', '', '2016-07-13 03:17:37', 31, '2016-07-13 03:17:37', 31),
(651, 56, 'A56T43P26L1', 1500.00, 12, 2015, 0.00, '', 1500.00, 0.00, 0.00, '2015-12-21 00:00:00', '2015-12-21 00:00:00', 'Pending', '', '2016-07-13 03:17:37', 31, '2016-07-13 03:17:37', 31),
(652, 56, 'A56T43P26L1', 1500.00, 1, 2016, 0.00, '', 1500.00, 0.00, 0.00, '2016-01-21 00:00:00', '2016-01-21 00:00:00', 'Pending', '', '2016-07-13 03:17:37', 31, '2016-07-13 03:17:37', 31),
(653, 56, 'A56T43P26L1', 1500.00, 2, 2016, 0.00, '', 1500.00, 0.00, 0.00, '2016-02-21 00:00:00', '2016-02-21 00:00:00', 'Pending', '', '2016-07-13 03:17:37', 31, '2016-07-13 03:17:37', 31),
(654, 56, 'A56T43P26L1', 1500.00, 3, 2016, 0.00, '', 1500.00, 0.00, 0.00, '2016-03-21 00:00:00', '2016-03-21 00:00:00', 'Pending', '', '2016-07-13 03:17:37', 31, '2016-07-13 03:17:37', 31),
(655, 56, 'A56T43P26L1', 1500.00, 4, 2016, 0.00, '', 1500.00, 0.00, 0.00, '2016-04-21 00:00:00', '2016-04-21 00:00:00', 'Pending', '', '2016-07-13 03:17:37', 31, '2016-07-13 03:17:37', 31),
(656, 56, 'A56T43P26L1', 1500.00, 5, 2016, 0.00, '', 1500.00, 0.00, 0.00, '2016-05-21 00:00:00', '2016-05-21 00:00:00', 'Pending', '', '2016-07-13 03:17:37', 31, '2016-07-13 03:17:37', 31),
(657, 56, 'A56T43P26L1', 1500.00, 6, 2016, 0.00, '', 1500.00, 0.00, 0.00, '2016-06-21 00:00:00', '2016-06-21 00:00:00', 'Pending', '', '2016-07-13 03:17:37', 31, '2016-07-13 03:17:37', 31),
(658, 56, 'A56T43P26L1', 1500.00, 7, 2016, 0.00, '', 1500.00, 0.00, 0.00, '2016-07-21 00:00:00', '2016-07-21 00:00:00', 'Pending', '', '2016-07-13 03:17:37', 31, '2016-07-13 03:17:37', 31),
(659, 56, 'A56T43P26L1', 1500.00, 8, 2016, 0.00, '', 1500.00, 0.00, 0.00, '2016-08-21 00:00:00', '2016-08-21 00:00:00', 'Pending', '', '2016-07-13 03:17:37', 31, '2016-07-13 03:17:37', 31),
(660, 57, 'A57T44P27L2', 2700.00, 8, 2015, 0.00, '', 2700.00, 0.00, 0.00, '2015-08-01 00:00:00', '2015-08-01 00:00:00', 'Pending', '', '2016-07-13 03:22:02', 31, '2016-07-13 03:22:02', 31),
(661, 57, 'A57T44P27L2', 2700.00, 9, 2015, 0.00, '', 2700.00, 0.00, 0.00, '2015-09-01 00:00:00', '2015-09-01 00:00:00', 'Pending', '', '2016-07-13 03:22:02', 31, '2016-07-13 03:22:02', 31),
(662, 57, 'A57T44P27L2', 2700.00, 10, 2015, 0.00, '', 2700.00, 0.00, 0.00, '2015-10-01 00:00:00', '2015-10-01 00:00:00', 'Pending', '', '2016-07-13 03:22:02', 31, '2016-07-13 03:22:02', 31),
(663, 57, 'A57T44P27L2', 2700.00, 11, 2015, 0.00, '', 2700.00, 0.00, 0.00, '2015-11-01 00:00:00', '2015-11-01 00:00:00', 'Pending', '', '2016-07-13 03:22:02', 31, '2016-07-13 03:22:02', 31),
(664, 57, 'A57T44P27L2', 2700.00, 12, 2015, 0.00, '', 2700.00, 0.00, 0.00, '2015-12-01 00:00:00', '2015-12-01 00:00:00', 'Pending', '', '2016-07-13 03:22:02', 31, '2016-07-13 03:22:02', 31),
(665, 57, 'A57T44P27L2', 2700.00, 1, 2016, 0.00, '', 2700.00, 0.00, 0.00, '2016-01-01 00:00:00', '2016-01-01 00:00:00', 'Pending', '', '2016-07-13 03:22:02', 31, '2016-07-13 03:22:02', 31),
(666, 57, 'A57T44P27L2', 2700.00, 2, 2016, 0.00, '', 2700.00, 0.00, 0.00, '2016-02-01 00:00:00', '2016-02-01 00:00:00', 'Pending', '', '2016-07-13 03:22:02', 31, '2016-07-13 03:22:02', 31),
(667, 57, 'A57T44P27L2', 2700.00, 3, 2016, 0.00, '', 2700.00, 0.00, 0.00, '2016-03-01 00:00:00', '2016-03-01 00:00:00', 'Pending', '', '2016-07-13 03:22:02', 31, '2016-07-13 03:22:02', 31),
(668, 57, 'A57T44P27L2', 2700.00, 4, 2016, 0.00, '', 2700.00, 0.00, 0.00, '2016-04-01 00:00:00', '2016-04-01 00:00:00', 'Pending', '', '2016-07-13 03:22:02', 31, '2016-07-13 03:22:02', 31),
(669, 57, 'A57T44P27L2', 2700.00, 5, 2016, 0.00, '', 2700.00, 0.00, 0.00, '2016-05-01 00:00:00', '2016-05-01 00:00:00', 'Pending', '', '2016-07-13 03:22:02', 31, '2016-07-13 03:22:02', 31),
(670, 57, 'A57T44P27L2', 2700.00, 6, 2016, 0.00, '', 2700.00, 0.00, 0.00, '2016-06-01 00:00:00', '2016-06-01 00:00:00', 'Pending', '', '2016-07-13 03:22:02', 31, '2016-07-13 03:22:02', 31),
(671, 57, 'A57T44P27L2', 2700.00, 7, 2016, 0.00, '', 2700.00, 0.00, 0.00, '2016-07-01 00:00:00', '2016-07-01 00:00:00', 'Pending', '', '2016-07-13 03:22:02', 31, '2016-07-13 03:22:02', 31),
(672, 57, 'A57T44P27L2', 2700.00, 8, 2016, 0.00, '', 2700.00, 0.00, 0.00, '2016-08-01 00:00:00', '2016-08-01 00:00:00', 'Pending', '', '2016-07-13 03:22:02', 31, '2016-07-13 03:22:02', 31),
(673, 58, 'A58T45P28L3', 1350.00, 9, 2015, 0.00, '', 1350.00, 0.00, 0.00, '2015-09-15 00:00:00', '2015-09-15 00:00:00', 'Pending', '', '2016-07-13 03:23:50', 31, '2016-07-13 03:23:50', 31),
(674, 59, 'A59T46P29L6', 2550.00, 2, 2016, 0.00, '', 2550.00, 0.00, 0.00, '2016-02-15 00:00:00', '2016-02-15 00:00:00', 'Pending', '', '2016-07-13 03:26:38', 31, '2016-07-13 03:26:38', 31),
(675, 59, 'A59T46P29L6', 2550.00, 3, 2016, 0.00, '', 2550.00, 0.00, 0.00, '2016-03-15 00:00:00', '2016-03-15 00:00:00', 'Pending', '', '2016-07-13 03:26:38', 31, '2016-07-13 03:26:38', 31),
(676, 59, 'A59T46P29L6', 2550.00, 4, 2016, 0.00, '', 2550.00, 0.00, 0.00, '2016-04-15 00:00:00', '2016-04-15 00:00:00', 'Pending', '', '2016-07-13 03:26:38', 31, '2016-07-13 03:26:38', 31),
(677, 59, 'A59T46P29L6', 2550.00, 5, 2016, 0.00, '', 2550.00, 0.00, 0.00, '2016-05-15 00:00:00', '2016-05-15 00:00:00', 'Pending', '', '2016-07-13 03:26:38', 31, '2016-07-13 03:26:38', 31),
(678, 59, 'A59T46P29L6', 2550.00, 6, 2016, 0.00, '', 2550.00, 0.00, 0.00, '2016-06-15 00:00:00', '2016-06-15 00:00:00', 'Pending', '', '2016-07-13 03:26:38', 31, '2016-07-13 03:26:38', 31),
(679, 59, 'A59T46P29L6', 2550.00, 7, 2016, 0.00, '', 2550.00, 0.00, 0.00, '2016-07-15 00:00:00', '2016-07-15 00:00:00', 'Pending', '', '2016-07-13 03:26:38', 31, '2016-07-13 03:26:38', 31),
(680, 59, 'A59T46P29L6', 2550.00, 8, 2016, 0.00, '', 2550.00, 0.00, 0.00, '2016-08-15 00:00:00', '2016-08-15 00:00:00', 'Pending', '', '2016-07-13 03:26:38', 31, '2016-07-13 03:26:38', 31),
(681, 59, 'A59T46P29L6', 2550.00, 9, 2016, 0.00, '', 2550.00, 0.00, 0.00, '2016-09-15 00:00:00', '2016-09-15 00:00:00', 'Pending', '', '2016-07-13 03:26:38', 31, '2016-07-13 03:26:38', 31),
(682, 59, 'A59T46P29L6', 2550.00, 10, 2016, 0.00, '', 2550.00, 0.00, 0.00, '2016-10-15 00:00:00', '2016-10-15 00:00:00', 'Pending', '', '2016-07-13 03:26:38', 31, '2016-07-13 03:26:38', 31),
(683, 59, 'A59T46P29L6', 2550.00, 11, 2016, 0.00, '', 2550.00, 0.00, 0.00, '2016-11-15 00:00:00', '2016-11-15 00:00:00', 'Pending', '', '2016-07-13 03:26:38', 31, '2016-07-13 03:26:38', 31),
(684, 59, 'A59T46P29L6', 2550.00, 12, 2016, 0.00, '', 2550.00, 0.00, 0.00, '2016-12-15 00:00:00', '2016-12-15 00:00:00', 'Pending', '', '2016-07-13 03:26:38', 31, '2016-07-13 03:26:38', 31),
(685, 59, 'A59T46P29L6', 2550.00, 1, 2017, 0.00, '', 2550.00, 0.00, 0.00, '2017-01-15 00:00:00', '2017-01-15 00:00:00', 'Pending', '', '2016-07-13 03:26:38', 31, '2016-07-13 03:26:38', 31),
(686, 59, 'A59T46P29L6', 2550.00, 2, 2017, 0.00, '', 2550.00, 0.00, 0.00, '2017-02-15 00:00:00', '2017-02-15 00:00:00', 'Pending', '', '2016-07-13 03:26:38', 31, '2016-07-13 03:26:38', 31),
(687, 60, 'A60T47P30L7', 1400.00, 8, 2015, 0.00, '', 1400.00, 0.00, 0.00, '2015-08-08 00:00:00', '2015-08-08 00:00:00', 'Pending', '', '2016-07-16 09:42:18', 31, '2016-07-16 09:42:18', 31),
(688, 60, 'A60T47P30L7', 1400.00, 9, 2015, 0.00, '', 1400.00, 0.00, 0.00, '2015-09-08 00:00:00', '2015-09-08 00:00:00', 'Pending', '', '2016-07-16 09:42:18', 31, '2016-07-16 09:42:18', 31),
(689, 60, 'A60T47P30L7', 1400.00, 10, 2015, 0.00, '', 1400.00, 0.00, 0.00, '2015-10-08 00:00:00', '2015-10-08 00:00:00', 'Pending', '', '2016-07-16 09:42:18', 31, '2016-07-16 09:42:18', 31),
(690, 60, 'A60T47P30L7', 1400.00, 11, 2015, 0.00, '', 1400.00, 0.00, 0.00, '2015-11-08 00:00:00', '2015-11-08 00:00:00', 'Pending', '', '2016-07-16 09:42:18', 31, '2016-07-16 09:42:18', 31),
(691, 60, 'A60T47P30L7', 1400.00, 12, 2015, 0.00, '', 1400.00, 0.00, 0.00, '2015-12-08 00:00:00', '2015-12-08 00:00:00', 'Pending', '', '2016-07-16 09:42:18', 31, '2016-07-16 09:42:18', 31),
(692, 60, 'A60T47P30L7', 1400.00, 1, 2016, 0.00, '', 1400.00, 0.00, 0.00, '2016-01-08 00:00:00', '2016-01-08 00:00:00', 'Pending', '', '2016-07-16 09:42:18', 31, '2016-07-16 09:42:18', 31),
(693, 60, 'A60T47P30L7', 1400.00, 2, 2016, 0.00, '', 1400.00, 0.00, 0.00, '2016-02-08 00:00:00', '2016-02-08 00:00:00', 'Pending', '', '2016-07-16 09:42:18', 31, '2016-07-16 09:42:18', 31),
(694, 60, 'A60T47P30L7', 1400.00, 3, 2016, 0.00, '', 1400.00, 0.00, 0.00, '2016-03-08 00:00:00', '2016-03-08 00:00:00', 'Pending', '', '2016-07-16 09:42:18', 31, '2016-07-16 09:42:18', 31),
(695, 60, 'A60T47P30L7', 1400.00, 4, 2016, 0.00, '', 1400.00, 0.00, 0.00, '2016-04-08 00:00:00', '2016-04-08 00:00:00', 'Pending', '', '2016-07-16 09:42:18', 31, '2016-07-16 09:42:18', 31),
(696, 60, 'A60T47P30L7', 1400.00, 5, 2016, 0.00, '', 1400.00, 0.00, 0.00, '2016-05-08 00:00:00', '2016-05-08 00:00:00', 'Pending', '', '2016-07-16 09:42:18', 31, '2016-07-16 09:42:18', 31),
(697, 60, 'A60T47P30L7', 1400.00, 6, 2016, 0.00, '', 1400.00, 0.00, 0.00, '2016-06-08 00:00:00', '2016-06-08 00:00:00', 'Pending', '', '2016-07-16 09:42:18', 31, '2016-07-16 09:42:18', 31),
(698, 60, 'A60T47P30L7', 1400.00, 7, 2016, 0.00, '', 1400.00, 0.00, 0.00, '2016-07-08 00:00:00', '2016-07-08 00:00:00', 'Pending', '', '2016-07-16 09:42:18', 31, '2016-07-16 09:42:18', 31),
(699, 60, 'A60T47P30L7', 1400.00, 8, 2016, 0.00, '', 1400.00, 0.00, 0.00, '2016-08-08 00:00:00', '2016-08-08 00:00:00', 'Pending', '', '2016-07-16 09:42:18', 31, '2016-07-16 09:42:18', 31),
(700, 61, 'A61T50P33L10', 2100.00, 8, 2015, 0.00, '', 2100.00, 0.00, 0.00, '2015-08-20 00:00:00', '2015-08-20 00:00:00', 'Pending', '', '2016-07-18 02:17:58', 31, '2016-07-18 02:17:58', 31),
(701, 61, 'A61T50P33L10', 2100.00, 9, 2015, 0.00, '', 2100.00, 0.00, 0.00, '2015-09-20 00:00:00', '2015-09-20 00:00:00', 'Pending', '', '2016-07-18 02:17:58', 31, '2016-07-18 02:17:58', 31),
(702, 61, 'A61T50P33L10', 2100.00, 10, 2015, 0.00, '', 2100.00, 0.00, 0.00, '2015-10-20 00:00:00', '2015-10-20 00:00:00', 'Pending', '', '2016-07-18 02:17:58', 31, '2016-07-18 02:17:58', 31),
(703, 61, 'A61T50P33L10', 2100.00, 11, 2015, 0.00, '', 2100.00, 0.00, 0.00, '2015-11-20 00:00:00', '2015-11-20 00:00:00', 'Pending', '', '2016-07-18 02:17:58', 31, '2016-07-18 02:17:58', 31),
(704, 61, 'A61T50P33L10', 2100.00, 12, 2015, 0.00, '', 2100.00, 0.00, 0.00, '2015-12-20 00:00:00', '2015-12-20 00:00:00', 'Pending', '', '2016-07-18 02:17:58', 31, '2016-07-18 02:17:58', 31),
(705, 61, 'A61T50P33L10', 2100.00, 1, 2016, 0.00, '', 2100.00, 0.00, 0.00, '2016-01-20 00:00:00', '2016-01-20 00:00:00', 'Pending', '', '2016-07-18 02:17:58', 31, '2016-07-18 02:17:58', 31),
(706, 61, 'A61T50P33L10', 2100.00, 2, 2016, 0.00, '', 2100.00, 0.00, 0.00, '2016-02-20 00:00:00', '2016-02-20 00:00:00', 'Pending', '', '2016-07-18 02:17:58', 31, '2016-07-18 02:17:58', 31),
(707, 61, 'A61T50P33L10', 2100.00, 3, 2016, 0.00, '', 2100.00, 0.00, 0.00, '2016-03-20 00:00:00', '2016-03-20 00:00:00', 'Pending', '', '2016-07-18 02:17:58', 31, '2016-07-18 02:17:58', 31),
(708, 61, 'A61T50P33L10', 2100.00, 4, 2016, 0.00, '', 2100.00, 0.00, 0.00, '2016-04-20 00:00:00', '2016-04-20 00:00:00', 'Pending', '', '2016-07-18 02:17:58', 31, '2016-07-18 02:17:58', 31),
(709, 61, 'A61T50P33L10', 2100.00, 5, 2016, 0.00, '', 2100.00, 0.00, 0.00, '2016-05-20 00:00:00', '2016-05-20 00:00:00', 'Pending', '', '2016-07-18 02:17:58', 31, '2016-07-18 02:17:58', 31),
(710, 61, 'A61T50P33L10', 2100.00, 6, 2016, 0.00, '', 2100.00, 0.00, 0.00, '2016-06-20 00:00:00', '2016-06-20 00:00:00', 'Pending', '', '2016-07-18 02:17:58', 31, '2016-07-18 02:17:58', 31),
(711, 61, 'A61T50P33L10', 2100.00, 7, 2016, 0.00, '', 2100.00, 0.00, 0.00, '2016-07-20 00:00:00', '2016-07-20 00:00:00', 'Pending', '', '2016-07-18 02:17:58', 31, '2016-07-18 02:17:58', 31),
(712, 61, 'A61T50P33L10', 2100.00, 8, 2016, 0.00, '', 2100.00, 0.00, 0.00, '2016-08-20 00:00:00', '2016-08-20 00:00:00', 'Pending', '', '2016-07-18 02:17:58', 31, '2016-07-18 02:17:58', 31),
(713, 62, 'A62T51P34L11', 1750.00, 7, 2016, 0.00, '', 1750.00, 0.00, 0.00, '2016-07-29 00:00:00', '2016-07-29 00:00:00', 'Pending', '', '2016-07-19 12:25:26', 31, '2016-07-19 12:25:26', 31),
(714, 62, 'A62T51P34L11', 1750.00, 8, 2016, 0.00, '', 1750.00, 0.00, 0.00, '2016-08-29 00:00:00', '2016-08-29 00:00:00', 'Pending', '', '2016-07-19 12:25:26', 31, '2016-07-19 12:25:26', 31),
(715, 62, 'A62T51P34L11', 1750.00, 9, 2016, 0.00, '', 1750.00, 0.00, 0.00, '2016-09-29 00:00:00', '2016-09-29 00:00:00', 'Pending', '', '2016-07-19 12:25:26', 31, '2016-07-19 12:25:26', 31),
(716, 62, 'A62T51P34L11', 1750.00, 10, 2016, 0.00, '', 1750.00, 0.00, 0.00, '2016-10-29 00:00:00', '2016-10-29 00:00:00', 'Pending', '', '2016-07-19 12:25:26', 31, '2016-07-19 12:25:26', 31),
(717, 62, 'A62T51P34L11', 1750.00, 11, 2016, 0.00, '', 1750.00, 0.00, 0.00, '2016-11-29 00:00:00', '2016-11-29 00:00:00', 'Pending', '', '2016-07-19 12:25:26', 31, '2016-07-19 12:25:26', 31),
(718, 62, 'A62T51P34L11', 1750.00, 12, 2016, 0.00, '', 1750.00, 0.00, 0.00, '2016-12-29 00:00:00', '2016-12-29 00:00:00', 'Pending', '', '2016-07-19 12:25:26', 31, '2016-07-19 12:25:26', 31),
(719, 62, 'A62T51P34L11', 1750.00, 1, 2017, 0.00, '', 1750.00, 0.00, 0.00, '2017-01-29 00:00:00', '2017-01-29 00:00:00', 'Pending', '', '2016-07-19 12:25:26', 31, '2016-07-19 12:25:26', 31),
(720, 62, 'A62T51P34L11', 1750.00, 2, 2017, 0.00, '', 1750.00, 0.00, 0.00, '0000-00-00 00:00:00', '0000-00-00 00:00:00', 'Pending', '', '2016-07-19 12:25:26', 31, '2016-07-19 12:25:26', 31),
(721, 62, 'A62T51P34L11', 1750.00, 3, 2017, 0.00, '', 1750.00, 0.00, 0.00, '2017-03-29 00:00:00', '2017-03-29 00:00:00', 'Pending', '', '2016-07-19 12:25:26', 31, '2016-07-19 12:25:26', 31),
(722, 62, 'A62T51P34L11', 1750.00, 4, 2017, 0.00, '', 1750.00, 0.00, 0.00, '2017-04-29 00:00:00', '2017-04-29 00:00:00', 'Pending', '', '2016-07-19 12:25:26', 31, '2016-07-19 12:25:26', 31),
(723, 62, 'A62T51P34L11', 1750.00, 5, 2017, 0.00, '', 1750.00, 0.00, 0.00, '2017-05-29 00:00:00', '2017-05-29 00:00:00', 'Pending', '', '2016-07-19 12:25:26', 31, '2016-07-19 12:25:26', 31),
(724, 62, 'A62T51P34L11', 1750.00, 6, 2017, 0.00, '', 1750.00, 0.00, 0.00, '2017-06-29 00:00:00', '2017-06-29 00:00:00', 'Pending', '', '2016-07-19 12:25:26', 31, '2016-07-19 12:25:26', 31),
(725, 63, 'A63T52P35L12', 1500.00, 2, 2016, 0.00, '', 1500.00, 0.00, 0.00, '2016-02-20 00:00:00', '2016-02-20 00:00:00', 'Pending', '', '2016-07-19 01:06:42', 31, '2016-07-19 01:06:42', 31),
(726, 63, 'A63T52P35L12', 1500.00, 3, 2016, 0.00, '', 1500.00, 0.00, 0.00, '2016-03-20 00:00:00', '2016-03-20 00:00:00', 'Pending', '', '2016-07-19 01:06:42', 31, '2016-07-19 01:06:42', 31),
(727, 63, 'A63T52P35L12', 1500.00, 4, 2016, 0.00, '', 1500.00, 0.00, 0.00, '2016-04-20 00:00:00', '2016-04-20 00:00:00', 'Pending', '', '2016-07-19 01:06:42', 31, '2016-07-19 01:06:42', 31),
(728, 63, 'A63T52P35L12', 1500.00, 5, 2016, 0.00, '', 1500.00, 0.00, 0.00, '2016-05-20 00:00:00', '2016-05-20 00:00:00', 'Pending', '', '2016-07-19 01:06:42', 31, '2016-07-19 01:06:42', 31),
(729, 63, 'A63T52P35L12', 1500.00, 6, 2016, 0.00, '', 1500.00, 0.00, 0.00, '2016-06-20 00:00:00', '2016-06-20 00:00:00', 'Pending', '', '2016-07-19 01:06:42', 31, '2016-07-19 01:06:42', 31),
(730, 63, 'A63T52P35L12', 1500.00, 7, 2016, 0.00, '', 1500.00, 0.00, 0.00, '2016-07-20 00:00:00', '2016-07-20 00:00:00', 'Pending', '', '2016-07-19 01:06:42', 31, '2016-07-19 01:06:42', 31),
(731, 63, 'A63T52P35L12', 1500.00, 8, 2016, 0.00, '', 1500.00, 0.00, 0.00, '2016-08-20 00:00:00', '2016-08-20 00:00:00', 'Pending', '', '2016-07-19 01:06:42', 31, '2016-07-19 01:06:42', 31),
(732, 63, 'A63T52P35L12', 1500.00, 9, 2016, 0.00, '', 1500.00, 0.00, 0.00, '2016-09-20 00:00:00', '2016-09-20 00:00:00', 'Pending', '', '2016-07-19 01:06:42', 31, '2016-07-19 01:06:42', 31),
(733, 63, 'A63T52P35L12', 1500.00, 10, 2016, 0.00, '', 1500.00, 0.00, 0.00, '2016-10-20 00:00:00', '2016-10-20 00:00:00', 'Pending', '', '2016-07-19 01:06:42', 31, '2016-07-19 01:06:42', 31),
(734, 63, 'A63T52P35L12', 1500.00, 11, 2016, 0.00, '', 1500.00, 0.00, 0.00, '2016-11-20 00:00:00', '2016-11-20 00:00:00', 'Pending', '', '2016-07-19 01:06:42', 31, '2016-07-19 01:06:42', 31),
(735, 63, 'A63T52P35L12', 1500.00, 12, 2016, 0.00, '', 1500.00, 0.00, 0.00, '2016-12-20 00:00:00', '2016-12-20 00:00:00', 'Pending', '', '2016-07-19 01:06:42', 31, '2016-07-19 01:06:42', 31),
(736, 63, 'A63T52P35L12', 1500.00, 1, 2017, 0.00, '', 1500.00, 0.00, 0.00, '2017-01-20 00:00:00', '2017-01-20 00:00:00', 'Pending', '', '2016-07-19 01:06:42', 31, '2016-07-19 01:06:42', 31),
(737, 63, 'A63T52P35L12', 1500.00, 2, 2017, 0.00, '', 1500.00, 0.00, 0.00, '2017-02-20 00:00:00', '2017-02-20 00:00:00', 'Pending', '', '2016-07-19 01:06:42', 31, '2016-07-19 01:06:42', 31),
(738, 64, 'A64T53P37L14', 1300.00, 10, 2015, 0.00, '', 1300.00, 0.00, 0.00, '2015-10-30 00:00:00', '2015-10-30 00:00:00', 'Pending', '', '2016-07-19 01:10:57', 31, '2016-07-19 01:10:57', 31),
(739, 64, 'A64T53P37L14', 1300.00, 11, 2015, 0.00, '', 1300.00, 0.00, 0.00, '2015-11-30 00:00:00', '2015-11-30 00:00:00', 'Pending', '', '2016-07-19 01:10:57', 31, '2016-07-19 01:10:57', 31),
(740, 64, 'A64T53P37L14', 1300.00, 12, 2015, 0.00, '', 1300.00, 0.00, 0.00, '2015-12-30 00:00:00', '2015-12-30 00:00:00', 'Pending', '', '2016-07-19 01:10:57', 31, '2016-07-19 01:10:57', 31),
(741, 64, 'A64T53P37L14', 1300.00, 1, 2016, 0.00, '', 1300.00, 0.00, 0.00, '2016-01-30 00:00:00', '2016-01-30 00:00:00', 'Pending', '', '2016-07-19 01:10:57', 31, '2016-07-19 01:10:57', 31),
(742, 64, 'A64T53P37L14', 1300.00, 3, 2016, 0.00, '', 1300.00, 0.00, 0.00, '2016-03-30 00:00:00', '2016-03-30 00:00:00', 'Pending', '', '2016-07-19 01:10:57', 31, '2016-07-19 01:10:57', 31),
(743, 64, 'A64T53P37L14', 1300.00, 4, 2016, 0.00, '', 1300.00, 0.00, 0.00, '2016-04-30 00:00:00', '2016-04-30 00:00:00', 'Pending', '', '2016-07-19 01:10:57', 31, '2016-07-19 01:10:57', 31),
(744, 64, 'A64T53P37L14', 1300.00, 5, 2016, 0.00, '', 1300.00, 0.00, 0.00, '2016-05-30 00:00:00', '2016-05-30 00:00:00', 'Pending', '', '2016-07-19 01:10:57', 31, '2016-07-19 01:10:57', 31),
(745, 64, 'A64T53P37L14', 1300.00, 6, 2016, 0.00, '', 1300.00, 0.00, 0.00, '2016-06-30 00:00:00', '2016-06-30 00:00:00', 'Pending', '', '2016-07-19 01:10:57', 31, '2016-07-19 01:10:57', 31),
(746, 64, 'A64T53P37L14', 1300.00, 7, 2016, 0.00, '', 1300.00, 0.00, 0.00, '2016-07-30 00:00:00', '2016-07-30 00:00:00', 'Pending', '', '2016-07-19 01:10:57', 31, '2016-07-19 01:10:57', 31),
(747, 64, 'A64T53P37L14', 1300.00, 8, 2016, 0.00, '', 1300.00, 0.00, 0.00, '2016-08-30 00:00:00', '2016-08-30 00:00:00', 'Pending', '', '2016-07-19 01:10:57', 31, '2016-07-19 01:10:57', 31),
(748, 64, 'A64T53P37L14', 1300.00, 9, 2016, 0.00, '', 1300.00, 0.00, 0.00, '2016-09-30 00:00:00', '2016-09-30 00:00:00', 'Pending', '', '2016-07-19 01:10:57', 31, '2016-07-19 01:10:57', 31),
(749, 64, 'A64T53P37L14', 1300.00, 10, 2016, 0.00, '', 1300.00, 0.00, 0.00, '2016-10-30 00:00:00', '2016-10-30 00:00:00', 'Pending', '', '2016-07-19 01:10:57', 31, '2016-07-19 01:10:57', 31),
(750, 64, 'A64T53P37L14', 1300.00, 11, 2016, 0.00, '', 1300.00, 0.00, 0.00, '2016-11-30 00:00:00', '2016-11-30 00:00:00', 'Pending', '', '2016-07-19 01:10:57', 31, '2016-07-19 01:10:57', 31),
(751, 65, 'A65T54P38L15', 1800.00, 1, 2016, 0.00, '', 1800.00, 0.00, 0.00, '2016-01-10 00:00:00', '2016-01-10 00:00:00', 'Pending', '', '2016-07-19 01:13:28', 31, '2016-07-19 01:13:28', 31),
(752, 65, 'A65T54P38L15', 1800.00, 2, 2016, 0.00, '', 1800.00, 0.00, 0.00, '2016-02-10 00:00:00', '2016-02-10 00:00:00', 'Pending', '', '2016-07-19 01:13:28', 31, '2016-07-19 01:13:28', 31),
(753, 65, 'A65T54P38L15', 1800.00, 3, 2016, 0.00, '', 1800.00, 0.00, 0.00, '2016-03-10 00:00:00', '2016-03-10 00:00:00', 'Pending', '', '2016-07-19 01:13:28', 31, '2016-07-19 01:13:28', 31),
(754, 65, 'A65T54P38L15', 1800.00, 4, 2016, 0.00, '', 1800.00, 0.00, 0.00, '2016-04-10 00:00:00', '2016-04-10 00:00:00', 'Pending', '', '2016-07-19 01:13:28', 31, '2016-07-19 01:13:28', 31),
(755, 65, 'A65T54P38L15', 1800.00, 5, 2016, 0.00, '', 1800.00, 0.00, 0.00, '2016-05-10 00:00:00', '2016-05-10 00:00:00', 'Pending', '', '2016-07-19 01:13:28', 31, '2016-07-19 01:13:28', 31),
(756, 65, 'A65T54P38L15', 1800.00, 6, 2016, 0.00, '', 1800.00, 0.00, 0.00, '2016-06-10 00:00:00', '2016-06-10 00:00:00', 'Pending', '', '2016-07-19 01:13:28', 31, '2016-07-19 01:13:28', 31),
(757, 65, 'A65T54P38L15', 1800.00, 7, 2016, 0.00, '', 1800.00, 0.00, 0.00, '2016-07-10 00:00:00', '2016-07-10 00:00:00', 'Pending', '', '2016-07-19 01:13:28', 31, '2016-07-19 01:13:28', 31),
(758, 65, 'A65T54P38L15', 1800.00, 8, 2016, 0.00, '', 1800.00, 0.00, 0.00, '2016-08-10 00:00:00', '2016-08-10 00:00:00', 'Pending', '', '2016-07-19 01:13:28', 31, '2016-07-19 01:13:28', 31),
(759, 65, 'A65T54P38L15', 1800.00, 9, 2016, 0.00, '', 1800.00, 0.00, 0.00, '2016-09-10 00:00:00', '2016-09-10 00:00:00', 'Pending', '', '2016-07-19 01:13:28', 31, '2016-07-19 01:13:28', 31),
(760, 65, 'A65T54P38L15', 1800.00, 10, 2016, 0.00, '', 1800.00, 0.00, 0.00, '2016-10-10 00:00:00', '2016-10-10 00:00:00', 'Pending', '', '2016-07-19 01:13:28', 31, '2016-07-19 01:13:28', 31),
(761, 65, 'A65T54P38L15', 1800.00, 11, 2016, 0.00, '', 1800.00, 0.00, 0.00, '2016-11-10 00:00:00', '2016-11-10 00:00:00', 'Pending', '', '2016-07-19 01:13:28', 31, '2016-07-19 01:13:28', 31),
(762, 65, 'A65T54P38L15', 1800.00, 12, 2016, 0.00, '', 1800.00, 0.00, 0.00, '2016-12-10 00:00:00', '2016-12-10 00:00:00', 'Pending', '', '2016-07-19 01:13:28', 31, '2016-07-19 01:13:28', 31),
(763, 65, 'A65T54P38L15', 1800.00, 1, 2017, 0.00, '', 1800.00, 0.00, 0.00, '2017-01-10 00:00:00', '2017-01-10 00:00:00', 'Pending', '', '2016-07-19 01:13:28', 31, '2016-07-19 01:13:28', 31),
(764, 66, 'A66T97P64L89', 1700.00, 5, 2016, 0.00, '', 1700.00, 0.00, 0.00, '2016-05-15 00:00:00', '2016-05-15 00:00:00', 'Pending', '', '2016-07-19 01:16:48', 31, '2016-07-19 01:16:48', 31),
(765, 66, 'A66T97P64L89', 1700.00, 6, 2016, 0.00, '', 1700.00, 0.00, 0.00, '2016-06-15 00:00:00', '2016-06-15 00:00:00', 'Pending', '', '2016-07-19 01:16:48', 31, '2016-07-19 01:16:48', 31),
(766, 66, 'A66T97P64L89', 1700.00, 7, 2016, 0.00, '', 1700.00, 0.00, 0.00, '2016-07-15 00:00:00', '2016-07-15 00:00:00', 'Pending', '', '2016-07-19 01:16:48', 31, '2016-07-19 01:16:48', 31),
(767, 66, 'A66T97P64L89', 1700.00, 8, 2016, 0.00, '', 1700.00, 0.00, 0.00, '2016-08-15 00:00:00', '2016-08-15 00:00:00', 'Pending', '', '2016-07-19 01:16:48', 31, '2016-07-19 01:16:48', 31),
(768, 66, 'A66T97P64L89', 1700.00, 9, 2016, 0.00, '', 1700.00, 0.00, 0.00, '2016-09-15 00:00:00', '2016-09-15 00:00:00', 'Pending', '', '2016-07-19 01:16:48', 31, '2016-07-19 01:16:48', 31),
(769, 66, 'A66T97P64L89', 1700.00, 10, 2016, 0.00, '', 1700.00, 0.00, 0.00, '2016-10-15 00:00:00', '2016-10-15 00:00:00', 'Pending', '', '2016-07-19 01:16:48', 31, '2016-07-19 01:16:48', 31),
(770, 66, 'A66T97P64L89', 1700.00, 11, 2016, 0.00, '', 1700.00, 0.00, 0.00, '2016-11-15 00:00:00', '2016-11-15 00:00:00', 'Pending', '', '2016-07-19 01:16:48', 31, '2016-07-19 01:16:48', 31),
(771, 66, 'A66T97P64L89', 1700.00, 12, 2016, 0.00, '', 1700.00, 0.00, 0.00, '2016-12-15 00:00:00', '2016-12-15 00:00:00', 'Pending', '', '2016-07-19 01:16:48', 31, '2016-07-19 01:16:48', 31),
(772, 66, 'A66T97P64L89', 1700.00, 1, 2017, 0.00, '', 1700.00, 0.00, 0.00, '2017-01-15 00:00:00', '2017-01-15 00:00:00', 'Pending', '', '2016-07-19 01:16:48', 31, '2016-07-19 01:16:48', 31),
(773, 66, 'A66T97P64L89', 1700.00, 2, 2017, 0.00, '', 1700.00, 0.00, 0.00, '2017-02-15 00:00:00', '2017-02-15 00:00:00', 'Pending', '', '2016-07-19 01:16:48', 31, '2016-07-19 01:16:48', 31),
(774, 66, 'A66T97P64L89', 1700.00, 3, 2017, 0.00, '', 1700.00, 0.00, 0.00, '2017-03-15 00:00:00', '2017-03-15 00:00:00', 'Pending', '', '2016-07-19 01:16:48', 31, '2016-07-19 01:16:48', 31),
(775, 66, 'A66T97P64L89', 1700.00, 4, 2017, 0.00, '', 1700.00, 0.00, 0.00, '2017-04-15 00:00:00', '2017-04-15 00:00:00', 'Pending', '', '2016-07-19 01:16:48', 31, '2016-07-19 01:16:48', 31),
(776, 66, 'A66T97P64L89', 1700.00, 5, 2017, 0.00, '', 1700.00, 0.00, 0.00, '2017-05-15 00:00:00', '2017-05-15 00:00:00', 'Pending', '', '2016-07-19 01:16:48', 31, '2016-07-19 01:16:48', 31),
(777, 67, 'A67T56P42L19', 1300.00, 10, 2015, 0.00, '', 1300.00, 0.00, 0.00, '2015-10-21 00:00:00', '2015-10-21 00:00:00', 'Pending', '', '2016-07-19 01:23:30', 31, '2016-07-19 01:23:30', 31),
(778, 67, 'A67T56P42L19', 1300.00, 11, 2015, 0.00, '', 1300.00, 0.00, 0.00, '2015-11-21 00:00:00', '2015-11-21 00:00:00', 'Pending', '', '2016-07-19 01:23:30', 31, '2016-07-19 01:23:30', 31),
(779, 67, 'A67T56P42L19', 1300.00, 12, 2015, 0.00, '', 1300.00, 0.00, 0.00, '2015-12-21 00:00:00', '2015-12-21 00:00:00', 'Pending', '', '2016-07-19 01:23:30', 31, '2016-07-19 01:23:30', 31),
(780, 67, 'A67T56P42L19', 1300.00, 1, 2016, 0.00, '', 1300.00, 0.00, 0.00, '2016-01-21 00:00:00', '2016-01-21 00:00:00', 'Pending', '', '2016-07-19 01:23:30', 31, '2016-07-19 01:23:30', 31),
(781, 67, 'A67T56P42L19', 1300.00, 2, 2016, 0.00, '', 1300.00, 0.00, 0.00, '2016-02-21 00:00:00', '2016-02-21 00:00:00', 'Pending', '', '2016-07-19 01:23:30', 31, '2016-07-19 01:23:30', 31),
(782, 67, 'A67T56P42L19', 1300.00, 3, 2016, 0.00, '', 1300.00, 0.00, 0.00, '2016-03-21 00:00:00', '2016-03-21 00:00:00', 'Pending', '', '2016-07-19 01:23:30', 31, '2016-07-19 01:23:30', 31),
(783, 67, 'A67T56P42L19', 1300.00, 4, 2016, 0.00, '', 1300.00, 0.00, 0.00, '2016-04-21 00:00:00', '2016-04-21 00:00:00', 'Pending', '', '2016-07-19 01:23:30', 31, '2016-07-19 01:23:30', 31),
(784, 67, 'A67T56P42L19', 1300.00, 5, 2016, 0.00, '', 1300.00, 0.00, 0.00, '2016-05-21 00:00:00', '2016-05-21 00:00:00', 'Pending', '', '2016-07-19 01:23:30', 31, '2016-07-19 01:23:30', 31),
(785, 67, 'A67T56P42L19', 1300.00, 6, 2016, 0.00, '', 1300.00, 0.00, 0.00, '2016-06-21 00:00:00', '2016-06-21 00:00:00', 'Pending', '', '2016-07-19 01:23:30', 31, '2016-07-19 01:23:30', 31),
(786, 67, 'A67T56P42L19', 1300.00, 7, 2016, 0.00, '', 1300.00, 0.00, 0.00, '2016-07-21 00:00:00', '2016-07-21 00:00:00', 'Pending', '', '2016-07-19 01:23:30', 31, '2016-07-19 01:23:30', 31),
(787, 67, 'A67T56P42L19', 1300.00, 8, 2016, 0.00, '', 1300.00, 0.00, 0.00, '2016-08-21 00:00:00', '2016-08-21 00:00:00', 'Pending', '', '2016-07-19 01:23:30', 31, '2016-07-19 01:23:30', 31),
(788, 67, 'A67T56P42L19', 1300.00, 9, 2016, 0.00, '', 1300.00, 0.00, 0.00, '2016-09-21 00:00:00', '2016-09-21 00:00:00', 'Pending', '', '2016-07-19 01:23:30', 31, '2016-07-19 01:23:30', 31),
(789, 67, 'A67T56P42L19', 1300.00, 10, 2016, 0.00, '', 1300.00, 0.00, 0.00, '2016-10-21 00:00:00', '2016-10-21 00:00:00', 'Pending', '', '2016-07-19 01:23:30', 31, '2016-07-19 01:23:30', 31),
(790, 68, 'A68T57P43L20', 950.00, 10, 2015, 0.00, '', 950.00, 0.00, 0.00, '2015-10-04 00:00:00', '2015-10-04 00:00:00', 'Pending', '', '2016-07-19 01:27:20', 31, '2016-07-19 01:27:20', 31),
(791, 68, 'A68T57P43L20', 950.00, 11, 2015, 0.00, '', 950.00, 0.00, 0.00, '2015-11-04 00:00:00', '2015-11-04 00:00:00', 'Pending', '', '2016-07-19 01:27:20', 31, '2016-07-19 01:27:20', 31),
(792, 68, 'A68T57P43L20', 950.00, 12, 2015, 0.00, '', 950.00, 0.00, 0.00, '2015-12-04 00:00:00', '2015-12-04 00:00:00', 'Pending', '', '2016-07-19 01:27:20', 31, '2016-07-19 01:27:20', 31),
(793, 68, 'A68T57P43L20', 950.00, 1, 2016, 0.00, '', 950.00, 0.00, 0.00, '2016-01-04 00:00:00', '2016-01-04 00:00:00', 'Pending', '', '2016-07-19 01:27:20', 31, '2016-07-19 01:27:20', 31),
(794, 68, 'A68T57P43L20', 950.00, 2, 2016, 0.00, '', 950.00, 0.00, 0.00, '2016-02-04 00:00:00', '2016-02-04 00:00:00', 'Pending', '', '2016-07-19 01:27:20', 31, '2016-07-19 01:27:20', 31),
(795, 68, 'A68T57P43L20', 950.00, 3, 2016, 0.00, '', 950.00, 0.00, 0.00, '2016-03-04 00:00:00', '2016-03-04 00:00:00', 'Pending', '', '2016-07-19 01:27:20', 31, '2016-07-19 01:27:20', 31),
(796, 68, 'A68T57P43L20', 950.00, 4, 2016, 0.00, '', 950.00, 0.00, 0.00, '2016-04-04 00:00:00', '2016-04-04 00:00:00', 'Pending', '', '2016-07-19 01:27:20', 31, '2016-07-19 01:27:20', 31),
(797, 68, 'A68T57P43L20', 950.00, 5, 2016, 0.00, '', 950.00, 0.00, 0.00, '2016-05-04 00:00:00', '2016-05-04 00:00:00', 'Pending', '', '2016-07-19 01:27:20', 31, '2016-07-19 01:27:20', 31),
(798, 68, 'A68T57P43L20', 950.00, 6, 2016, 0.00, '', 950.00, 0.00, 0.00, '2016-06-04 00:00:00', '2016-06-04 00:00:00', 'Pending', '', '2016-07-19 01:27:20', 31, '2016-07-19 01:27:20', 31),
(799, 68, 'A68T57P43L20', 950.00, 7, 2016, 0.00, '', 950.00, 0.00, 0.00, '2016-07-04 00:00:00', '2016-07-04 00:00:00', 'Pending', '', '2016-07-19 01:27:20', 31, '2016-07-19 01:27:20', 31),
(800, 68, 'A68T57P43L20', 950.00, 8, 2016, 0.00, '', 950.00, 0.00, 0.00, '2016-08-04 00:00:00', '2016-08-04 00:00:00', 'Pending', '', '2016-07-19 01:27:20', 31, '2016-07-19 01:27:20', 31),
(801, 68, 'A68T57P43L20', 950.00, 9, 2016, 0.00, '', 950.00, 0.00, 0.00, '2016-09-04 00:00:00', '2016-09-04 00:00:00', 'Pending', '', '2016-07-19 01:27:20', 31, '2016-07-19 01:27:20', 31),
(802, 68, 'A68T57P43L20', 950.00, 10, 2016, 0.00, '', 950.00, 0.00, 0.00, '2016-10-04 00:00:00', '2016-10-04 00:00:00', 'Pending', '', '2016-07-19 01:27:20', 31, '2016-07-19 01:27:20', 31),
(803, 69, 'A69T96P62L85', 1780.00, 5, 2016, 0.00, '', 1780.00, 0.00, 0.00, '2016-05-10 00:00:00', '2016-05-10 00:00:00', 'Pending', '', '2016-07-19 01:34:49', 31, '2016-07-19 01:34:49', 31),
(804, 69, 'A69T96P62L85', 1780.00, 6, 2016, 0.00, '', 1780.00, 0.00, 0.00, '2016-06-10 00:00:00', '2016-06-10 00:00:00', 'Pending', '', '2016-07-19 01:34:49', 31, '2016-07-19 01:34:49', 31),
(805, 69, 'A69T96P62L85', 1780.00, 7, 2016, 0.00, '', 1780.00, 0.00, 0.00, '2016-07-10 00:00:00', '2016-07-10 00:00:00', 'Pending', '', '2016-07-19 01:34:49', 31, '2016-07-19 01:34:49', 31),
(806, 69, 'A69T96P62L85', 1780.00, 8, 2016, 0.00, '', 1780.00, 0.00, 0.00, '2016-08-10 00:00:00', '2016-08-10 00:00:00', 'Pending', '', '2016-07-19 01:34:49', 31, '2016-07-19 01:34:49', 31),
(807, 69, 'A69T96P62L85', 1780.00, 9, 2016, 0.00, '', 1780.00, 0.00, 0.00, '2016-09-10 00:00:00', '2016-09-10 00:00:00', 'Pending', '', '2016-07-19 01:34:49', 31, '2016-07-19 01:34:49', 31),
(808, 69, 'A69T96P62L85', 1780.00, 10, 2016, 0.00, '', 1780.00, 0.00, 0.00, '2016-10-10 00:00:00', '2016-10-10 00:00:00', 'Pending', '', '2016-07-19 01:34:49', 31, '2016-07-19 01:34:49', 31),
(809, 69, 'A69T96P62L85', 1780.00, 11, 2016, 0.00, '', 1780.00, 0.00, 0.00, '2016-11-10 00:00:00', '2016-11-10 00:00:00', 'Pending', '', '2016-07-19 01:34:49', 31, '2016-07-19 01:34:49', 31),
(810, 69, 'A69T96P62L85', 1780.00, 12, 2016, 0.00, '', 1780.00, 0.00, 0.00, '2016-12-10 00:00:00', '2016-12-10 00:00:00', 'Pending', '', '2016-07-19 01:34:49', 31, '2016-07-19 01:34:49', 31),
(811, 69, 'A69T96P62L85', 1780.00, 1, 2017, 0.00, '', 1780.00, 0.00, 0.00, '2017-01-10 00:00:00', '2017-01-10 00:00:00', 'Pending', '', '2016-07-19 01:34:49', 31, '2016-07-19 01:34:49', 31),
(812, 69, 'A69T96P62L85', 1780.00, 2, 2017, 0.00, '', 1780.00, 0.00, 0.00, '2017-02-10 00:00:00', '2017-02-10 00:00:00', 'Pending', '', '2016-07-19 01:34:49', 31, '2016-07-19 01:34:49', 31),
(813, 69, 'A69T96P62L85', 1780.00, 3, 2017, 0.00, '', 1780.00, 0.00, 0.00, '2017-03-10 00:00:00', '2017-03-10 00:00:00', 'Pending', '', '2016-07-19 01:34:49', 31, '2016-07-19 01:34:49', 31),
(814, 69, 'A69T96P62L85', 1780.00, 4, 2017, 0.00, '', 1780.00, 0.00, 0.00, '2017-04-10 00:00:00', '2017-04-10 00:00:00', 'Pending', '', '2016-07-19 01:34:49', 31, '2016-07-19 01:34:49', 31),
(815, 69, 'A69T96P62L85', 1780.00, 5, 2017, 0.00, '', 1780.00, 0.00, 0.00, '2017-05-10 00:00:00', '2017-05-10 00:00:00', 'Pending', '', '2016-07-19 01:34:49', 31, '2016-07-19 01:34:49', 31),
(816, 70, 'A70T93P44L21', 1150.00, 5, 2016, 0.00, '', 1150.00, 0.00, 0.00, '2016-05-12 00:00:00', '2016-05-12 00:00:00', 'Pending', '', '2016-07-19 01:39:51', 31, '2016-07-19 01:39:51', 31),
(817, 70, 'A70T93P44L21', 1150.00, 6, 2016, 0.00, '', 1150.00, 0.00, 0.00, '2016-06-12 00:00:00', '2016-06-12 00:00:00', 'Pending', '', '2016-07-19 01:39:51', 31, '2016-07-19 01:39:51', 31),
(818, 70, 'A70T93P44L21', 1150.00, 7, 2016, 0.00, '', 1150.00, 0.00, 0.00, '2016-07-12 00:00:00', '2016-07-12 00:00:00', 'Pending', '', '2016-07-19 01:39:51', 31, '2016-07-19 01:39:51', 31),
(819, 70, 'A70T93P44L21', 1150.00, 8, 2016, 0.00, '', 1150.00, 0.00, 0.00, '2016-08-12 00:00:00', '2016-08-12 00:00:00', 'Pending', '', '2016-07-19 01:39:51', 31, '2016-07-19 01:39:51', 31),
(820, 70, 'A70T93P44L21', 1150.00, 9, 2016, 0.00, '', 1150.00, 0.00, 0.00, '2016-09-12 00:00:00', '2016-09-12 00:00:00', 'Pending', '', '2016-07-19 01:39:51', 31, '2016-07-19 01:39:51', 31),
(821, 70, 'A70T93P44L21', 1150.00, 10, 2016, 0.00, '', 1150.00, 0.00, 0.00, '2016-10-12 00:00:00', '2016-10-12 00:00:00', 'Pending', '', '2016-07-19 01:39:51', 31, '2016-07-19 01:39:51', 31),
(822, 70, 'A70T93P44L21', 1150.00, 11, 2016, 0.00, '', 1150.00, 0.00, 0.00, '2016-11-12 00:00:00', '2016-11-12 00:00:00', 'Pending', '', '2016-07-19 01:39:51', 31, '2016-07-19 01:39:51', 31),
(823, 70, 'A70T93P44L21', 1150.00, 12, 2016, 0.00, '', 1150.00, 0.00, 0.00, '2016-12-12 00:00:00', '2016-12-12 00:00:00', 'Pending', '', '2016-07-19 01:39:51', 31, '2016-07-19 01:39:51', 31),
(824, 70, 'A70T93P44L21', 1150.00, 1, 2017, 0.00, '', 1150.00, 0.00, 0.00, '2017-01-12 00:00:00', '2017-01-12 00:00:00', 'Pending', '', '2016-07-19 01:39:51', 31, '2016-07-19 01:39:51', 31),
(825, 70, 'A70T93P44L21', 1150.00, 2, 2017, 0.00, '', 1150.00, 0.00, 0.00, '2017-02-12 00:00:00', '2017-02-12 00:00:00', 'Pending', '', '2016-07-19 01:39:51', 31, '2016-07-19 01:39:51', 31),
(826, 70, 'A70T93P44L21', 1150.00, 3, 2017, 0.00, '', 1150.00, 0.00, 0.00, '2017-03-12 00:00:00', '2017-03-12 00:00:00', 'Pending', '', '2016-07-19 01:39:51', 31, '2016-07-19 01:39:51', 31),
(827, 70, 'A70T93P44L21', 1150.00, 4, 2017, 0.00, '', 1150.00, 0.00, 0.00, '2017-04-12 00:00:00', '2017-04-12 00:00:00', 'Pending', '', '2016-07-19 01:39:51', 31, '2016-07-19 01:39:51', 31),
(828, 70, 'A70T93P44L21', 1150.00, 5, 2017, 0.00, '', 1150.00, 0.00, 0.00, '2017-05-12 00:00:00', '2017-05-12 00:00:00', 'Pending', '', '2016-07-19 01:39:51', 31, '2016-07-19 01:39:51', 31);

-- --------------------------------------------------------

--
-- Table structure for table `rentbillotherfees`
--

CREATE TABLE IF NOT EXISTS `rentbillotherfees` (
  `rentbillotherfeesId` int(10) NOT NULL AUTO_INCREMENT,
  `rentbillId` int(10) NOT NULL,
  `sign` varchar(1) NOT NULL,
  `title` varchar(100) NOT NULL,
  `amount` float(7,2) NOT NULL,
  `addedBy` int(10) NOT NULL,
  `addedDate` datetime NOT NULL,
  `modifyDate` datetime NOT NULL,
  `modifyBy` int(10) NOT NULL,
  PRIMARY KEY (`rentbillotherfeesId`)
) ENGINE=InnoDB  DEFAULT CHARSET=latin1 AUTO_INCREMENT=5 ;

--
-- Dumping data for table `rentbillotherfees`
--

INSERT INTO `rentbillotherfees` (`rentbillotherfeesId`, `rentbillId`, `sign`, `title`, `amount`, `addedBy`, `addedDate`, `modifyDate`, `modifyBy`) VALUES
(1, 2, '', 'Plumbinh', 50.00, 31, '2016-02-10 04:45:35', '0000-00-00 00:00:00', 0),
(3, 284, '-', 'Works', 341.48, 31, '2016-06-10 03:03:39', '0000-00-00 00:00:00', 0),
(4, 295, '', 'Electric Bills', 30.00, 31, '2016-06-18 01:47:09', '0000-00-00 00:00:00', 0);

-- --------------------------------------------------------

--
-- Table structure for table `rents`
--

CREATE TABLE IF NOT EXISTS `rents` (
  `rentsId` int(10) NOT NULL AUTO_INCREMENT,
  `propertyId` int(10) NOT NULL,
  `applicantId` int(10) NOT NULL,
  `rentMonths` int(2) NOT NULL,
  `rentYears` int(4) NOT NULL,
  `amount` int(4) NOT NULL,
  `Arrears` int(5) NOT NULL,
  `TotalPayble` int(5) NOT NULL,
  `ReceivedAmount` int(5) NOT NULL,
  `Due` int(5) NOT NULL,
  `amountStatus` varchar(10) CHARACTER SET utf8 COLLATE utf8_unicode_ci NOT NULL,
  `llAmount` int(4) NOT NULL,
  `llAmountStatus` varchar(10) CHARACTER SET utf8 COLLATE utf8_unicode_ci NOT NULL,
  `profit` int(4) NOT NULL,
  `contractStatus` varchar(10) CHARACTER SET utf8 COLLATE utf8_unicode_ci NOT NULL,
  `remarks` varchar(250) CHARACTER SET utf8 COLLATE utf8_unicode_ci NOT NULL,
  `addedDate` datetime NOT NULL,
  `addedBy` int(10) NOT NULL,
  `modifyDate` datetime NOT NULL,
  `modifyBy` int(10) NOT NULL,
  PRIMARY KEY (`rentsId`)
) ENGINE=MyISAM  DEFAULT CHARSET=latin1 AUTO_INCREMENT=8 ;

-- --------------------------------------------------------

--
-- Table structure for table `settings`
--

CREATE TABLE IF NOT EXISTS `settings` (
  `settingsId` int(11) NOT NULL AUTO_INCREMENT,
  `keyword` varchar(200) NOT NULL,
  `value` text NOT NULL,
  `system` tinyint(1) NOT NULL DEFAULT '0',
  PRIMARY KEY (`settingsId`)
) ENGINE=MyISAM  DEFAULT CHARSET=latin1 AUTO_INCREMENT=15 ;

--
-- Dumping data for table `settings`
--

INSERT INTO `settings` (`settingsId`, `keyword`, `value`, `system`) VALUES
(1, 'email', 'info@rowflex.co.uk', 0),
(2, 'metaKey', 'rowflex valuation sales lettings management London ', 0),
(3, 'metaDescription', 'rowflex', 0),
(4, 'siteTitle', 'rowflex', 0),
(5, 'pageCount', '25', 1),
(6, 'homePageId', ' 26', 1),
(7, 'Deactivate Site', '0', 1),
(8, 'Deactivate Message', 'Site Temporarily Under Construction .', 1),
(9, 'Validate Wtos', 'not in use', 1),
(10, 'Validate WtosMessage', 'Please contact admin@webtrackers.co.in to enjoy uninterrupted service.', 1),
(11, 'Validate WtosDate', '==gMwEDOtATMtEDM', 1),
(12, 'Deactivate Date', '2019-07-05', 1),
(13, 'language', '2', 1),
(14, 'Styles', '', 0);

-- --------------------------------------------------------

--
-- Table structure for table `sliderimage`
--

CREATE TABLE IF NOT EXISTS `sliderimage` (
  `sliderImageId` int(11) NOT NULL AUTO_INCREMENT,
  `title` varchar(255) NOT NULL,
  `image` varchar(255) NOT NULL,
  `caption` varchar(255) NOT NULL,
  `langId` int(11) NOT NULL,
  `addedBy` int(11) NOT NULL,
  `addedDate` datetime NOT NULL,
  `active` tinyint(1) NOT NULL,
  PRIMARY KEY (`sliderImageId`)
) ENGINE=MyISAM  DEFAULT CHARSET=latin1 AUTO_INCREMENT=14 ;

--
-- Dumping data for table `sliderimage`
--

INSERT INTO `sliderimage` (`sliderImageId`, `title`, `image`, `caption`, `langId`, `addedBy`, `addedDate`, `active`) VALUES
(2, '', 'wtos-images/fire_autumn_wallpaper_autumn_nature_wallpaper_1920_1200_widescreen_1452.jpg', '', 0, 26, '2013-03-20 08:48:56', 0),
(5, '', 'wtos-images/Nature Mountains photo.jpg', '', 0, 26, '2013-03-20 08:48:42', 0),
(6, '', 'wtos-images/nature6.jpg', '', 0, 26, '2013-03-20 08:48:49', 0),
(7, '', 'wtos-images/Nature-Full-HD-Wallpaper-national-geographic-7822261-1920-1080.jpg', '', 0, 26, '2013-03-20 08:49:02', 0),
(8, '', 'wtos-images/nature-hd-wallpapers-water.jpg', '', 0, 26, '2013-03-20 08:49:09', 0),
(10, '', 'wtos-images/nature-landscapes-windows-beautiful-wallpaper.jpg', '', 0, 26, '2013-03-20 08:50:03', 0),
(11, '', 'wtos-images/Nature-Spring-Season-Bright-hd-wallpaper.jpg', '', 0, 26, '2013-03-20 08:50:09', 0),
(12, '', 'wtos-images/nature-wallpaper-467926482.jpg', '', 0, 26, '2013-03-20 08:50:15', 0),
(13, '', 'wtos-images/wallpapers-nature-images-artistic-115115.jpg', '', 2, 26, '2013-03-20 08:50:20', 0);

-- --------------------------------------------------------

--
-- Table structure for table `staff`
--

CREATE TABLE IF NOT EXISTS `staff` (
  `staffId` int(10) NOT NULL AUTO_INCREMENT,
  `name` varchar(200) COLLATE utf8_unicode_ci NOT NULL,
  `designation` varchar(200) COLLATE utf8_unicode_ci NOT NULL,
  `status` varchar(200) COLLATE utf8_unicode_ci NOT NULL,
  `addedDate` datetime NOT NULL,
  `addedBy` int(10) NOT NULL,
  `modifyDate` datetime NOT NULL,
  `modifyBy` int(10) NOT NULL,
  PRIMARY KEY (`staffId`)
) ENGINE=InnoDB DEFAULT CHARSET=utf8 COLLATE=utf8_unicode_ci AUTO_INCREMENT=1 ;

-- --------------------------------------------------------

--
-- Table structure for table `style`
--

CREATE TABLE IF NOT EXISTS `style` (
  `styleId` int(11) NOT NULL AUTO_INCREMENT,
  `title` varchar(25) NOT NULL,
  `css` text NOT NULL,
  `addedBy` int(11) NOT NULL,
  `addedDate` datetime NOT NULL,
  `active` tinyint(1) NOT NULL,
  PRIMARY KEY (`styleId`)
) ENGINE=InnoDB  DEFAULT CHARSET=latin1 AUTO_INCREMENT=2 ;

--
-- Dumping data for table `style`
--

INSERT INTO `style` (`styleId`, `title`, `css`, `addedBy`, `addedDate`, `active`) VALUES
(1, 'Red Border 1px', 'border:1px solid #FF0000;', 26, '2013-02-27 07:31:54', 0);

-- --------------------------------------------------------

--
-- Table structure for table `wtbox`
--

CREATE TABLE IF NOT EXISTS `wtbox` (
  `wtboxId` int(11) NOT NULL AUTO_INCREMENT,
  `title` varchar(20) NOT NULL,
  `accessKey` varchar(20) NOT NULL,
  `langId` int(11) NOT NULL,
  `css` text NOT NULL,
  `container` varchar(20) NOT NULL,
  `content` text NOT NULL,
  `tinymce` tinyint(1) NOT NULL,
  `addedBy` int(11) NOT NULL,
  `addedDate` datetime NOT NULL,
  `active` tinyint(1) NOT NULL,
  `system` tinyint(1) NOT NULL DEFAULT '0',
  PRIMARY KEY (`wtboxId`)
) ENGINE=InnoDB  DEFAULT CHARSET=latin1 AUTO_INCREMENT=4 ;

--
-- Dumping data for table `wtbox`
--

INSERT INTO `wtbox` (`wtboxId`, `title`, `accessKey`, `langId`, `css`, `container`, `content`, `tinymce`, `addedBy`, `addedDate`, `active`, `system`) VALUES
(1, 'Holiday Lets', 'holidayLets', 1, '', '', '<div class="block"><a href="#"><img alt="" src="../wtos-images/Holiday_Lets.png" /></a>\r\n<h2>Holiday Lets</h2>\r\n<p>Rowflex Holiday Homes, provides a range of affordable self service holiday accommodation. (Short Let Accommodation) tions in and around London, ranging from single rooms, en suite rooms ...</p>\r\n<a class="button" href="#">Read More</a></div>', 1, 31, '2016-07-21 12:34:40', 0, 0),
(2, 'Morgages', 'morgagesBox', 2, '', '', '<div class="block"><a href="#"><img alt="" src="../wtos-images/Mortgages.png" /></a>\r\n<h2>Mortgages</h2>\r\n<p>We realise that in this current economic climate your mortgage is one of the most important aspects of the property transaction. You need a mortgage that is tailored to your lifestyle and income, so that ...</p>\r\n<a class="button" href="#">Read More</a></div>', 1, 31, '2016-07-21 12:37:36', 0, 0),
(3, 'Landlord Box', 'landlordBox', 1, '', '', '<div class="block"><a href="holidayLets"><img alt="" src="../wtos-images/Landlords.png" /></a>\r\n<h2>Landlords</h2>\r\n<p>At Rowflex we guarantee any landlord the best tenants that will look after your property like their own, because we are always there to make sure your property stays the same, to gain market value...</p>\r\n<a class="button" href="holidayLets">Read More</a></div>', 1, 31, '2016-07-25 02:43:10', 0, 0);

/*!40101 SET CHARACTER_SET_CLIENT=@OLD_CHARACTER_SET_CLIENT */;
/*!40101 SET CHARACTER_SET_RESULTS=@OLD_CHARACTER_SET_RESULTS */;
/*!40101 SET COLLATION_CONNECTION=@OLD_COLLATION_CONNECTION */;
